Name,License number,Address,Start of validity,End of validity,latitude,longitude,scrape_status,maps_place,maps_url
"""MA-MA-LA"" Bt.",DKE1700000071,"1031 Budapest, Nánási út 24/A.",2024.05.24,2033.06.30,47.5716236,19.0614638,ok,"Budapest, Nánási út 24a, 1031 Hungary","https://www.google.com/maps/place/Budapest,+N%C3%A1n%C3%A1si+%C3%BAt+24a,+1031+Hungary/@47.5716236,19.0614638,17z/data=!3m1!4b1!4m6!3m5!1s0x4741d98efbc979f5:0x9e7ba33d56ff6849!8m2!3d47.5716236!4d19.0614638!16s%2Fg%2F11j6zkyp50?hl=en&entry=ttu&g_ep=EgoyMDI2MDkwOS4wIKXMDSoASAFQAw%3D%3D"
"""PAUL"" Kiskereskedelmi Bt.",DKE1600000043,1071 Budapest 07. ker. Rottenbiller utca 49.,2013.07.01,2033.06.30,47.5068268,19.0728332,ok,"Budapest, Rottenbiller u. 49, 1071 Hungary","https://www.google.com/maps/place/Budapest,+Rottenbiller+u.+49,+1071+Hungary/@47.5068268,19.0728332,17z/data=!3m1!4b1!4m6!3m5!1s0x4741dc7a962f6f19:0x3c44906c92b56745!8m2!3d47.5068268!4d19.0728332!16s%2Fg%2F11j8x2nw1g?hl=en&entry=ttu&g_ep=EgoyMDI2MDkwOS4wIKXMDSoASAFQAw%3D%3D"
"""REMYVERA"" kereskedelmi és Szolgáltató Bt.",DKE1600000034,1157 Budapest 15. ker. Zsókavár utca 43-47 fszt,2013.07.01,2033.06.30,47.5403101,19.1437252,ok,"Budapest, Zsókavár u. 43, 1157 Hungary","https://www.google.com/maps/place/Budapest,+Zs%C3%B3kav%C3%A1r+u.+43,+1157+Hungary/@47.5403101,19.1437252,17z/data=!3m1!4b1!4m6!3m5!1s0x4741db217343f613:0x57d3d8b336e6ccd2!8m2!3d47.5403101!4d19.1437252!16s%2Fg%2F11jn4f0msn?hl=en&entry=ttu&g_ep=EgoyMDI2MDkwOS4wIKXMDSoASAFQAw%3D%3D"
1x1x1 Bt.,DKE1010000313,1113 Budapest 11. ker. Villányi út 6.,2013.07.01,2033.06.30,47.477878,19.0451389,ok,"Budapest, Villányi út 6, 1114 Hungary","https://www.google.com/maps/place/Budapest,+Vill%C3%A1nyi+%C3%BAt+6,+1114+Hungary/@47.477878,19.0451389,17z/data=!3m1!4b1!4m6!3m5!1s0x4741dd1186e72641:0xf8211b89ea187209!8m2!3d47.477878!4d19.0451389!16s%2Fg%2F11lv8f91_c?hl=en&entry=ttu&g_ep=EgoyMDI2MDkwOS4wIKXMDSoASAFQAw%3D%3D"
1x1x1 Bt.,DKE1010000314,1115 Budapest 11. ker. Etele tér gyalogos aluljáró 128/20,2013.07.01,2033.06.30,,,no_place,,"https://www.google.com/maps/search/1115+Budapest+11.+ker.+Etele+t%C3%A9r+gyalogos+alulj%C3%A1r%C3%B3+128%2F20/@47.46223,19.0268808,15z/data=!3m1!4b1?hl=en&entry=ttu&g_ep=EgoyMDI2MDkwOS4wIKXMDSoASAFQAw%3D%3D"
2Bacco Bt.,DKE1700000172,"1028 Budapest, Hidegkúti út 76/A.",2023.04.26,2033.06.30,47.5521699,18.964531,ok,"Budapest, Hidegkúti út 76a, 1028 Hungary","https://www.google.com/maps/place/Budapest,+Hidegk%C3%BAti+%C3%BAt+76a,+1028+Hungary/@47.5521699,18.964531,17z/data=!3m1!4b1!4m6!3m5!1s0x4741d8be589139c5:0x28024aa560371be!8m2!3d47.5521699!4d18.964531!16s%2Fg%2F11jxbdjn85?hl=en&entry=ttu&g_ep=EgoyMDI2MDkwOS4wIKXMDSoASAFQAw%3D%3D"
Abullding Pipa Bt,Dke1010000207,1211 Budapest 21. ker. Karácsony Sándor utca 10/A.,2013.07.01,2033.06.30,47.4269958,19.0688668,ok,"Budapest, Karácsony Sándor u. 10/A, 1211 Hungary","https://www.google.com/maps/place/Budapest,+Kar%C3%A1csony+S%C3%A1ndor+u.+10%2FA,+1211+Hungary/@47.4269958,19.0688668,17z/data=!3m1!4b1!4m6!3m5!1s0x4741e7f184e40551:0xb965e440266c6aa!8m2!3d47.4269958!4d19.0688668!16s%2Fg%2F11fwhmkqz3?hl=en&entry=ttu&g_ep=EgoyMDI2MDkwOS4wIKXMDSoASAFQAw%3D%3D"
Abullding Pipa Bt,DKE1010000269,1214 Budapest 21. ker. II. Rákóczi Ferenc utca 142.,2013.07.01,2033.06.30,47.4264567,19.0676149,ok,"Budapest, II. Rákóczi Ferenc út 142, 1211 Hungary","https://www.google.com/maps/place/Budapest,+II.+R%C3%A1k%C3%B3czi+Ferenc+%C3%BAt+142,+1211+Hungary/@47.4264567,19.0676149,17z/data=!3m1!4b1!4m6!3m5!1s0x4741e7f21feddefb:0x128ff7f27afdf89!8m2!3d47.4264567!4d19.0676149!16s%2Fg%2F11c23j0kgn?hl=en&entry=ttu&g_ep=EgoyMDI2MDkwOS4wIKXMDSoASAFQAw%3D%3D"
Abullding Pipa Bt,DKE1010000289,1211 Budapest 21. ker. II. Rákóczi F. utca 154-170 (Csepel Pláza),2013.07.01,2033.06.30,47.4236491,19.0678414,ok,Csepel Plaza,"https://www.google.com/maps/place/Csepel+Plaza/@47.4236491,19.0678414,17z/data=!3m1!4b1!4m6!3m5!1s0x4741e517e18e2497:0xb9c88642137c4d12!8m2!3d47.4236491!4d19.0678414!16s%2Fg%2F1pp2vb9r5?hl=en&entry=ttu&g_ep=EgoyMDI2MDkwOS4wIKXMDSoASAFQAw%3D%3D"
Abullding Pipa Bt,DKE1010000297,1213 Budapest 21. ker. Szent László utca 115.,2013.07.01,2033.06.30,47.4073701,19.0792861,ok,"Budapest, Szent László u. 115, 1213 Hungary","https://www.google.com/maps/place/Budapest,+Szent+L%C3%A1szl%C3%B3+u.+115,+1213+Hungary/@47.4073701,19.0792861,17z/data=!3m1!4b1!4m6!3m5!1s0x4741e876705bc8c1:0x69be490ee4a338d6!8m2!3d47.4073701!4d19.0792861!16s%2Fg%2F11gr7sw4m8?hl=en&entry=ttu&g_ep=EgoyMDI2MDkwOS4wIKXMDSoASAFQAw%3D%3D"
Abullding Pipa Bt.,DKE1010000210,"1212 Budapest, Szent István út 73.",2023.05.12,2033.06.30,47.4163332,19.0782719,ok,"Budapest, Szent István út 73, 1212 Hungary","https://www.google.com/maps/place/Budapest,+Szent+Istv%C3%A1n+%C3%BAt+73,+1212+Hungary/@47.4163332,19.0782719,17z/data=!3m1!4b1!4m6!3m5!1s0x4741e7e10ffd3bfb:0x885360bd021d786!8m2!3d47.4163332!4d19.0782719!16s%2Fg%2F11nnkt3d5c?hl=en&entry=ttu&g_ep=EgoyMDI2MDkwOS4wIKXMDSoASAFQAw%3D%3D"
Abundantia Damavand Cigars Dohánytermékek Kereskedelmi Bt.,DKE1700000206,1025 Budapest 02. ker. Törökvész út 87-91.,2013.07.01,2033.06.30,47.5291012,19.005216,ok,"Budapest, Törökvész út 87-91, 1025 Hungary","https://www.google.com/maps/place/Budapest,+T%C3%B6r%C3%B6kv%C3%A9sz+%C3%BAt+87-91,+1025+Hungary/@47.5290817,19.0052784,17z/data=!3m1!4b1!4m6!3m5!1s0x4741d9349d796ab9:0x577664f4e6ecc961!8m2!3d47.5291012!4d19.005216!16s%2Fg%2F11c3q3wrg6?hl=en&entry=ttu&g_ep=EgoyMDI2MDkwOS4wIKXMDSoASAFQAw%3D%3D"
AC TRAFIK Bt.,DKE1010000053,"1094 Budapest, Tűzoltó utca 78-80.",2025.01.09,2033.06.30,47.479602,19.0817537,ok,"Budapest, Tűzoltó u. 78-80, 1094 Hungary","https://www.google.com/maps/place/Budapest,+T%C5%B1zolt%C3%B3+u.+78-80,+1094+Hungary/@47.479602,19.0817537,17z/data=!3m1!4b1!4m6!3m5!1s0x4741dcfb492b5b9d:0x524095c325b44a22!8m2!3d47.479602!4d19.0817537!16s%2Fg%2F11pw2vf0g3?hl=en&entry=ttu&g_ep=EgoyMDI2MDkwOS4wIKXMDSoASAFQAw%3D%3D"
AC TRAFIK Bt.,DKE1600000090,"1074 Budapest, Dohány utca 47.",2025.01.09,2033.06.30,47.4978295,19.0695626,ok,"Budapest, Dohány u. 47, 1074 Hungary","https://www.google.com/maps/place/Budapest,+Doh%C3%A1ny+u.+47,+1074+Hungary/@47.4978295,19.0695626,17z/data=!3m1!4b1!4m6!3m5!1s0x4741dc670f76b1cd:0xb8e3911880ff208c!8m2!3d47.4978295!4d19.0695626!16s%2Fg%2F11xzy00zqv?hl=en&entry=ttu&g_ep=EgoyMDI2MDkwOS4wIKXMDSoASAFQAw%3D%3D"
AC TRAFIK Bt.,DKE1600000124,"1061 Budapest, Jókai tér 8.",2025.01.09,2033.06.30,47.5056246,19.0616758,ok,"Budapest, Jókai tér 8, 1061 Hungary","https://www.google.com/maps/place/Budapest,+J%C3%B3kai+t%C3%A9r+8,+1061+Hungary/@47.5056246,19.0616758,17z/data=!3m1!4b1!4m6!3m5!1s0x4741dc6dc7cf4865:0x9bea9f2a0c9c33d1!8m2!3d47.5056246!4d19.0616758!16s%2Fg%2F11rg61lxr2?hl=en&entry=ttu&g_ep=EgoyMDI2MDkwOS4wIKXMDSoASAFQAw%3D%3D"
AC TRAFIK Bt.,DKE1700000045,"1032 Budapest, Bécsi út 88-90.",2025.01.09,2033.06.30,47.532114,19.0362495,ok,"Budapest, Bécsi út 88-90, 1034 Hungary","https://www.google.com/maps/place/Budapest,+B%C3%A9csi+%C3%BAt+88-90,+1034+Hungary/@47.532114,19.0362495,17z/data=!3m1!4b1!4m6!3m5!1s0x4741d95a0923b071:0xa9fc41bc7eed6384!8m2!3d47.532114!4d19.0362495!16s%2Fg%2F11s1bn_qsn?hl=en&entry=ttu&g_ep=EgoyMDI2MDkwOS4wIKXMDSoASAFQAw%3D%3D"
AC TRAFIK Bt.,DKE1700000046,"1137 Budapest, Radnóti Miklós utca 38.",2025.01.09,2033.06.30,47.5161549,19.0496158,ok,"Budapest, Radnóti Miklós u. 38, 1137 Hungary","https://www.google.com/maps/place/Budapest,+Radn%C3%B3ti+Mikl%C3%B3s+u.+38,+1137+Hungary/@47.5161549,19.0496158,17z/data=!3m1!4b1!4m6!3m5!1s0x4741dc0896dd332b:0x78bf8194f4e73b7!8m2!3d47.5161549!4d19.0496158!16s%2Fg%2F11rg5wsqgw?hl=en&entry=ttu&g_ep=EgoyMDI2MDkwOS4wIKXMDSoASAFQAw%3D%3D"
AG TRAFIK Bt.,DKE1600000047,"1065 Budapest, Podmaniczky utca 2.",2022.01.24,2033.06.30,47.5073375,19.0554636,ok,"Budapest, Podmaniczky u. 2, 1065 Hungary","https://www.google.com/maps/place/Budapest,+Podmaniczky+u.+2,+1065+Hungary/@47.5073375,19.0554636,17z/data=!3m1!4b1!4m6!3m5!1s0x4741dc12bf99392f:0x6d9f51865eab242d!8m2!3d47.5073375!4d19.0554636!16s%2Fg%2F11z4d1c3_v?hl=en&entry=ttu&g_ep=EgoyMDI2MDkwOS4wIKXMDSoASAFQAw%3D%3D"
AG TRAFIK Bt.,DKE1600000054,"1156 Budapest, Páskomliget utca 49.",2022.01.24,2033.06.30,47.5474249,19.1355237,ok,"Budapest, Páskomliget utca 49, 1156 Hungary","https://www.google.com/maps/place/Budapest,+P%C3%A1skomliget+utca+49,+1156+Hungary/@47.5474249,19.1355237,17z/data=!3m1!4b1!4m6!3m5!1s0x4741dae239853403:0x6652fabbc506cd6b!8m2!3d47.5474249!4d19.1355237!16s%2Fg%2F11npd71pg0?hl=en&entry=ttu&g_ep=EgoyMDI2MDkwOS4wIKXMDSoASAFQAw%3D%3D"
AG TRAFIK Bt.,DKE1600000087,"1086 Budapest, Diószeghy Sámuel utca 15.",2022.01.24,2033.06.30,47.4863694,19.0887357,ok,"Budapest, Diószegi Sámuel utca 15, 1089 Hungary","https://www.google.com/maps/place/Budapest,+Di%C3%B3szegi+S%C3%A1muel+utca+15,+1089+Hungary/@47.4863694,19.0887357,17z/data=!3m1!4b1!4m6!3m5!1s0x4741dcee150da171:0xbed2e4f7a05dea!8m2!3d47.4863694!4d19.0887357!16s%2Fg%2F11hf81_4c9?hl=en&entry=ttu&g_ep=EgoyMDI2MDkwOS4wIKXMDSoASAFQAw%3D%3D"
AG TRAFIK Bt.,DKE1700000041,"1044 Budapest, Megyeri út 12. fszt. 9.",2022.01.24,2033.06.30,47.5782308,19.0859621,ok,Hotel Karin Apartman,"https://www.google.com/maps/place/Hotel+Karin+Apartman/@47.5782308,19.0859621,17z/data=!3m1!4b1!4m6!3m5!1s0x4741da191452eecd:0xcb759f73309081e2!8m2!3d47.5782308!4d19.0859621!16s%2Fg%2F11c7v_q1wz?hl=en&entry=ttu&g_ep=EgoyMDI2MDkwOS4wIKXMDSoASAFQAw%3D%3D"
AG TRAFIK Bt.,DKE1700000044,"1133 Budapest, Gogol utca 23.",2022.01.24,2033.06.30,47.5198139,19.059405,ok,"Budapest, Gogol u. 23, 1133 Hungary","https://www.google.com/maps/place/Budapest,+Gogol+u.+23,+1133+Hungary/@47.5198139,19.059405,17z/data=!3m1!4b1!4m6!3m5!1s0x4741dbf5dad406af:0x6198c5fa09043484!8m2!3d47.5198139!4d19.059405!16s%2Fg%2F11nnkz5n40?hl=en&entry=ttu&g_ep=EgoyMDI2MDkwOS4wIKXMDSoASAFQAw%3D%3D"
Albert Kinga,DKE1010000178,"1119 Budapest,
 Etele 65. fszt. 4.",2019.01.25,2033.06.30,47.4646854,19.0274825,ok,ProShooting Ltd. Hunting and Shooting Gun Shop,"https://www.google.com/maps/place/ProShooting+Ltd.+Hunting+and+Shooting+Gun+Shop/@47.4646854,19.0274825,17z/data=!3m1!4b1!4m6!3m5!1s0x476a6e9ed5b02c1f:0xb4a4bd5269340c03!8m2!3d47.4646854!4d19.0274825!16s%2Fg%2F1tfwnrnp?hl=en&entry=ttu&g_ep=EgoyMDI2MDkwOS4wIKXMDSoASAFQAw%3D%3D"
Alfa Trafik Bt.,DKE1600000155,"1101 Budapest, Hungária körút 5-7.",2023.02.17,2033.06.30,47.491348,19.1094053,ok,"Budapest, Hungária krt. 5-7, 1101 Hungary","https://www.google.com/maps/place/Budapest,+Hung%C3%A1ria+krt.+5-7,+1101+Hungary/@47.491348,19.1094053,17z/data=!3m1!4b1!4m6!3m5!1s0x4741dcbf015dec73:0x7b86b885c47575fe!8m2!3d47.491348!4d19.1094053!16s%2Fg%2F11c0_tmmr1?hl=en&entry=ttu&g_ep=EgoyMDI2MDkwOS4wIKXMDSoASAFQAw%3D%3D"
Alfa Trafik Bt.,DKE1700000127,"1042 Budapest, Rózsa utca 12.",2023.02.17,2033.06.30,47.5566022,19.0989338,ok,"Budapest, Rózsa u. 12, 1042 Hungary","https://www.google.com/maps/place/Budapest,+R%C3%B3zsa+u.+12,+1042+Hungary/@47.5566022,19.0989338,17z/data=!3m1!4b1!4m6!3m5!1s0x4741da4c071aaaab:0xe214dbb61b1ee25f!8m2!3d47.5566022!4d19.0989338!16s%2Fg%2F11nnklqxw7?hl=en&entry=ttu&g_ep=EgoyMDI2MDkwOS4wIKXMDSoASAFQAw%3D%3D"
Alfa Trafik Bt.,DKE1700000167,"1134 Budapest, Róbert Károly körút 38.",2023.02.17,2033.06.30,47.5312613,19.0695304,ok,"Budapest, Róbert Károly körút 38, 1134 Hungary","https://www.google.com/maps/place/Budapest,+R%C3%B3bert+K%C3%A1roly+k%C3%B6r%C3%BAt+38,+1134+Hungary/@47.5312613,19.0695304,17z/data=!3m1!4b1!4m6!3m5!1s0x4741dbec7bf3ffd9:0x97ec76d481beb459!8m2!3d47.5312613!4d19.0695304!16s%2Fg%2F11c5m7ksx7?hl=en&entry=ttu&g_ep=EgoyMDI2MDkwOS4wIKXMDSoASAFQAw%3D%3D"
Almásháza ABC Kereskedelmi és Szolgáltató Bt.,DKE1600000024,1172 Budapest 17. ker. Almásháza utca 2.,2013.07.01,2033.06.30,47.4990583,19.269563,ok,"Budapest, Almásháza u. 2, 1172 Hungary","https://www.google.com/maps/place/Budapest,+Alm%C3%A1sh%C3%A1za+u.+2,+1172+Hungary/@47.4990583,19.269563,17z/data=!3m1!4b1!4m6!3m5!1s0x4741c6a3b1c2e4d9:0x1ca7b5a6641e45a3!8m2!3d47.4990583!4d19.269563!16s%2Fg%2F11rp4414tl?hl=en&entry=ttu&g_ep=EgoyMDI2MDkwOS4wIKXMDSoASAFQAw%3D%3D"
Ambrus Ágnes Réka,DKE1600000009,1173 Budapest 17. ker. Borsó utca 64/B.,2013.07.01,2033.06.30,47.4797,19.2328,no_place,,"https://www.google.com/maps/search/1173+Budapest+17.+ker.+Bors%C3%B3+utca+64%2FB./@47.4798394,19.2336574,17z/data=!3m1!4b1?hl=en&entry=ttu&g_ep=EgoyMDI2MDkwOS4wIKXMDSoASAFQAw%3D%3D"
Andaro Bt,DKE1010000169,1118 Budapest 11. ker. Torbágy utca 7/A.,2013.07.01,2033.06.30,47.4694405,18.9972048,ok,"Budapest, Torbágy u. 7, 1118 Hungary","https://www.google.com/maps/place/Budapest,+Torb%C3%A1gy+u.+7,+1118+Hungary/@47.4694405,18.9972048,17z/data=!3m1!4b1!4m6!3m5!1s0x4741de74fb5382b7:0xea5dbfecbf901aac!8m2!3d47.4694405!4d18.9972048!16s%2Fg%2F11c25csf12?hl=en&entry=ttu&g_ep=EgoyMDI2MDkwOS4wIKXMDSoASAFQAw%3D%3D"
Annamari Trafik Bt.,DKE1010000217,"1196 Budapest, Nádasdy utca 115.",2026.01.26,2033.06.30,47.4424445,19.1403714,ok,"Budapest, Nádasdy u. 115, 1196 Hungary","https://www.google.com/maps/place/Budapest,+N%C3%A1dasdy+u.+115,+1196+Hungary/@47.4424445,19.1403714,17z/data=!3m1!4b1!4m6!3m5!1s0x4741c293375046a1:0x8aaf09983a593a3c!8m2!3d47.4424445!4d19.1403714!16s%2Fg%2F11pw3kbwt6?hl=en&entry=ttu&g_ep=EgoyMDI2MDkwOS4wIKXMDSoASAFQAw%3D%3D"
Annamari Trafik Bt.,DKE1010000223,"1195 Budapest, Batthyány utca 3.",2026.01.26,2033.06.30,47.4551929,19.1467106,ok,"Budapest, Batthyány u. 3, 1195 Hungary","https://www.google.com/maps/place/Budapest,+Batthy%C3%A1ny+u.+3,+1195+Hungary/@47.4551929,19.1467106,17z/data=!3m1!4b1!4m6!3m5!1s0x4741c2e68317b98d:0xbae7a7a364a23107!8m2!3d47.4551929!4d19.1467106!16s%2Fg%2F11j6zkrl1x?hl=en&entry=ttu&g_ep=EgoyMDI2MDkwOS4wIKXMDSoASAFQAw%3D%3D"
Annamari Trafik Bt.,DKE1600000199,"1147 Budapest, Csömöri utca Bosnyák téri vásárcsarnok 9-11.",2026.01.26,2033.06.30,47.520901,19.1143879,ok,Bosnyák Téri Vásárcsarnok,"https://www.google.com/maps/place/Bosny%C3%A1k+T%C3%A9ri+V%C3%A1s%C3%A1rcsarnok/@47.520901,19.1143879,17z/data=!3m1!4b1!4m6!3m5!1s0x4741db6fa947cd2f:0xaa26377761831385!8m2!3d47.520901!4d19.1143879!16s%2Fg%2F1q5bmns8r?hl=en&entry=ttu&g_ep=EgoyMDI2MDkwOS4wIKXMDSoASAFQAw%3D%3D"
Arany Pipafüst Bt.,DKE1010000143,"1113 Budapest, Karolina út 17.",2026.04.02,2033.06.30,47.4818829,19.0297425,ok,"Budapest, Karolina út 17, 1113 Hungary","https://www.google.com/maps/place/Budapest,+Karolina+%C3%BAt+17,+1113+Hungary/@47.4818829,19.0297425,17z/data=!3m1!4b1!4m6!3m5!1s0x4741ddccc8b91eb1:0xa7bb80718c3cbcf0!8m2!3d47.4818829!4d19.0297425!16s%2Fg%2F11jn4d5k73?hl=en&entry=ttu&g_ep=EgoyMDI2MDkwOS4wIKXMDSoASAFQAw%3D%3D"
Arany Pipafüst Bt.,DKE1010000321,"1111 Budapest, Budafoki út 57/b.",2026.04.02,2033.06.30,47.476467,19.0531238,no_place,,"https://www.google.com/maps/search/1111+Budapest,+Budafoki+%C3%BAt+57%2Fb./@47.476681,19.0531918,17z/data=!3m1!4b1?hl=en&entry=ttu&g_ep=EgoyMDI2MDkwOS4wIKXMDSoASAFQAw%3D%3D"
Arany Pipafüst Bt.,DKE1700000061,"1033 Budapest, Köles utca 1.",2026.04.02,2033.06.30,47.5569477,19.0446339,ok,"Budapest, Köles u. 1, 1033 Hungary","https://www.google.com/maps/place/Budapest,+K%C3%B6les+u.+1,+1033+Hungary/@47.5569477,19.0446339,17z/data=!3m1!4b1!4m6!3m5!1s0x4741d9773a23814f:0xfcb6c3ee22c7b0a5!8m2!3d47.5569477!4d19.0446339!16s%2Fg%2F11sf1dhl6s?hl=en&entry=ttu&g_ep=EgoyMDI2MDkwOS4wIKXMDSoASAFQAw%3D%3D"
ASR Bt.,DKE1010000144,1214 Budapest 21. ker. Szent László utca 3.,2013.07.01,2033.06.30,47.4146223,19.0694441,ok,"Budapest, Szent László u. 3, 1214 Hungary","https://www.google.com/maps/place/Budapest,+Szent+L%C3%A1szl%C3%B3+u.+3,+1214+Hungary/@47.4146223,19.0694441,17z/data=!3m1!4b1!4m6!3m5!1s0x4741e7dd627f07c5:0xe8460329d98478c8!8m2!3d47.4146223!4d19.0694441!16s%2Fg%2F11vl39gfn8?hl=en&entry=ttu&g_ep=EgoyMDI2MDkwOS4wIKXMDSoASAFQAw%3D%3D"
Baár György,DKE1600000031,"1161 Budapest, Pálya utca 129.",2022.10.13,2033.06.30,47.5259789,19.1486761,ok,"Budapest, Pálya u. 129, 1161 Hungary","https://www.google.com/maps/place/Budapest,+P%C3%A1lya+u.+129,+1161+Hungary/@47.5259789,19.1486761,17z/data=!3m1!4b1!4m6!3m5!1s0x4741db36fba300e3:0xaaa4b5e519eebd79!8m2!3d47.5259789!4d19.1486761!16s%2Fg%2F11rg5xq2q0?hl=en&entry=ttu&g_ep=EgoyMDI2MDkwOS4wIKXMDSoASAFQAw%3D%3D"
Badacsonyi Zoltán,DKE1600000030,1158 Budapest 15. ker. Sztárai Mihály tér 4.,2013.07.01,2033.06.30,47.539587,19.1293586,ok,"Budapest, Sztárai Mihály tér 4, 1158 Hungary","https://www.google.com/maps/place/Budapest,+Szt%C3%A1rai+Mih%C3%A1ly+t%C3%A9r+4,+1158+Hungary/@47.539587,19.1293586,17z/data=!3m1!4b1!4m6!3m5!1s0x4741db1bb71be7a9:0x1be512bd19829742!8m2!3d47.539587!4d19.1293586!16s%2Fg%2F11j6zl9qhn?hl=en&entry=ttu&g_ep=EgoyMDI2MDkwOS4wIKXMDSoASAFQAw%3D%3D"
Bagó Centrum Bt,DKE1700000099,1035 Budapest 03. ker. Vörösvári út 43.,2013.07.01,2033.06.30,47.5459486,19.0338847,ok,"Budapest, Vörösvári út 43, 1035 Hungary","https://www.google.com/maps/place/Budapest,+V%C3%B6r%C3%B6sv%C3%A1ri+%C3%BAt+43,+1035+Hungary/@47.5459486,19.0338847,17z/data=!3m1!4b1!4m6!3m5!1s0x4741d9690d5b9323:0xce3fba99a6dd4462!8m2!3d47.5459486!4d19.0338847!16s%2Fg%2F11c25dtzmm?hl=en&entry=ttu&g_ep=EgoyMDI2MDkwOS4wIKXMDSoASAFQAw%3D%3D"
Bagó Trafik Bt.,DKE1600000126,1076 Budapest 07. ker. Thököly út 2.,2013.07.01,2033.06.30,47.5013024,19.0824576,ok,"Budapest, Thököly út 2, 1076 Hungary","https://www.google.com/maps/place/Budapest,+Th%C3%B6k%C3%B6ly+%C3%BAt+2,+1076+Hungary/@47.5013024,19.0824576,17z/data=!3m1!4b1!4m6!3m5!1s0x4741dc6280c98e8f:0xf30e6000428d492c!8m2!3d47.5013024!4d19.0824576!16s%2Fg%2F11hf7zh034?hl=en&entry=ttu&g_ep=EgoyMDI2MDkwOS4wIKXMDSoASAFQAw%3D%3D"
Bagó Trafik Bt.,DKE1600000145,1144 Budapest 14. ker. Csertő utca 5-7.,2013.07.01,2033.06.30,47.5130487,19.146891,ok,"Budapest, Csertő u. 5-7, 1144 Hungary","https://www.google.com/maps/place/Budapest,+Csert%C5%91+u.+5-7,+1144+Hungary/@47.5130487,19.146891,17z/data=!3m1!4b1!4m6!3m5!1s0x4741db4d8014808b:0xb97846067b2db241!8m2!3d47.5130487!4d19.146891!16s%2Fg%2F11jn4fhh__?hl=en&entry=ttu&g_ep=EgoyMDI2MDkwOS4wIKXMDSoASAFQAw%3D%3D"
Bagó Trafik Bt.,DKE1700000133,1042 Budapest 04. ker. Király utca 27/2.,2013.07.01,2033.06.30,47.561859,19.0981062,ok,"Budapest, Király u. 27-2, 1041 Hungary","https://www.google.com/maps/place/Budapest,+Kir%C3%A1ly+u.+27-2,+1041+Hungary/@47.561859,19.0981062,17z/data=!3m1!4b1!4m5!3m4!1s0x4741da487bbd9f3f:0x3ce47b21e82fa6d6!8m2!3d47.561859!4d19.0981062?hl=en&entry=ttu&g_ep=EgoyMDI2MDkwOS4wIKXMDSoASAFQAw%3D%3D"
Bagó-Ért Bt,DKE1600000234,1061 Budapest 06. ker. Teréz körút 56.,2013.07.01,2033.06.30,47.509002,19.0576431,ok,"Budapest, Teréz krt. 56, 1066 Hungary","https://www.google.com/maps/place/Budapest,+Ter%C3%A9z+krt.+56,+1066+Hungary/@47.509002,19.0576431,17z/data=!3m1!4b1!4m6!3m5!1s0x4741dc0d4ef09c67:0x11a5ffbf07745d20!8m2!3d47.509002!4d19.0576431!16s%2Fg%2F11nnkpqdm0?hl=en&entry=ttu&g_ep=EgoyMDI2MDkwOS4wIKXMDSoASAFQAw%3D%3D"
Bagóra Bt.,DKE1600000279,"1101 Budapest, Üllői út 112.",2024.02.19,2033.06.30,47.4723583,19.109279,ok,"Budapest, Üllői út 112, 1101 Hungary","https://www.google.com/maps/place/Budapest,+%C3%9Cll%C5%91i+%C3%BAt+112,+1101+Hungary/@47.4723583,19.109279,17z/data=!3m1!4b1!4m6!3m5!1s0x4741dcd7143bc207:0xa98bf4e028b2b4c2!8m2!3d47.4723583!4d19.109279!16s%2Fg%2F11jn4dflsg?hl=en&entry=ttu&g_ep=EgoyMDI2MDkwOS4wIKXMDSoASAFQAw%3D%3D"
Bán Trafik Bt.,DKE1010000258,1182 Budapest 18. ker. Reviczky Gy. út 76.,2013.07.01,2033.06.30,,,no_place,,"https://www.google.com/maps/search/1182+Budapest+18.+ker.+Reviczky+Gy.+%C3%BAt+76./@47.4459488,19.164172,17z/data=!3m1!4b1?hl=en&entry=ttu&g_ep=EgoyMDI2MDkwOS4wIKXMDSoASAFQAw%3D%3D"
Bán Trafik Bt.,DKE1700000138,1047 Budapest 04. ker. Baross utca 88.,2013.07.01,2033.06.30,47.4893073,19.0777787,ok,"Budapest, Baross u 88-04, 1082 Hungary","https://www.google.com/maps/place/Budapest,+Baross+u+88-04,+1082+Hungary/@47.4893073,19.0777787,17z/data=!3m1!4b1!4m5!3m4!1s0x4741dcf67fa9462d:0xa27318fe3a239061!8m2!3d47.4893073!4d19.0777787?hl=en&entry=ttu&g_ep=EgoyMDI2MDkwOS4wIKXMDSoASAFQAw%3D%3D"
Bármikor 71 Bt,DKE1700000123,1032 Budapest 03. ker. Szőlő utca 94.,2013.07.01,2033.06.30,47.5428857,19.0368874,ok,"Budapest, Szőlő u. 94, 1032 Hungary","https://www.google.com/maps/place/Budapest,+Sz%C5%91l%C5%91+u.+94,+1032+Hungary/@47.5428857,19.0368874,17z/data=!3m1!4b1!4m6!3m5!1s0x4741d968087e1361:0x7090ba0d1d5ba3f8!8m2!3d47.5428857!4d19.0368874!16s%2Fg%2F11y0sgpz67?hl=en&entry=ttu&g_ep=EgoyMDI2MDkwOS4wIKXMDSoASAFQAw%3D%3D"
Bármikor 71 Bt.,DKE1700000223,"1036 Budapest, Fényes Adolf utca 21-23.",2025.11.27,2033.06.30,47.5355295,19.0417445,ok,"Budapest, Fényes Adolf u. 21, 1036 Hungary","https://www.google.com/maps/place/Budapest,+F%C3%A9nyes+Adolf+u.+21,+1036+Hungary/@47.5355295,19.0417445,17z/data=!3m1!4b1!4m6!3m5!1s0x4741d959390a8f71:0xd5fefc13c2e96d37!8m2!3d47.5355295!4d19.0417445!16s%2Fg%2F11fwhmb1wk?hl=en&entry=ttu&g_ep=EgoyMDI2MDkwOS4wIKXMDSoASAFQAw%3D%3D"
Barna István,DKE1600000040,"1163 Budapest, Veres Péter út 43.",2025.11.06,2033.06.30,47.5087501,19.1792531,ok,"Budapest, Veres Péter út 43, 1163 Hungary","https://www.google.com/maps/place/Budapest,+Veres+P%C3%A9ter+%C3%BAt+43,+1163+Hungary/@47.5087501,19.1792531,17z/data=!3m1!4b1!4m6!3m5!1s0x4741c4979612cfdd:0xf38ee5c6668d031d!8m2!3d47.5087501!4d19.1792531!16s%2Fg%2F11c5fsm5wj?hl=en&entry=ttu&g_ep=EgoyMDI2MDkwOS4wIKXMDSoASAFQAw%3D%3D"
Beba Trafik Bt,DKE1600000314,1162 Budapest 16. ker. Szlovák út hrsz. 114749,2014.06.17,2034.04.07,,,no_place,,"https://www.google.com/maps/search/1162+Budapest+16.+ker.+Szlov%C3%A1k+%C3%BAt+hrsz.+114749/@47.5309175,19.1958978,16z/data=!3m1!4b1?hl=en&entry=ttu&g_ep=EgoyMDI2MDkwOS4wIKXMDSoASAFQAw%3D%3D"
Bedko Ker. és Szolg. Bt,DKE1600000014,1172 Budapest 17. ker. Ferihegyi út 39,2013.07.01,2033.06.30,47.4875526,19.2589112,ok,"Budapest, Ferihegyi út 39, 1172 Hungary","https://www.google.com/maps/place/Budapest,+Ferihegyi+%C3%BAt+39,+1172+Hungary/@47.4875526,19.2589112,17z/data=!3m1!4b1!4m6!3m5!1s0x4741c6ac75345323:0xa49120ef51363ff9!8m2!3d47.4875526!4d19.2589112!16s%2Fg%2F11y69qtjb2?hl=en&entry=ttu&g_ep=EgoyMDI2MDkwOS4wIKXMDSoASAFQAw%3D%3D"
Béke-Trafik Bt.,DKE1700000052,1131 Budapest 13. ker. Béke út 69/F20,2013.07.01,2033.06.30,47.5397524,19.0861722,ok,"Budapest, Béke u. 69-f20, 1131 Hungary","https://www.google.com/maps/place/Budapest,+B%C3%A9ke+u.+69-f20,+1131+Hungary/@47.5397524,19.0861722,17z/data=!3m1!4b1!4m5!3m4!1s0x4741dbb95b4edf19:0x5b052f7f50fff2fa!8m2!3d47.5397524!4d19.0861722?hl=en&entry=ttu&g_ep=EgoyMDI2MDkwOS4wIKXMDSoASAFQAw%3D%3D"
Bényi Trafik Bt.,DKE1010000242,"1091 Budapest, Üllői út 143.",2023.11.07,2033.06.30,47.4716246,19.108351,ok,"Budapest, Üllői út 143, 1091 Hungary","https://www.google.com/maps/place/Budapest,+%C3%9Cll%C5%91i+%C3%BAt+143,+1091+Hungary/@47.4716246,19.108351,17z/data=!3m1!4b1!4m6!3m5!1s0x4741dcd79c3c42e7:0xcfd2100929058148!8m2!3d47.4716246!4d19.108351!16s%2Fg%2F11vjmv_dm4?hl=en&entry=ttu&g_ep=EgoyMDI2MDkwOS4wIKXMDSoASAFQAw%3D%3D"
BERNUS Bt.,DKE1010000009,"1203 Budapest, Kossuth Lajos utca 91.",2022.10.10,2033.06.30,47.4477303,19.1425437,ok,"Budapest, Kossuth Lajos u. 91, 1196 Hungary","https://www.google.com/maps/place/Budapest,+Kossuth+Lajos+u.+91,+1196+Hungary/@47.4477303,19.1425437,17z/data=!3m1!4b1!4m6!3m5!1s0x4741c2ec029b5285:0x86cfe8628b870aab!8m2!3d47.4477303!4d19.1425437!16s%2Fg%2F11jn4f1ck4?hl=en&entry=ttu&g_ep=EgoyMDI2MDkwOS4wIKXMDSoASAFQAw%3D%3D"
Better Life Bt.,DKE1600000026,"1161 Budapest, Rákosi út 103.",2025.03.11,2033.06.30,47.5201932,19.1654727,ok,"Budapest, Rákosi út 103, 1161 Hungary","https://www.google.com/maps/place/Budapest,+R%C3%A1kosi+%C3%BAt+103,+1161+Hungary/@47.5201932,19.1654727,17z/data=!3m1!4b1!4m6!3m5!1s0x4741c4c9d7c2fc25:0x692cd125b170de20!8m2!3d47.5201932!4d19.1654727!16s%2Fg%2F11j8x3611j?hl=en&entry=ttu&g_ep=EgoyMDI2MDkwOS4wIKXMDSoASAFQAw%3D%3D"
Bident Dohány Bt,DKE1010000198,"1182 Budapest, Gyékény tér 1.",2024.11.15,2033.06.30,47.4311635,19.1952553,ok,"Budapest, Gyékény tér 1, 1182 Hungary","https://www.google.com/maps/place/Budapest,+Gy%C3%A9k%C3%A9ny+t%C3%A9r+1,+1182+Hungary/@47.4311635,19.1952553,17z/data=!3m1!4b1!4m6!3m5!1s0x4741c2179f98e67f:0x94512b4d6505f5dc!8m2!3d47.4311635!4d19.1952553!16s%2Fg%2F11j8x39n8g?hl=en&entry=ttu&g_ep=EgoyMDI2MDkwOS4wIKXMDSoASAFQAw%3D%3D"
Bident Dohány Bt,DKE1010000267,"1181 Budapest, Gilice tér 49.",2024.11.15,2033.06.30,47.4326577,19.1818987,ok,"Budapest, Gilice tér 49, 1181 Hungary","https://www.google.com/maps/place/Budapest,+Gilice+t%C3%A9r+49,+1181+Hungary/@47.4326577,19.1818987,17z/data=!3m1!4b1!4m6!3m5!1s0x4741c26b3b44144f:0xd7fa6b4f5724dcbf!8m2!3d47.4326577!4d19.1818987!16s%2Fg%2F11j34ln32y?hl=en&entry=ttu&g_ep=EgoyMDI2MDkwOS4wIKXMDSoASAFQAw%3D%3D"
Bident Dohány Bt.,DKE1010000196,"1182 Budapest, Üllői út 379-381.",2026.08.06,2033.06.30,47.4459992,19.1706253,ok,"Budapest, Üllői út 379-381, 1181 Hungary","https://www.google.com/maps/place/Budapest,+%C3%9Cll%C5%91i+%C3%BAt+379-381,+1181+Hungary/@47.4459992,19.1706253,17z/data=!3m1!4b1!4m6!3m5!1s0x4741c25a28eeea0f:0x50da75bdecaadc1f!8m2!3d47.4459992!4d19.1706253!16s%2Fg%2F11b8v5nc4s?hl=en&entry=ttu&g_ep=EgoyMDI2MDkwOS4wIKXMDSoASAFQAw%3D%3D"
Bimba Tabak Bt.,DKE1700000168,1135 Budapest 13. ker. Béke út 13-19.,2013.07.01,2033.06.30,47.5329632,19.082072,ok,"Budapest, Béke u. 13-19, 1135 Hungary","https://www.google.com/maps/place/Budapest,+B%C3%A9ke+u.+13-19,+1135+Hungary/@47.5329632,19.082072,17z/data=!3m1!4b1!4m6!3m5!1s0x4741db95dfcc4eed:0x81f8f6d95426c299!8m2!3d47.5329632!4d19.082072!16s%2Fg%2F11s1v1r032?hl=en&entry=ttu&g_ep=EgoyMDI2MDkwOS4wIKXMDSoASAFQAw%3D%3D"
Bimba Tabak Bt.,DKE1700000211,1139 Budapest 13. ker. Balzac utca 8-10,2013.07.01,2033.06.30,47.5148205,19.0575057,ok,"Budapest, Balzac u. 8-10, 1136 Hungary","https://www.google.com/maps/place/Budapest,+Balzac+u.+8-10,+1136+Hungary/@47.5148205,19.0575057,17z/data=!3m1!4b1!4m6!3m5!1s0x4741dc0bbc91cd39:0xa218c002a9a8e0ba!8m2!3d47.5148205!4d19.0575057!16s%2Fg%2F11cs7kj94b?hl=en&entry=ttu&g_ep=EgoyMDI2MDkwOS4wIKXMDSoASAFQAw%3D%3D"
Bimba Tabak Bt.,DKE1700000212,"1132 Budapest, Nyugati tér 4.",2013.10.31,2033.06.30,47.5111358,19.0557215,ok,"Budapest, Nyugati tér 4, 1132 Hungary","https://www.google.com/maps/place/Budapest,+Nyugati+t%C3%A9r+4,+1132+Hungary/@47.5111358,19.0557215,17z/data=!3m1!4b1!4m6!3m5!1s0x4741dc0dab3bfe21:0xee4d363d00f5ba84!8m2!3d47.5111358!4d19.0557215!16s%2Fg%2F11c2d9vry0?hl=en&entry=ttu&g_ep=EgoyMDI2MDkwOS4wIKXMDSoASAFQAw%3D%3D"
Bodegita Tobacco Bt,DKE1700000075,1132 Budapest 13. ker. Országbíró utca 38-40.,2013.07.01,2033.06.30,47.5313532,19.0818785,ok,"Budapest, Országbíró u. 38-40, 1139 Hungary","https://www.google.com/maps/place/Budapest,+Orsz%C3%A1gb%C3%ADr%C3%B3+u.+38-40,+1139+Hungary/@47.5313532,19.0818785,17z/data=!3m1!4b1!4m6!3m5!1s0x4741db9684d71b15:0x3c1951e53696a6ea!8m2!3d47.5313532!4d19.0818785!16s%2Fg%2F11k517l0ff?hl=en&entry=ttu&g_ep=EgoyMDI2MDkwOS4wIKXMDSoASAFQAw%3D%3D"
Bodegita Tobacco Bt,DKE1700000085,1135 Budapest 13. ker. Kisgömb utca 14-16.,2013.07.01,2033.06.30,47.525619,19.0832799,ok,"Budapest, Kisgömb u. 14-16, 1135 Hungary","https://www.google.com/maps/place/Budapest,+Kisg%C3%B6mb+u.+14-16,+1135+Hungary/@47.525619,19.0832799,17z/data=!3m1!4b1!4m6!3m5!1s0x4741db906c74cb9b:0xeaf8ea5b9ff869de!8m2!3d47.525619!4d19.0832799!16s%2Fg%2F11c5d1yy8l?hl=en&entry=ttu&g_ep=EgoyMDI2MDkwOS4wIKXMDSoASAFQAw%3D%3D"
Bodicoop Bt.,DKE1010000013,1203 Budapest 20. ker. Téglagyár tér 7-9.,2013.07.01,2033.06.30,47.4348809,19.0929521,ok,"Budapest, Téglagyár tér 7-9, 1203 Hungary","https://www.google.com/maps/place/Budapest,+T%C3%A9glagy%C3%A1r+t%C3%A9r+7-9,+1203+Hungary/@47.4348809,19.0929521,17z/data=!3m1!4b1!4m6!3m5!1s0x4741dd548d827e13:0x4d22688df32a3a9e!8m2!3d47.4348809!4d19.0929521!16s%2Fg%2F11sj6kht88?hl=en&entry=ttu&g_ep=EgoyMDI2MDkwOS4wIKXMDSoASAFQAw%3D%3D"
Bodicoop Bt.,DKE1700000020,1132 Budapest 13. ker. Visegrádi utca 4.,2013.07.01,2033.06.30,47.5121155,19.0536664,ok,"Budapest, Visegrádi u. 4, 1132 Hungary","https://www.google.com/maps/place/Budapest,+Visegr%C3%A1di+u.+4,+1132+Hungary/@47.5121155,19.0536664,17z/data=!3m1!4b1!4m6!3m5!1s0x4741dc0c25a288d5:0x8673624942b98979!8m2!3d47.5121155!4d19.0536664!16s%2Fg%2F11p5tqf9hr?hl=en&entry=ttu&g_ep=EgoyMDI2MDkwOS4wIKXMDSoASAFQAw%3D%3D"
Bodó Brigitta,DKE1010000019,1193 Budapest 19. ker. Üllői út 248/4,2013.07.01,2033.06.30,47.4550092,19.1526106,ok,"Budapest, Üllői út 248-4, 1193 Hungary","https://www.google.com/maps/place/Budapest,+%C3%9Cll%C5%91i+%C3%BAt+248-4,+1193+Hungary/@47.4550092,19.1526106,17z/data=!3m1!4b1!4m5!3m4!1s0x4741c2e4bfa3f3f5:0xcfcea82e9bf4d326!8m2!3d47.4550092!4d19.1526106?hl=en&entry=ttu&g_ep=EgoyMDI2MDkwOS4wIKXMDSoASAFQAw%3D%3D"
Bodó Brigitta,DKE1010000025,1181 Budapest 18. ker. Havanna utca 13.,2013.07.01,2033.06.30,47.4427316,19.1676137,ok,"Budapest, Havanna u. 13, 1181 Hungary","https://www.google.com/maps/place/Budapest,+Havanna+u.+13,+1181+Hungary/@47.4427316,19.1676137,17z/data=!3m1!4b1!4m6!3m5!1s0x4741c25ea3dfde0b:0x846888b6b82d1beb!8m2!3d47.4427316!4d19.1676137!16s%2Fg%2F11cslvfz38?hl=en&entry=ttu&g_ep=EgoyMDI2MDkwOS4wIKXMDSoASAFQAw%3D%3D"
Bodó Gyula,DKE1010000021,"1191 Budapest, Kossuth tér piac 2. sz. üzlet",2021.11.22,2033.06.30,47.4586155,19.145076,no_place,,"https://www.google.com/maps/search/1191+Budapest,+Kossuth+t%C3%A9r+piac+2.+sz.+%C3%BCzlet/@47.4604332,19.1453337,17z/data=!3m1!4b1?hl=en&entry=ttu&g_ep=EgoyMDI2MDkwOS4wIKXMDSoASAFQAw%3D%3D"
Bopet Trafik Bt,DKE1010000206,"1214 Budapest, II. Rákóczi Ferenc út 277.",2025.03.07,2033.06.30,47.4000632,19.0504724,ok,"Budapest, II. Rákóczi Ferenc út 277, 1214 Hungary","https://www.google.com/maps/place/Budapest,+II.+R%C3%A1k%C3%B3czi+Ferenc+%C3%BAt+277,+1214+Hungary/@47.4000632,19.0504724,17z/data=!3m1!4b1!4m6!3m5!1s0x4741e7cc88404aa1:0x757a399ee92b0ec!8m2!3d47.4000632!4d19.0504724!16s%2Fg%2F11sqfdqrjh?hl=en&entry=ttu&g_ep=EgoyMDI2MDkwOS4wIKXMDSoASAFQAw%3D%3D"
Bopet Trafik Bt,DKE1010000288,"1214 Budapest, Zrínyi utca 1/a",2025.03.07,2033.06.30,47.4175783,19.0663688,ok,"Budapest, Zrínyi u. 1a, 1214 Hungary","https://www.google.com/maps/place/Budapest,+Zr%C3%ADnyi+u.+1a,+1214+Hungary/@47.4175783,19.0663688,17z/data=!3m1!4b1!4m6!3m5!1s0x4741e7e858516aeb:0x175f2973de136d27!8m2!3d47.4175783!4d19.0663688!16s%2Fg%2F11knlm7j5m?hl=en&entry=ttu&g_ep=EgoyMDI2MDkwOS4wIKXMDSoASAFQAw%3D%3D"
Bopet Trafik Bt,DKE1700000185,"1041 Budapest, Virág utca 7. fszt. Ü-7.",2025.03.07,2033.06.30,47.561166,19.0974334,no_place,,"https://www.google.com/maps/search/1041+Budapest,+Vir%C3%A1g+utca+7.+fszt.+%C3%9C-7./@47.5340845,19.0602801,13z/data=!3m1!4b1?hl=en&entry=ttu&g_ep=EgoyMDI2MDkwOS4wIKXMDSoASAFQAw%3D%3D"
Bopet Trafik Bt.,DKE1700000186,"1044 Budapest, Kemény Zsigmond utca 75836. hrsz.",2025.03.07,2033.06.30,47.576567,19.0808115,no_place,,"https://www.google.com/maps/search/1044+Budapest,+Kem%C3%A9ny+Zsigmond+utca+75836.+hrsz./@47.5766523,19.0799395,17z/data=!3m1!4b1?hl=en&entry=ttu&g_ep=EgoyMDI2MDkwOS4wIKXMDSoASAFQAw%3D%3D"
Borosi Tabak-Shop Bt,DKE1700000144,1028 Budapest 02. ker. Máriaremetei út 1.,2013.07.01,2033.06.30,47.5453021,18.9633793,ok,"Budapest, Máriaremetei út 1, 1028 Hungary","https://www.google.com/maps/place/Budapest,+M%C3%A1riaremetei+%C3%BAt+1,+1028+Hungary/@47.5453021,18.9633793,17z/data=!3m1!4b1!4m6!3m5!1s0x4741d8b81a037b11:0xebb20b29852af785!8m2!3d47.5453021!4d18.9633793!16s%2Fg%2F11nnk_4p96?hl=en&entry=ttu&g_ep=EgoyMDI2MDkwOS4wIKXMDSoASAFQAw%3D%3D"
Borosi Tabak-Shop Bt,DKE1700000145,1051 Budapest 05. ker. Váci utca 54,2013.07.01,2033.06.30,47.4902155,19.0555231,no_place,,"https://www.google.com/maps/search/1051+Budapest+05.+ker.+V%C3%A1ci+utca+54/@47.489243,19.0562588,17z/data=!3m1!4b1?hl=en&entry=ttu&g_ep=EgoyMDI2MDkwOS4wIKXMDSoASAFQAw%3D%3D"
BRUCKER PLUSZ Bt.,DKE1010000027,"1223 Budapest, Jókai Mór utca 38.",2026.02.26,2033.06.30,47.4131809,19.0174736,ok,"Budapest, Jókai Mór u. 38, 1223 Hungary","https://www.google.com/maps/place/Budapest,+J%C3%B3kai+M%C3%B3r+u.+38,+1223+Hungary/@47.4131809,19.0174736,17z/data=!3m1!4b1!4m6!3m5!1s0x4741e7062bf0375d:0x40842d55ee287bc9!8m2!3d47.4131809!4d19.0174736!16s%2Fg%2F11jn4f67ng?hl=en&entry=ttu&g_ep=EgoyMDI2MDkwOS4wIKXMDSoASAFQAw%3D%3D"
Buda Dohány Bt,DKE1010000145,1221 Budapest 22. ker. Ady Endre út 99.,2013.07.01,2033.06.30,47.4409888,19.0224268,ok,"Budapest, Ady Endre út 99, 1221 Hungary","https://www.google.com/maps/place/Budapest,+Ady+Endre+%C3%BAt+99,+1221+Hungary/@47.4409888,19.0224268,17z/data=!3m1!4b1!4m6!3m5!1s0x4741e762f8586025:0x56faeab9327249fb!8m2!3d47.4409888!4d19.0224268!16s%2Fg%2F11rp4w67q6?hl=en&entry=ttu&g_ep=EgoyMDI2MDkwOS4wIKXMDSoASAFQAw%3D%3D"
Buda Dohány Bt,DKE1010000147,1225 Budapest 22. ker. Nagytétényi út 242.,2013.07.01,2033.06.30,47.3954092,18.9937506,ok,"Budapest, Nagytétényi út 242, 1225 Hungary","https://www.google.com/maps/place/Budapest,+Nagyt%C3%A9t%C3%A9nyi+%C3%BAt+242,+1225+Hungary/@47.3954092,18.9937506,17z/data=!3m1!4b1!4m6!3m5!1s0x4741e6efdad25099:0x38795d77edd876da!8m2!3d47.3954092!4d18.9937506!16s%2Fg%2F11snrlglgf?hl=en&entry=ttu&g_ep=EgoyMDI2MDkwOS4wIKXMDSoASAFQAw%3D%3D"
Centrál Tabak Bt.,DKE1600000304,1082 Budapest 08. ker. Corvin köz 1.,2013.07.01,2033.06.30,47.4861873,19.0713004,ok,"Budapest, Corvin köz 1, 1082 Hungary","https://www.google.com/maps/place/Budapest,+Corvin+k%C3%B6z+1,+1082+Hungary/@47.4861446,19.0713537,17z/data=!3m1!4b1!4m6!3m5!1s0x4741dc58109b458b:0xd8d82a0e8a8b7426!8m2!3d47.4861873!4d19.0713004!16s%2Fg%2F11bw3yh_fs?hl=en&entry=ttu&g_ep=EgoyMDI2MDkwOS4wIKXMDSoASAFQAw%3D%3D"
Cigibolt Bt.,DKE1600000018,1102 Budapest 10. ker. Kőrösi Csoma Sándor út 6/E,2013.07.01,2033.06.30,47.4831973,19.1302917,ok,"Budapest, Kőrösi Csoma Sándor út 6/E, 1102 Hungary","https://www.google.com/maps/place/Budapest,+K%C5%91r%C3%B6si+Csoma+S%C3%A1ndor+%C3%BAt+6%2FE,+1102+Hungary/@47.4831973,19.1302917,17z/data=!3m1!4b1!4m6!3m5!1s0x4741c33528a63921:0x7f357696dd7478cb!8m2!3d47.4831973!4d19.1302917!16s%2Fg%2F11s5632ksh?hl=en&entry=ttu&g_ep=EgoyMDI2MDkwOS4wIKXMDSoASAFQAw%3D%3D"
CigiMarket Bt.,DKE1600000175,"1146 Budapest, Thököly út 150.",2025.06.04,2033.06.30,47.5171741,19.1083009,ok,"Budapest, Thököly út 150, 1146 Hungary","https://www.google.com/maps/place/Budapest,+Th%C3%B6k%C3%B6ly+%C3%BAt+150,+1146+Hungary/@47.5171741,19.1083009,17z/data=!3m1!4b1!4m6!3m5!1s0x4741db7b2a8b996d:0xbe29d4bfc81679aa!8m2!3d47.5171741!4d19.1083009!16s%2Fg%2F11j8x31885?hl=en&entry=ttu&g_ep=EgoyMDI2MDkwOS4wIKXMDSoASAFQAw%3D%3D"
CigiMarket Bt.,DKE1700000018,"1037 Budapest, Bécsi út 265.",2025.06.04,2033.06.30,47.5501155,19.0288549,ok,"Budapest, Bécsi út 265, 1037 Hungary","https://www.google.com/maps/place/Budapest,+B%C3%A9csi+%C3%BAt+265,+1037+Hungary/@47.5501155,19.0288549,17z/data=!3m1!4b1!4m6!3m5!1s0x4741d96cc0d00f8b:0x652d5f02f7ac0aff!8m2!3d47.5501155!4d19.0288549!16s%2Fg%2F11t2y9m0hs?hl=en&entry=ttu&g_ep=EgoyMDI2MDkwOS4wIKXMDSoASAFQAw%3D%3D"
Cipido Trafik Bt.,DKE1700000103,1133 Budapest 13. ker. Véső utca 11.,2013.07.01,2033.06.30,47.5290787,19.0625273,ok,"Budapest, Véső u. 11, 1133 Hungary","https://www.google.com/maps/place/Budapest,+V%C3%A9s%C5%91+u.+11,+1133+Hungary/@47.5290787,19.0625273,17z/data=!3m1!4b1!4m6!3m5!1s0x4741dbee40da10d7:0x8f121f0f6efabb11!8m2!3d47.5290787!4d19.0625273!16s%2Fg%2F11j6zjy4lr?hl=en&entry=ttu&g_ep=EgoyMDI2MDkwOS4wIKXMDSoASAFQAw%3D%3D"
Cipido Trafik Bt.,DKE1700000104,1035 Budapest 03. ker. Szentendrei út 34.,2013.07.01,2033.06.30,47.5487084,19.0428819,ok,"Budapest, Szentendrei út 34, 1035 Hungary","https://www.google.com/maps/place/Budapest,+Szentendrei+%C3%BAt+34,+1035+Hungary/@47.5487084,19.0428819,17z/data=!3m1!4b1!4m6!3m5!1s0x4741d9659ef5ca43:0xe6758731d88e4476!8m2!3d47.5487084!4d19.0428819!16s%2Fg%2F11rgdlcnzl?hl=en&entry=ttu&g_ep=EgoyMDI2MDkwOS4wIKXMDSoASAFQAw%3D%3D"
Csajszik Vend.Ker. és Szolg. Bt,DKE1700000047,1046 Budapest 04. ker. Erdősor utca 3-5,2013.07.01,2033.06.30,47.580252,19.0986185,ok,"Budapest, Erdősor út 3-5, 1044 Hungary","https://www.google.com/maps/place/Budapest,+Erd%C5%91sor+%C3%BAt+3-5,+1044+Hungary/@47.580252,19.0986185,17z/data=!3m1!4b1!4m6!3m5!1s0x4741da119f14df6f:0xdc9278e893c1b0fd!8m2!3d47.580252!4d19.0986185!16s%2Fg%2F11q2nflbn2?hl=en&entry=ttu&g_ep=EgoyMDI2MDkwOS4wIKXMDSoASAFQAw%3D%3D"
Csaszi Trafik Bt,DKE1700000193,1041 Budapest 04. ker. Templom utca 1.,2013.07.01,2033.06.30,47.5636336,19.0878004,ok,"Budapest, Templom u. 1, 1041 Hungary","https://www.google.com/maps/place/Budapest,+Templom+u.+1,+1041+Hungary/@47.5636336,19.0878004,17z/data=!3m1!4b1!4m6!3m5!1s0x4741da30a50c971f:0x4850bafff5c8427f!8m2!3d47.5636336!4d19.0878004!16s%2Fg%2F11knl05xb0?hl=en&entry=ttu&g_ep=EgoyMDI2MDkwOS4wIKXMDSoASAFQAw%3D%3D"
CSERR-TRAFIK Bt.,DKE1600000079,"1173 Budapest, Újlak utca 9.",2023.03.14,2033.06.30,47.4810141,19.2398755,ok,"Budapest, Újlak u. 9, 1173 Hungary","https://www.google.com/maps/place/Budapest,+%C3%9Ajlak+u.+9,+1173+Hungary/@47.4810141,19.2398755,17z/data=!3m1!4b1!4m6!3m5!1s0x4741c3fc0f0cec8b:0xcb3f0b7af8005342!8m2!3d47.4810141!4d19.2398755!16s%2Fg%2F11csnmqgsf?hl=en&entry=ttu&g_ep=EgoyMDI2MDkwOS4wIKXMDSoASAFQAw%3D%3D"
Cseszter- Dohány Bt,DKE1700000093,1027 Budapest 02. ker. Varsányi Irén utca 1.,2013.07.01,2033.06.30,47.5096143,19.0334503,no_place,,"https://www.google.com/maps/search/1027+Budapest+02.+ker.+Vars%C3%A1nyi+Ir%C3%A9n+utca+1./@47.5060496,19.039848,16z/data=!3m1!4b1?hl=en&entry=ttu&g_ep=EgoyMDI2MDkwOS4wIKXMDSoASAFQAw%3D%3D"
CSÍKOSA TRAFIK Bt.,DKE1600000267,"1142 Budapest, Erzsébet királyné útja 125.",2023.08.11,2033.06.30,47.5352848,19.1134779,ok,"Budapest, Erzsébet királyné útja 125, 1142 Hungary","https://www.google.com/maps/place/Budapest,+Erzs%C3%A9bet+kir%C3%A1lyn%C3%A9+%C3%BAtja+125,+1142+Hungary/@47.5352848,19.1134779,17z/data=!3m1!4b1!4m6!3m5!1s0x4741db094b50fe71:0x322c5c69d534f1!8m2!3d47.5352848!4d19.1134779!16s%2Fg%2F11csngdmbm?hl=en&entry=ttu&g_ep=EgoyMDI2MDkwOS4wIKXMDSoASAFQAw%3D%3D"
CSÍKOSA TRAFIK Bt.,DKE1700000131,"1033 Budapest, Miklós utca 5.",2023.08.11,2033.06.30,47.5431603,19.0428717,ok,"Budapest, Miklós utcai panelház, Miklós u. 5, 1035 Hungary","https://www.google.com/maps/place/Budapest,+Mikl%C3%B3s+utcai+panelh%C3%A1z,+Mikl%C3%B3s+u.+5,+1035+Hungary/@47.5431603,19.0428717,17z/data=!3m1!4b1!4m6!3m5!1s0x4741d9671789c32b:0xa8f8bfb1e32f1a23!8m2!3d47.5431603!4d19.0428717!16s%2Fg%2F11q2ndylvf?hl=en&entry=ttu&g_ep=EgoyMDI2MDkwOS4wIKXMDSoASAFQAw%3D%3D"
Csiszitipp Bt.,DKE1600000137,1163 Budapest 16. ker. Sashalmi tér 1.,2013.07.01,2033.06.30,47.5099459,19.1709812,ok,"Budapest, Sashalmi tér 1, 1163 Hungary","https://www.google.com/maps/place/Budapest,+Sashalmi+t%C3%A9r+1,+1163+Hungary/@47.5099459,19.1709812,17z/data=!3m1!4b1!4m6!3m5!1s0x4741c4bca38231c3:0x8b0c21d406b42a64!8m2!3d47.5099459!4d19.1709812!16s%2Fg%2F11jn4ff8f7?hl=en&entry=ttu&g_ep=EgoyMDI2MDkwOS4wIKXMDSoASAFQAw%3D%3D"
CSITABAK Bt.,DKE1600000241,"1086 Budapest, Baross
 utca 129. földszint",2024.07.26,2033.06.30,47.4892442,19.0897169,ok,"Budapest, Baross u 129, 1086 Hungary","https://www.google.com/maps/place/Budapest,+Baross+u+129,+1086+Hungary/@47.4892442,19.0897169,17z/data=!3m1!4b1!4m6!3m5!1s0x4741dced8f6fe0f1:0xc43ee8f8c6ae4019!8m2!3d47.4892442!4d19.0897169!16s%2Fg%2F11t3gfbdxt?hl=en&entry=ttu&g_ep=EgoyMDI2MDkwOS4wIKXMDSoASAFQAw%3D%3D"
CSITABAK Bt.,DKE1600000242,"1077 Budapest, Wesselényi utca 19.",2023.08.04,2033.06.30,47.497653,19.064149,ok,"Budapest, Wesselényi utca 19, 1077 Hungary","https://www.google.com/maps/place/Budapest,+Wessel%C3%A9nyi+utca+19,+1077+Hungary/@47.497653,19.064149,17z/data=!3m1!4b1!4m6!3m5!1s0x4741dc68005916a9:0x6ce43ad8e04a88f7!8m2!3d47.497653!4d19.064149!16s%2Fg%2F11b8yj779z?hl=en&entry=ttu&g_ep=EgoyMDI2MDkwOS4wIKXMDSoASAFQAw%3D%3D"
CSITABAK Bt.,DKE1700000132,"1035 Budapest, Bécsi út 325-337.",2023.08.04,2033.06.30,47.5600806,19.024958,ok,"Budapest, Nemzeti dohánybolt, Bécsi út 325, 1037 Hungary","https://www.google.com/maps/place/Budapest,+Nemzeti+doh%C3%A1nybolt,+B%C3%A9csi+%C3%BAt+325,+1037+Hungary/@47.5600806,19.024958,17z/data=!3m1!4b1!4m6!3m5!1s0x4741d9093617cd2b:0x74b892ce863d0962!8m2!3d47.5600806!4d19.024958!16s%2Fg%2F11csfv00ls?hl=en&entry=ttu&g_ep=EgoyMDI2MDkwOS4wIKXMDSoASAFQAw%3D%3D"
Cukicigi Bt,DKE1010000060,1201 Budapest 20. ker. Vörösmarty utca 178,2013.07.01,2033.06.30,47.4208743,19.1193348,ok,"Budapest, Vörösmarty u. 178, 1201 Hungary","https://www.google.com/maps/place/Budapest,+V%C3%B6r%C3%B6smarty+u.+178,+1201+Hungary/@47.4208743,19.1193348,17z/data=!3m1!4b1!4m6!3m5!1s0x4741e8222cd1de65:0x11ca6b7c3cc91fd6!8m2!3d47.4208743!4d19.1193348!16s%2Fg%2F11fwhm3ft9?hl=en&entry=ttu&g_ep=EgoyMDI2MDkwOS4wIKXMDSoASAFQAw%3D%3D"
Cziegelmayer Anita,DKE1600000260,"1107 Budapest, Szállás utca 11/A.",2024.11.20,2033.06.30,47.4792477,19.123924,ok,"Budapest, Szállás u. 11/A, 1107 Hungary","https://www.google.com/maps/place/Budapest,+Sz%C3%A1ll%C3%A1s+u.+11%2FA,+1107+Hungary/@47.4792477,19.123924,17z/data=!3m1!4b1!4m6!3m5!1s0x4741dccce358fe87:0x9177d8c4fe450563!8m2!3d47.4792477!4d19.123924!16s%2Fg%2F11yjljshrr?hl=en&entry=ttu&g_ep=EgoyMDI2MDkwOS4wIKXMDSoASAFQAw%3D%3D"
Cziegelmayer Anita,DKE1600000280,1107 Budapest 10. ker. Bihari utca 7/A.,2013.07.01,2033.06.30,47.4739226,19.1162168,ok,"Budapest, Bihari u. 7a, 1107 Hungary","https://www.google.com/maps/place/Budapest,+Bihari+u.+7a,+1107+Hungary/@47.4739226,19.1162168,17z/data=!3m1!4b1!4m6!3m5!1s0x4741dcd3dd7e5537:0xcecb0e95bb8ed946!8m2!3d47.4739226!4d19.1162168!16s%2Fg%2F11j6zk1s39?hl=en&entry=ttu&g_ep=EgoyMDI2MDkwOS4wIKXMDSoASAFQAw%3D%3D"
Dallos Klára Ágnes,DKE1600000049,"1141 Budapest, Vezér utca 74.",2023.07.26,2033.06.30,47.513316,19.136671,ok,"Budapest, Vezér u 74, 1146 Hungary","https://www.google.com/maps/place/Budapest,+Vez%C3%A9r+u+74,+1146+Hungary/@47.513316,19.136671,17z/data=!3m1!4b1!4m6!3m5!1s0x4741db506c2b14b3:0x8df161328aa5a084!8m2!3d47.513316!4d19.136671!16s%2Fg%2F11nnsccwq2?hl=en&entry=ttu&g_ep=EgoyMDI2MDkwOS4wIKXMDSoASAFQAw%3D%3D"
Dallos Klára Ágnes,DKE1600000050,"1141 Budapest, Hrsz. 31484/136.",2023.08.21,2033.06.30,,,no_place,,"https://www.google.com/maps/search/1141+Budapest,+Hrsz.+31484%2F136./@47.5187759,19.1310516,14z/data=!3m1!4b1?hl=en&entry=ttu&g_ep=EgoyMDI2MDkwOS4wIKXMDSoASAFQAw%3D%3D"
Dallos Klára Ágnes,DKE1600000051,"1144 Budapest, Rákosfalva park 3.",2023.07.26,2033.06.30,47.5072861,19.1461143,ok,"Budapest, Rákosfalva park 3, 1144 Hungary","https://www.google.com/maps/place/Budapest,+R%C3%A1kosfalva+park+3,+1144+Hungary/@47.5072861,19.1461143,17z/data=!3m1!4b1!4m6!3m5!1s0x4741db54b348f2a9:0x26a97fdc381a3d1c!8m2!3d47.5072861!4d19.1461143!16s%2Fg%2F11s3wv3y3r?hl=en&entry=ttu&g_ep=EgoyMDI2MDkwOS4wIKXMDSoASAFQAw%3D%3D"
Darabos Levente,DKE1600000095,1171 Budapest 17. ker. Nyomdász utca 1.,2013.07.01,2033.06.30,47.4615083,19.2988623,ok,"Budapest, Nyomdász u. 1, 1171 Hungary","https://www.google.com/maps/place/Budapest,+Nyomd%C3%A1sz+u.+1,+1171+Hungary/@47.4615083,19.2988623,17z/data=!3m1!4b1!4m6!3m5!1s0x4741c0d94db2450d:0x7d6641a82967ac99!8m2!3d47.4615083!4d19.2988623!16s%2Fg%2F11j34gs3fk?hl=en&entry=ttu&g_ep=EgoyMDI2MDkwOS4wIKXMDSoASAFQAw%3D%3D"
Dé-Es Tabak Bt,DKE1600000103,1173 Budapest 17. ker. Kis utca 3.,2013.07.01,2033.06.30,47.4824273,19.2389545,ok,"Budapest, Kis u. 3, 1173 Hungary","https://www.google.com/maps/place/Budapest,+Kis+u.+3,+1173+Hungary/@47.4824273,19.2389545,17z/data=!3m1!4b1!4m6!3m5!1s0x4741c3f95b729b71:0x49ac20d84ac512c5!8m2!3d47.4824273!4d19.2389545!16s%2Fg%2F11c5pnbhf1?hl=en&entry=ttu&g_ep=EgoyMDI2MDkwOS4wIKXMDSoASAFQAw%3D%3D"
Deme-Kisker 2013 Bt,DKE1600000156,1108 Budapest 10. ker. Újhegyi sétány 12.,2013.07.01,2033.06.30,47.4694463,19.1611176,ok,"Budapest, Újhegyi stny. 12, 1108 Hungary","https://www.google.com/maps/place/Budapest,+%C3%9Ajhegyi+stny.+12,+1108+Hungary/@47.4694463,19.1611176,17z/data=!3m1!4b1!4m6!3m5!1s0x4741c31a629712dd:0xe7fbccf14c724fc6!8m2!3d47.4694463!4d19.1611176!16s%2Fg%2F11rg60pvg0?hl=en&entry=ttu&g_ep=EgoyMDI2MDkwOS4wIKXMDSoASAFQAw%3D%3D"
Dident Tobacco Bt,DKE1010000213,1215 Budapest 21. ker. Ady Endre út 65,2013.07.01,2033.06.30,47.434639,19.0813143,ok,"Budapest, Ady Endre út 65, 1215 Hungary","https://www.google.com/maps/place/Budapest,+Ady+Endre+%C3%BAt+65,+1215+Hungary/@47.434639,19.0813143,17z/data=!3m1!4b1!4m6!3m5!1s0x4741dd578f29c021:0x7f3467c37d02c2e5!8m2!3d47.434639!4d19.0813143!16s%2Fg%2F11fwhl03lr?hl=en&entry=ttu&g_ep=EgoyMDI2MDkwOS4wIKXMDSoASAFQAw%3D%3D"
Dident Tobacco Bt,DKE1010000260,1214 Budapest 21. ker. II. Rákóczi Ferenc út 366.,2013.07.05,2033.06.30,47.3950036,19.0435071,ok,"Budapest, II. Rákóczi Ferenc út 366, 1214 Hungary","https://www.google.com/maps/place/Budapest,+II.+R%C3%A1k%C3%B3czi+Ferenc+%C3%BAt+366,+1214+Hungary/@47.3950036,19.0435071,17z/data=!3m1!4b1!4m6!3m5!1s0x4741e634475e7b05:0xab802865d4e71cca!8m2!3d47.3950036!4d19.0435071!16s%2Fg%2F11csn0r0z3?hl=en&entry=ttu&g_ep=EgoyMDI2MDkwOS4wIKXMDSoASAFQAw%3D%3D"
Dident Tobacco Bt,DKE1010000272,1214 Budapest 21. ker. Nap utca 2.,2013.07.01,2033.06.30,47.4153006,19.0623491,ok,"Budapest, Nap u. 2, 1214 Hungary","https://www.google.com/maps/place/Budapest,+Nap+u.+2,+1214+Hungary/@47.4153006,19.0623491,17z/data=!3m1!4b1!4m6!3m5!1s0x4741e7c271f27493:0xcde47dcff3aca5bd!8m2!3d47.4153006!4d19.0623491!16s%2Fg%2F11rg5ylf_y?hl=en&entry=ttu&g_ep=EgoyMDI2MDkwOS4wIKXMDSoASAFQAw%3D%3D"
Dident Tobacco Bt,DKE1010000273,1214 Budapest 21. ker. Vénusz utca 33.,2013.07.01,2033.06.30,47.4093308,19.0595044,ok,"Budapest, Vénusz u. 33, 1214 Hungary","https://www.google.com/maps/place/Budapest,+V%C3%A9nusz+u.+33,+1214+Hungary/@47.4093308,19.0595044,17z/data=!3m1!4b1!4m6!3m5!1s0x4741e7c457e34f83:0xac9071f374c67315!8m2!3d47.4093308!4d19.0595044!16s%2Fg%2F11y1kdl40g?hl=en&entry=ttu&g_ep=EgoyMDI2MDkwOS4wIKXMDSoASAFQAw%3D%3D"
Dident Tobacco Bt,DKE1010000276,1211 Budapest 21. ker. Mansfeld Péter utca 92.,2013.07.01,2033.06.30,47.4222942,19.0615644,ok,"Budapest, Mansfeld Péter utca 92, 1211 Hungary","https://www.google.com/maps/place/Budapest,+Mansfeld+P%C3%A9ter+utca+92,+1211+Hungary/@47.4222942,19.0615644,17z/data=!3m1!4b1!4m6!3m5!1s0x4741e7ec60b14949:0x2af476eee87263e2!8m2!3d47.4222942!4d19.0615644!16s%2Fg%2F11ffv3srcs?hl=en&entry=ttu&g_ep=EgoyMDI2MDkwOS4wIKXMDSoASAFQAw%3D%3D"
Diego Trade Bt.,DKE1010000093,"1095 Budapest, Boráros téri  aluljáró alsó szint 12.",2022.12.21,2033.06.30,47.4786229,19.0674638,ok,Dunaház Shopping Mall,"https://www.google.com/maps/place/Dunah%C3%A1z+Shopping+Mall/@47.4786229,19.0674638,17z/data=!3m1!4b1!4m6!3m5!1s0x4741dcff7c71f213:0xbe8c3244669cef2b!8m2!3d47.4786229!4d19.0674638!16s%2Fg%2F11d_c_sq1n?hl=en&entry=ttu&g_ep=EgoyMDI2MDkwOS4wIKXMDSoASAFQAw%3D%3D"
Diego Trade Bt.,DKE1010000123,"1114 Budapest, Bartók Béla út 49.",2022.12.21,2033.06.30,47.478248,19.0479979,ok,"Budapest, Bartók Béla út 49, 1114 Hungary","https://www.google.com/maps/place/Budapest,+Bart%C3%B3k+B%C3%A9la+%C3%BAt+49,+1114+Hungary/@47.478248,19.0479979,17z/data=!3m1!4b1!4m6!3m5!1s0x4741ddb2df338f9f:0x2a4044ed58bd3e56!8m2!3d47.478248!4d19.0479979!16s%2Fg%2F11w2dk6p15?hl=en&entry=ttu&g_ep=EgoyMDI2MDkwOS4wIKXMDSoASAFQAw%3D%3D"
Diego Trade Bt.,DKE1600000105,"1146 Budapest, Thököly út 117.",2022.12.21,2033.06.30,47.5135401,19.1027152,ok,"Budapest, Thököly út 117, 1147 Hungary","https://www.google.com/maps/place/Budapest,+Th%C3%B6k%C3%B6ly+%C3%BAt+117,+1147+Hungary/@47.5135401,19.1027152,17z/data=!3m1!4b1!4m6!3m5!1s0x4741db7cf95d5d6f:0x932d545d05a0a98c!8m2!3d47.5135401!4d19.1027152!16s%2Fg%2F11y5j1vgdr?hl=en&entry=ttu&g_ep=EgoyMDI2MDkwOS4wIKXMDSoASAFQAw%3D%3D"
Diego Trade Bt.,DKE1700000098,"1134 Budapest, Dózsa György úti aluljáró Csat. Műv. telep",2022.12.21,2033.06.30,,,no_place,,"https://www.google.com/maps/search/1134+Budapest,+D%C3%B3zsa+Gy%C3%B6rgy+%C3%BAti+alulj%C3%A1r%C3%B3+Csat.+M%C5%B1v.+telep/@47.5107181,19.0843807,14z/data=!3m1!4b1?hl=en&entry=ttu&g_ep=EgoyMDI2MDkwOS4wIKXMDSoASAFQAw%3D%3D"
Dió Dohány Bt,DKE1600000179,1102 Budapest 10. ker. Kőrösi Csoma Sándor út 40.,2013.07.01,2033.06.30,47.4906908,19.1368996,ok,"Budapest, Kőrösi Csoma Sándor út 40, 1102 Hungary","https://www.google.com/maps/place/Budapest,+K%C5%91r%C3%B6si+Csoma+S%C3%A1ndor+%C3%BAt+40,+1102+Hungary/@47.4906908,19.1368996,17z/data=!3m1!4b1!4m6!3m5!1s0x4741c34ceb549525:0xc0c44a72b9201d05!8m2!3d47.4906908!4d19.1368996!16s%2Fg%2F11gm_qdqh0?hl=en&entry=ttu&g_ep=EgoyMDI2MDkwOS4wIKXMDSoASAFQAw%3D%3D"
DO & MA '96 Bt.,DKE1010000191,"1183 Budapest, Gyömrői út 174.",2024.07.26,2033.06.30,47.454756,19.1897622,ok,"Budapest, Gyömrői út 174, 1183 Hungary","https://www.google.com/maps/place/Budapest,+Gy%C3%B6mr%C5%91i+%C3%BAt+174,+1183+Hungary/@47.454756,19.1897622,17z/data=!3m1!4b1!4m6!3m5!1s0x4741c24cb49da16d:0xe2714b3d1d069b6c!8m2!3d47.454756!4d19.1897622!16s%2Fg%2F11csfct66_?hl=en&entry=ttu&g_ep=EgoyMDI2MDkwOS4wIKXMDSoASAFQAw%3D%3D"
Dohány és Ital Shop Bt,DKE1700000080,1038 Budapest 03. ker. Hollós Korvin Lajos utca 6.,2013.07.01,2033.06.30,47.5945301,19.0500623,ok,"Budapest, Hollós Korvin Lajos u. 6, 1039 Hungary","https://www.google.com/maps/place/Budapest,+Holl%C3%B3s+Korvin+Lajos+u.+6,+1039+Hungary/@47.5945301,19.0500623,17z/data=!3m1!4b1!4m6!3m5!1s0x4741d9db9215c0b1:0x8370f0a6f396d4a!8m2!3d47.5945301!4d19.0500623!16s%2Fg%2F11c2c4nmm0?hl=en&entry=ttu&g_ep=EgoyMDI2MDkwOS4wIKXMDSoASAFQAw%3D%3D"
DOHÁNY-ÁSZ Bt.,DKE1600000189,"1082 Budapest, Üllői út 54. földszint 4. ajtó",2025.01.15,2033.06.30,47.4838086,19.0757436,no_place,,"https://www.google.com/maps/search/1082+Budapest,+%C3%9Cll%C5%91i+%C3%BAt+54.+f%C3%B6ldszint+4.+ajt%C3%B3/@47.4845786,19.0740578,17z/data=!3m1!4b1?hl=en&entry=ttu&g_ep=EgoyMDI2MDkwOS4wIKXMDSoASAFQAw%3D%3D"
Dohány-Palota Bt,DKE1600000039,1152 Budapest 15. ker. Öregfalusi utca 2.,2013.07.01,2033.06.30,47.5642527,19.1207714,ok,"Budapest, Öregfalusi u. 2, 1152 Hungary","https://www.google.com/maps/place/Budapest,+%C3%96regfalusi+u.+2,+1152+Hungary/@47.5642527,19.1207714,17z/data=!3m1!4b1!4m6!3m5!1s0x4741da5eb87ce6c3:0xc7af3f231e03f2b7!8m2!3d47.5642527!4d19.1207714!16s%2Fg%2F11nnks09fm?hl=en&entry=ttu&g_ep=EgoyMDI2MDkwOS4wIKXMDSoASAFQAw%3D%3D"
DOHÁNYÁRUDA Bt.,DKE1010000318,"1117 Budapest, Fehérvári út 24.",2024.08.05,2033.06.30,47.4737437,19.0465427,ok,"Budapest, Fehérvári út 24, 1117 Hungary","https://www.google.com/maps/place/Budapest,+Feh%C3%A9rv%C3%A1ri+%C3%BAt+24,+1117+Hungary/@47.4737437,19.0465427,17z/data=!3m1!4b1!4m6!3m5!1s0x4741ddb192585aeb:0x1619e57adfec350f!8m2!3d47.4737437!4d19.0465427!16s%2Fg%2F11j6zjv3k5?hl=en&entry=ttu&g_ep=EgoyMDI2MDkwOS4wIKXMDSoASAFQAw%3D%3D"
Domino Tabak Bt,DKE1600000092,1173 Budapest 17. ker. Pesti út 237/H.,2013.07.01,2033.06.30,47.4726751,19.2745993,no_place,,"https://www.google.com/maps/search/1173+Budapest+17.+ker.+Pesti+%C3%BAt+237%2FH./@47.4722668,19.2760463,18z/data=!3m1!4b1?hl=en&entry=ttu&g_ep=EgoyMDI2MDkwOS4wIKXMDSoASAFQAw%3D%3D"
Domino Tabak Bt,DKE1600000211,1161 Budapest 16. ker. János utca 196.,2013.07.01,2033.06.30,47.5336821,19.1618743,ok,"Budapest, János u. 196, 1161 Hungary","https://www.google.com/maps/place/Budapest,+J%C3%A1nos+u.+196,+1161+Hungary/@47.5336821,19.1618743,17z/data=!3m1!4b1!4m6!3m5!1s0x4741db2ce33f53d9:0x9414505baf6d1ea6!8m2!3d47.5336821!4d19.1618743!16s%2Fg%2F11c2bhhyb2?hl=en&entry=ttu&g_ep=EgoyMDI2MDkwOS4wIKXMDSoASAFQAw%3D%3D"
Domonkos Eszter Judit,DKE1600000110,1105 Budapest 10. ker. Gergely utca 2.,2013.07.01,2033.06.30,47.4805209,19.134275,ok,"Budapest, Gergely u. 2, 1105 Hungary","https://www.google.com/maps/place/Budapest,+Gergely+u.+2,+1105+Hungary/@47.4805209,19.134275,17z/data=!3m1!4b1!4m6!3m5!1s0x4741c312dd5ebb71:0x38bb5c86641d7768!8m2!3d47.4805209!4d19.134275!16s%2Fg%2F11y2lrxh_w?hl=en&entry=ttu&g_ep=EgoyMDI2MDkwOS4wIKXMDSoASAFQAw%3D%3D"
Domonkos László István,DKE1700000174,"1027 Budapest, Csalogány utca 55.",2024.10.18,2033.06.30,47.5083431,19.0284059,ok,"Budapest, Csalogány u. 55, 1027 Hungary","https://www.google.com/maps/place/Budapest,+Csalog%C3%A1ny+u.+55,+1027+Hungary/@47.5083431,19.0284059,17z/data=!3m1!4b1!4m6!3m5!1s0x4741dc1dfb1de399:0x985edb172a2dcd5d!8m2!3d47.5083431!4d19.0284059!16s%2Fg%2F11bw3y_wyq?hl=en&entry=ttu&g_ep=EgoyMDI2MDkwOS4wIKXMDSoASAFQAw%3D%3D"
Domonkos Péter Pál,DKE1600000056,1104 Budapest 10. ker. Mádi utca 84.,2013.07.01,2033.06.30,47.4826589,19.1507248,ok,"Budapest, Mádi u. 84, 1104 Hungary","https://www.google.com/maps/place/Budapest,+M%C3%A1di+u.+84,+1104+Hungary/@47.4826589,19.1507248,17z/data=!3m1!4b1!4m6!3m5!1s0x4741c3d9951af81f:0xae7e1125493a4963!8m2!3d47.4826589!4d19.1507248!16s%2Fg%2F11kblfb3ck?hl=en&entry=ttu&g_ep=EgoyMDI2MDkwOS4wIKXMDSoASAFQAw%3D%3D"
Donászy Péter,DKE1600000148,1065 Budapest 06. ker. Nagymező utca 21.,2013.07.01,2033.06.30,47.504295,19.0592849,ok,"Budapest, Nagymező u. 21, 1065 Hungary","https://www.google.com/maps/place/Budapest,+Nagymez%C5%91+u.+21,+1065+Hungary/@47.504295,19.0592849,17z/data=!3m1!4b1!4m6!3m5!1s0x4741dc6c5c4f665f:0x8fd126471b7b6de7!8m2!3d47.504295!4d19.0592849!16s%2Fg%2F11cs7hmq_z?hl=en&entry=ttu&g_ep=EgoyMDI2MDkwOS4wIKXMDSoASAFQAw%3D%3D"
Dopi Cigi Bt,DKE1700000164,1138 Budapest 13. ker. Váci út 187.,2013.07.01,2033.06.30,47.5556183,19.076533,ok,"Budapest, Váci út 187, 1138 Hungary","https://www.google.com/maps/place/Budapest,+V%C3%A1ci+%C3%BAt+187,+1138+Hungary/@47.5556183,19.076533,17z/data=!3m1!4b1!4m6!3m5!1s0x4741dbcd5238c199:0x47f9e9120b619f60!8m2!3d47.5556183!4d19.076533!16s%2Fg%2F11cpp2mh15?hl=en&entry=ttu&g_ep=EgoyMDI2MDkwOS4wIKXMDSoASAFQAw%3D%3D"
Dopi Cigi Bt,DKE1700000165,1138 Budapest 13. ker. Népfürdő utca 15/A,2013.07.01,2033.06.30,47.5298642,19.0589027,ok,"Budapest, Népfürdő u. 15/A, 1138 Hungary","https://www.google.com/maps/place/Budapest,+N%C3%A9pf%C3%BCrd%C5%91+u.+15%2FA,+1138+Hungary/@47.5298642,19.0589027,17z/data=!3m1!4b1!4m6!3m5!1s0x4741dbef921af089:0x29648f8f5d7b7e15!8m2!3d47.5298642!4d19.0589027!16s%2Fg%2F11q2njcvhy?hl=en&entry=ttu&g_ep=EgoyMDI2MDkwOS4wIKXMDSoASAFQAw%3D%3D"
Dorkó Zsolt,DKE1600000322,1165 Budapest 16. ker. Veres Péter út 114.,2015.02.03,2034.10.30,47.5118011,19.1933784,ok,"Budapest, Veres Péter út 114, 1165 Hungary","https://www.google.com/maps/place/Budapest,+Veres+P%C3%A9ter+%C3%BAt+114,+1165+Hungary/@47.5118011,19.1933784,17z/data=!3m1!4b1!4m6!3m5!1s0x4741c492714528bd:0xc9449f956a7b7213!8m2!3d47.5118011!4d19.1933784!16s%2Fg%2F11r_gq2j9h?hl=en&entry=ttu&g_ep=EgoyMDI2MDkwOS4wIKXMDSoASAFQAw%3D%3D"
Dostal Józsefné,DKE8110000147,"2040 Budaörs, Budapesti út 124.",2024.06.27,2033.06.30,47.4627664,18.9796997,ok,"Budaörs, Budapesti út 124, 2040 Hungary","https://www.google.com/maps/place/Buda%C3%B6rs,+Budapesti+%C3%BAt+124,+2040+Hungary/@47.4627664,18.9796997,17z/data=!3m1!4b1!4m6!3m5!1s0x4741de104979f63b:0x64399e02e5c22fcd!8m2!3d47.4627664!4d18.9796997!16s%2Fg%2F11jn4fbj48?hl=en&entry=ttu&g_ep=EgoyMDI2MDkwOS4wIKXMDSoASAFQAw%3D%3D"
Dr. Guzmics Tibor,DKE1600000060,1171 Budapest 17. ker. Péceli út 207-209.,2013.07.01,2033.06.30,47.4890296,19.2895917,ok,"Budapest, Péceli út 207-209, 1171 Hungary","https://www.google.com/maps/place/Budapest,+P%C3%A9celi+%C3%BAt+207-209,+1171+Hungary/@47.4890296,19.2895917,17z/data=!3m1!4b1!4m6!3m5!1s0x4741c6c5e2a7e123:0xeda855422fb97125!8m2!3d47.4890296!4d19.2895917!16s%2Fg%2F11p110ydrf?hl=en&entry=ttu&g_ep=EgoyMDI2MDkwOS4wIKXMDSoASAFQAw%3D%3D"
Drexler Tobacco Bt,DKE1010000103,1203 Budapest 20. ker. Ady Endre utca 68-70.,2013.07.01,2033.06.30,47.4400844,19.1024522,ok,"Budapest, Ady Endre u. 68-70, 1203 Hungary","https://www.google.com/maps/place/Budapest,+Ady+Endre+u.+68-70,+1203+Hungary/@47.4400844,19.1024522,17z/data=!3m1!4b1!4m6!3m5!1s0x4741c2b2858ee949:0x7016deaac6ee332a!8m2!3d47.4400844!4d19.1024522!16s%2Fg%2F11q433csdm?hl=en&entry=ttu&g_ep=EgoyMDI2MDkwOS4wIKXMDSoASAFQAw%3D%3D"
Drexler Tobacco Bt,DKE1010000105,1195 Budapest 19. ker. Ady Endre - Arany János utca sarka,2013.07.01,2033.06.30,47.4561052,19.1379522,ok,"Budapest, Ady Endre út & Arany János u., 1191 Hungary","https://www.google.com/maps/place/Budapest,+Ady+Endre+%C3%BAt+%26+Arany+J%C3%A1nos+u.,+1191+Hungary/@47.4561052,19.1379522,17z/data=!3m1!4b1!4m6!3m5!1s0x4741c2dd0a1628b5:0x2da01a3e3a5dc57e!8m2!3d47.4561052!4d19.1379522!16s%2Fg%2F11h9_vb91k?hl=en&entry=ttu&g_ep=EgoyMDI2MDkwOS4wIKXMDSoASAFQAw%3D%3D"
Dudus Trafik Bt.,DKE1010000066,"1112 Budapest, Vőfély utca 1.",2015.09.16,2033.06.30,47.4615007,19.0149656,ok,"Budapest, Vőfély u. 1, 1112 Hungary","https://www.google.com/maps/place/Budapest,+V%C5%91f%C3%A9ly+u.+1,+1112+Hungary/@47.4615007,19.0149656,17z/data=!3m1!4b1!4m6!3m5!1s0x4741dde904d84657:0xfc9cb3a5e5ba95e8!8m2!3d47.4615007!4d19.0149656!16s%2Fg%2F11sf4z9y2y?hl=en&entry=ttu&g_ep=EgoyMDI2MDkwOS4wIKXMDSoASAFQAw%3D%3D"
Dudus Trafik Bt.,DKE1010000069,1113 Budapest 11. ker. Bocskai   44.,2013.07.01,2033.06.30,47.4759526,19.0368871,ok,"Budapest, Bocskai út 44, 1113 Hungary","https://www.google.com/maps/place/Budapest,+Bocskai+%C3%BAt+44,+1113+Hungary/@47.4759526,19.0368871,17z/data=!3m1!4b1!4m6!3m5!1s0x4741ddb60bcb4ffd:0x62206c99bd6a2573!8m2!3d47.4759526!4d19.0368871!16s%2Fg%2F11pw3gl_pz?hl=en&entry=ttu&g_ep=EgoyMDI2MDkwOS4wIKXMDSoASAFQAw%3D%3D"
Dukhan Team Bt.,DKE1600000272,"1071 Budapest, Damjanich utca 58.",2022.09.01,2033.06.30,47.5095697,19.0823598,ok,"Budapest, Damjanich u. 58, 1071 Hungary","https://www.google.com/maps/place/Budapest,+Damjanich+u.+58,+1071+Hungary/@47.5095697,19.0823598,17z/data=!3m1!4b1!4m6!3m5!1s0x4741dc7ea5a46f5f:0xb5763664bf67f239!8m2!3d47.5095697!4d19.0823598!16s%2Fg%2F11cs9cv8dm?hl=en&entry=ttu&g_ep=EgoyMDI2MDkwOS4wIKXMDSoASAFQAw%3D%3D"
Dukhan Team Bt.,DKE1600000273,"1077 Budapest, Dózsa György utca 54.",2022.09.01,2033.06.30,47.5065401,19.0857514,ok,"Budapest, Dózsa György út 54-1077, 1071 Hungary","https://www.google.com/maps/place/Budapest,+D%C3%B3zsa+Gy%C3%B6rgy+%C3%BAt+54-1077,+1071+Hungary/@47.5065401,19.0857514,17z/data=!3m1!4b1!4m5!3m4!1s0x4741dc7d86127e6b:0x46f01ec2c88d83e9!8m2!3d47.5065401!4d19.0857514?hl=en&entry=ttu&g_ep=EgoyMDI2MDkwOS4wIKXMDSoASAFQAw%3D%3D"
Éliás Gábor,DKE1010000023,1119 Budapest 11. ker. Fehérvári út 88/A.,2013.07.01,2033.06.30,47.462867,19.042904,ok,"Budapest, Fehérvári út 88a, 1119 Hungary","https://www.google.com/maps/place/Budapest,+Feh%C3%A9rv%C3%A1ri+%C3%BAt+88a,+1119+Hungary/@47.462867,19.042904,17z/data=!3m1!4b1!4m6!3m5!1s0x4741dda32262eafd:0xa0167ac8dc91a4bb!8m2!3d47.462867!4d19.042904!16s%2Fg%2F11cs8z6gy0?hl=en&entry=ttu&g_ep=EgoyMDI2MDkwOS4wIKXMDSoASAFQAw%3D%3D"
Éliás Gábor,DKE8110000248,"2040 Budaörs, Budapesti út 61-63.",2022.10.03,2033.06.30,47.4620919,18.9710292,ok,"Budaörs, Budapesti út 61-63, 2040 Hungary","https://www.google.com/maps/place/Buda%C3%B6rs,+Budapesti+%C3%BAt+61-63,+2040+Hungary/@47.4620919,18.9710292,17z/data=!3m1!4b1!4m6!3m5!1s0x4741de177d6dafb1:0xab87494c0d6cb695!8m2!3d47.4620919!4d18.9710292!16s%2Fg%2F11xt3p6zym?hl=en&entry=ttu&g_ep=EgoyMDI2MDkwOS4wIKXMDSoASAFQAw%3D%3D"
Elszívlak Bt.,DKE1010000330,"1184 Budapest, Kézműves utca 6.",2025.08.18,2034.10.28,47.4515793,19.1683432,ok,"Budapest, Kézműves u. 6, 1184 Hungary","https://www.google.com/maps/place/Budapest,+K%C3%A9zm%C5%B1ves+u.+6,+1184+Hungary/@47.4515793,19.1683432,17z/data=!3m1!4b1!4m6!3m5!1s0x4741c25639d414e1:0x58665d07daee61d3!8m2!3d47.4515793!4d19.1683432!16s%2Fg%2F11hf7_6l63?hl=en&entry=ttu&g_ep=EgoyMDI2MDkwOS4wIKXMDSoASAFQAw%3D%3D"
Enzsöl Zsuzsanna,DKE1700000010,1041 Budapest 04. ker. Árpád-István út Metró aluljáró 1,2013.07.01,2033.06.30,,,no_place,,"https://www.google.com/maps/search/1041+Budapest+04.+ker.+%C3%81rp%C3%A1d-Istv%C3%A1n+%C3%BAt+Metr%C3%B3+alulj%C3%A1r%C3%B3+1/@47.560936,19.0880448,16z/data=!3m1!4b1?hl=en&entry=ttu&g_ep=EgoyMDI2MDkwOS4wIKXMDSoASAFQAw%3D%3D"
Epres Gábor László,DKE1600000172,1171 Budapest 17. ker. Péceli út 126.,2013.07.01,2033.06.30,47.4840049,19.2769948,ok,"Budapest, Péceli út 126, 1171 Hungary","https://www.google.com/maps/place/Budapest,+P%C3%A9celi+%C3%BAt+126,+1171+Hungary/@47.4840049,19.2769948,17z/data=!3m1!4b1!4m6!3m5!1s0x4741c6b594fe871f:0x42e74e8b154b3b47!8m2!3d47.4840049!4d19.2769948!16s%2Fg%2F11c5mnpmfy?hl=en&entry=ttu&g_ep=EgoyMDI2MDkwOS4wIKXMDSoASAFQAw%3D%3D"
Erdei János László,DKE1010000010,1204 Budapest 20. ker. Török Flóris   187/A.,2013.07.01,2033.06.30,47.4314188,19.1162555,ok,"Budapest, Török Flóris u. 187a, 1204 Hungary","https://www.google.com/maps/place/Budapest,+T%C3%B6r%C3%B6k+Fl%C3%B3ris+u.+187a,+1204+Hungary/@47.4314188,19.1162555,17z/data=!3m1!4b1!4m6!3m5!1s0x4741c2a151b77917:0x8479fd8d10de33e1!8m2!3d47.4314188!4d19.1162555!16s%2Fg%2F11cshnt02n?hl=en&entry=ttu&g_ep=EgoyMDI2MDkwOS4wIKXMDSoASAFQAw%3D%3D"
Erdei János László,DKE1010000011,1204 Budapest 20. ker. Lázár utca 94.,2013.07.01,2033.06.30,47.4327357,19.1278652,ok,"Budapest, Lázár u. 94, 1204 Hungary","https://www.google.com/maps/place/Budapest,+L%C3%A1z%C3%A1r+u.+94,+1204+Hungary/@47.4327357,19.1278652,17z/data=!3m1!4b1!4m6!3m5!1s0x4741c299aba0679b:0xfcf468b70e6dead4!8m2!3d47.4327357!4d19.1278652!16s%2Fg%2F11yd_ftqzm?hl=en&entry=ttu&g_ep=EgoyMDI2MDkwOS4wIKXMDSoASAFQAw%3D%3D"
Erős Dohány Bt,DKE1010000076,1221 Budapest 22. ker. Játék utca 2-12.,2013.07.01,2033.06.30,47.4277248,19.0399069,ok,"Budapest, Játék u. 2-12, 1221 Hungary","https://www.google.com/maps/place/Budapest,+J%C3%A1t%C3%A9k+u.+2-12,+1221+Hungary/@47.4277248,19.0399069,17z/data=!3m1!4b1!4m6!3m5!1s0x4741e79b7a0eb507:0x863582267b0379b5!8m2!3d47.4277248!4d19.0399069!16s%2Fg%2F11rp4vxxml?hl=en&entry=ttu&g_ep=EgoyMDI2MDkwOS4wIKXMDSoASAFQAw%3D%3D"
Ertinger Tiborné,DKE1010000075,1183 Budapest 18. ker. Széchenyi István utca 6.,2013.07.01,2033.06.30,47.4455948,19.1746692,ok,"Budapest, Széchenyi István u. 6, 1184 Hungary","https://www.google.com/maps/place/Budapest,+Sz%C3%A9chenyi+Istv%C3%A1n+u.+6,+1184+Hungary/@47.4455948,19.1746692,17z/data=!3m1!4b1!4m6!3m5!1s0x4741c25aee30ea0d:0x1a4c8eed6c9e22cd!8m2!3d47.4455948!4d19.1746692!16s%2Fg%2F11j352whkz?hl=en&entry=ttu&g_ep=EgoyMDI2MDkwOS4wIKXMDSoASAFQAw%3D%3D"
Esze-Láng Bettina Anett,DKE1010000016,1188 Budapest 18. ker. Kisfaludy utca 112.,2013.07.01,2033.06.30,47.4040515,19.1989078,ok,"Budapest, Kisfaludy u. 112, 1188 Hungary","https://www.google.com/maps/place/Budapest,+Kisfaludy+u.+112,+1188+Hungary/@47.4040515,19.1989078,17z/data=!3m1!4b1!4m6!3m5!1s0x4741ea036ea7db6b:0xa93b343385aa46e2!8m2!3d47.4040515!4d19.1989078!16s%2Fg%2F11j6zkqkft?hl=en&entry=ttu&g_ep=EgoyMDI2MDkwOS4wIKXMDSoASAFQAw%3D%3D"
"ETA és KRISZTINA
 Kereskedelmi
 Betéti Társaság",DKE1700000049,"1022 Budapest, Bimbó
 út 45.",2024.11.21,2033.06.30,47.5167143,19.0248643,ok,"Budapest, Bimbó út 45, 1022 Hungary","https://www.google.com/maps/place/Budapest,+Bimb%C3%B3+%C3%BAt+45,+1022+Hungary/@47.5167143,19.0248643,17z/data=!3m1!4b1!4m6!3m5!1s0x4741deaeddc46e23:0x97b7e73471519d4c!8m2!3d47.5167143!4d19.0248643!16s%2Fg%2F11fwhmnhm6?hl=en&entry=ttu&g_ep=EgoyMDI2MDkwOS4wIKXMDSoASAFQAw%3D%3D"
Faragó Trafik Bt,DKE1600000088,1105 Budapest 10. ker. Kápolna utca 15.,2013.07.01,2033.06.30,47.4818835,19.1309147,ok,"Budapest, Kápolna u. 15, 1105 Hungary","https://www.google.com/maps/place/Budapest,+K%C3%A1polna+u.+15,+1105+Hungary/@47.4818835,19.1309147,17z/data=!3m1!4b1!4m6!3m5!1s0x4741c334ee9f2d3b:0xa3d95a39bd19cb04!8m2!3d47.4818835!4d19.1309147!16s%2Fg%2F11l6h2fgn9?hl=en&entry=ttu&g_ep=EgoyMDI2MDkwOS4wIKXMDSoASAFQAw%3D%3D"
Faragó Trafik Bt,DKE1600000144,1173 Budapest 17. ker. Pesti út 159.,2013.07.01,2033.06.30,47.4797438,19.2517301,ok,"Budapest, Pesti út 159, 1173 Hungary","https://www.google.com/maps/place/Budapest,+Pesti+%C3%BAt+159,+1173+Hungary/@47.4797438,19.2517301,17z/data=!3m1!4b1!4m6!3m5!1s0x4741c1541e4934cf:0x3618fffaa8d9a1a5!8m2!3d47.4797438!4d19.2517301!16s%2Fg%2F11jn4dklf4?hl=en&entry=ttu&g_ep=EgoyMDI2MDkwOS4wIKXMDSoASAFQAw%3D%3D"
Faragóné Mandrik Andrea,DKE1600000316,1173 Budapest 17. ker. Jósika utca 42.,2014.10.07,2034.08.24,47.4571854,19.2326976,no_place,,"https://www.google.com/maps/search/1173+Budapest+17.+ker.+J%C3%B3sika+utca+42./@47.4570753,19.2331021,17z/data=!3m1!4b1?hl=en&entry=ttu&g_ep=EgoyMDI2MDkwOS4wIKXMDSoASAFQAw%3D%3D"
Fehér-Ifju Ivett,DKE1700000009,"1042 Budapest, Király utca 9.",2026.03.01,2033.06.30,47.5624578,19.0918893,no_place,,"https://www.google.com/maps/search/1042+Budapest,+Kir%C3%A1ly+utca+9./@47.5305567,19.0748942,13z/data=!3m1!4b1?hl=en&entry=ttu&g_ep=EgoyMDI2MDkwOS4wIKXMDSoASAFQAw%3D%3D"
Fehérfüst Bt,DKE1600000012,1157 Budapest 15. ker. Erdőkerülő utca 36.,2013.07.01,2033.06.30,47.5411515,19.1503874,ok,"Budapest, Erdőkerülő u. 36, 1157 Hungary","https://www.google.com/maps/place/Budapest,+Erd%C5%91ker%C3%BCl%C5%91+u.+36,+1157+Hungary/@47.5411515,19.1503874,17z/data=!3m1!4b1!4m6!3m5!1s0x4741db270f56cb4b:0xce6a56db49797880!8m2!3d47.5411515!4d19.1503874!16s%2Fg%2F11cslrgvwd?hl=en&entry=ttu&g_ep=EgoyMDI2MDkwOS4wIKXMDSoASAFQAw%3D%3D"
Fekecs Róbert Imréné,DKE1600000037,1108 Budapest 10. ker. Újhegyi sétány 18.,2013.07.01,2033.06.30,47.4715674,19.1643918,ok,"Budapest, Újhegyi stny. 18, 1108 Hungary","https://www.google.com/maps/place/Budapest,+%C3%9Ajhegyi+stny.+18,+1108+Hungary/@47.4715674,19.1643918,17z/data=!3m1!4b1!4m6!3m5!1s0x4741c31036b14477:0x93596a50cf2ef12e!8m2!3d47.4715674!4d19.1643918!16s%2Fg%2F11xw1bcs5j?hl=en&entry=ttu&g_ep=EgoyMDI2MDkwOS4wIKXMDSoASAFQAw%3D%3D"
Fekete 86 Dohány Bt.,DKE1600000135,1163 Budapest 16. ker. Thököly út 10.,2013.07.01,2033.06.30,47.5089081,19.1709086,ok,"Budapest, Thököly út 10, 1163 Hungary","https://www.google.com/maps/place/Budapest,+Th%C3%B6k%C3%B6ly+%C3%BAt+10,+1163+Hungary/@47.5089081,19.1709086,17z/data=!3m1!4b1!4m6!3m5!1s0x4741c4a34ceaf0bd:0x318941cfbf65409f!8m2!3d47.5089081!4d19.1709086!16s%2Fg%2F11j8x317vj?hl=en&entry=ttu&g_ep=EgoyMDI2MDkwOS4wIKXMDSoASAFQAw%3D%3D"
Feld Tabak Bt,DKE1700000038,1025 Budapest 02. ker. Törökvész út 76.,2013.07.01,2033.06.30,47.5280353,19.0061889,ok,"Budapest, Törökvész út 76, 1025 Hungary","https://www.google.com/maps/place/Budapest,+T%C3%B6r%C3%B6kv%C3%A9sz+%C3%BAt+76,+1025+Hungary/@47.5280353,19.0061889,17z/data=!3m1!4b1!4m6!3m5!1s0x4741d934bbe750d1:0x2bd1318a6466abd!8m2!3d47.5280353!4d19.0061889!16s%2Fg%2F11fwhl_pj5?hl=en&entry=ttu&g_ep=EgoyMDI2MDkwOS4wIKXMDSoASAFQAw%3D%3D"
Ferenczi Gyöngyi,DKE1600000055,1173 Budapest 17. ker. Flamingó utca 19.,2013.07.01,2033.06.30,47.4756261,19.2387522,ok,"Budapest, Flamingó u. 19, 1173 Hungary","https://www.google.com/maps/place/Budapest,+Flaming%C3%B3+u.+19,+1173+Hungary/@47.4756261,19.2387522,17z/data=!3m1!4b1!4m6!3m5!1s0x4741c3e322181813:0x26a3339a916d69cc!8m2!3d47.4756261!4d19.2387522!16s%2Fg%2F11fwhm1qn4?hl=en&entry=ttu&g_ep=EgoyMDI2MDkwOS4wIKXMDSoASAFQAw%3D%3D"
Fibaroson Bt,DKE1700000227,1034 Budapest 03. ker. Kolosy tér 5-6,2013.07.01,2033.06.30,47.5278286,19.0380506,ok,"Budapest, Kolosy tér 5-6, 1036 Hungary","https://www.google.com/maps/place/Budapest,+Kolosy+t%C3%A9r+5-6,+1036+Hungary/@47.5278286,19.0380506,17z/data=!3m1!4b1!4m6!3m5!1s0x4741d95661c2b533:0x4c030dec53248d!8m2!3d47.5278286!4d19.0380506!16s%2Fg%2F11rg6430m9?hl=en&entry=ttu&g_ep=EgoyMDI2MDkwOS4wIKXMDSoASAFQAw%3D%3D"
Filtol Trafik Bt,DKE1010000106,"1112 Budapest, Balatoni út 1.",2025.01.23,2033.06.30,47.4356833,19.0063887,ok,"Budapest, Balatoni út 1, 1112 Hungary","https://www.google.com/maps/place/Budapest,+Balatoni+%C3%BAt+1,+1112+Hungary/@47.4356833,19.0063887,17z/data=!3m1!4b1!4m6!3m5!1s0x4741e75d4d3227cd:0x341e6d133b61849d!8m2!3d47.4356833!4d19.0063887!16s%2Fg%2F11wfdhng52?hl=en&entry=ttu&g_ep=EgoyMDI2MDkwOS4wIKXMDSoASAFQAw%3D%3D"
Filtol Trafik Bt,DKE1010000151,"1111 Budapest, Karinthy Frigyes út 12.",2025.01.23,2033.06.30,47.4772118,19.0502167,ok,"Budapest, Karinthy Frigyes út 12, 1111 Hungary","https://www.google.com/maps/place/Budapest,+Karinthy+Frigyes+%C3%BAt+12,+1111+Hungary/@47.4772118,19.0502167,17z/data=!3m1!4b1!4m6!3m5!1s0x4741ddb29a6f428d:0x966104d3d708729b!8m2!3d47.4772118!4d19.0502167!16s%2Fg%2F11wfclwrjr?hl=en&entry=ttu&g_ep=EgoyMDI2MDkwOS4wIKXMDSoASAFQAw%3D%3D"
Fitti Tobacco Bt.,DKE1700000195,"1026 Budapest, Házmán utca 2.",2023.11.13,2033.06.30,47.5167398,18.9993041,ok,"Budapest, Házmán u. 2, 1026 Hungary","https://www.google.com/maps/place/Budapest,+H%C3%A1zm%C3%A1n+u.+2,+1026+Hungary/@47.5167398,18.9993041,17z/data=!3m1!4b1!4m6!3m5!1s0x4741dec646dedb67:0x5a55613ad4ba4841!8m2!3d47.5167398!4d18.9993041!16s%2Fg%2F11jn4f82ly?hl=en&entry=ttu&g_ep=EgoyMDI2MDkwOS4wIKXMDSoASAFQAw%3D%3D"
Fitti Tobacco Bt.,DKE1700000196,"1036 Budapest, Bécsi út 37.",2023.11.13,2033.06.30,47.5277337,19.0378802,ok,"Budapest, Bécsi út 37, 1036 Hungary","https://www.google.com/maps/place/Budapest,+B%C3%A9csi+%C3%BAt+37,+1036+Hungary/@47.5277337,19.0378802,17z/data=!3m1!4b1!4m6!3m5!1s0x4741d95689cc7489:0x653d46b7a9e2b0a8!8m2!3d47.5277337!4d19.0378802!16s%2Fg%2F11c5qk3jt2?hl=en&entry=ttu&g_ep=EgoyMDI2MDkwOS4wIKXMDSoASAFQAw%3D%3D"
Flórián Tabak Bt.,DKE1700000055,"1033 Budapest, Miklós tér 4.",2023.04.28,2033.06.30,47.5463588,19.043845,ok,"Budapest, Miklós tér 4, 1033 Hungary","https://www.google.com/maps/place/Budapest,+Mikl%C3%B3s+t%C3%A9r+4,+1033+Hungary/@47.5463588,19.043845,17z/data=!3m1!4b1!4m6!3m5!1s0x4741d964297cef11:0x6f34ffb587448703!8m2!3d47.5463588!4d19.043845!16s%2Fg%2F11nr875c6s?hl=en&entry=ttu&g_ep=EgoyMDI2MDkwOS4wIKXMDSoASAFQAw%3D%3D"
Flórián Tabak Bt.,DKE1700000056,"1033 Budapest, Flórián tér 6-9.",2023.04.26,2033.06.30,47.5421632,19.0401806,ok,"Budapest, Flórián tér 6-9, 1033 Hungary","https://www.google.com/maps/place/Budapest,+Fl%C3%B3ri%C3%A1n+t%C3%A9r+6-9,+1033+Hungary/@47.5421632,19.0401806,17z/data=!3m1!4b1!4m6!3m5!1s0x4741d96783a92b39:0x1b7e9a33ad813fed!8m2!3d47.5421632!4d19.0401806!16s%2Fg%2F11j6zl65w4?hl=en&entry=ttu&g_ep=EgoyMDI2MDkwOS4wIKXMDSoASAFQAw%3D%3D"
FM Tabak Bt,DKE1010000154,1221 Budapest 22. ker. Kossuth Lajos utca 25-29.,2013.07.01,2033.06.30,47.4263924,19.0388977,ok,"Budapest, Kossuth Lajos utca 25-29, 1221 Hungary","https://www.google.com/maps/place/Budapest,+Kossuth+Lajos+utca+25-29,+1221+Hungary/@47.4263924,19.0388977,17z/data=!3m1!4b1!4m6!3m5!1s0x4741e79b8da00579:0x2a39619106882f30!8m2!3d47.4263924!4d19.0388977!16s%2Fg%2F11j6zkk9t7?hl=en&entry=ttu&g_ep=EgoyMDI2MDkwOS4wIKXMDSoASAFQAw%3D%3D"
Fortuna Dohánybolt Bt,DKE1600000232,1164 Budapest 16. ker. Szabadföld út 19/B.,2022.11.17,2033.06.30,47.5189624,19.2166398,no_place,,"https://www.google.com/maps/search/1164+Budapest+16.+ker.+Szabadf%C3%B6ld+%C3%BAt+19%2FB./@47.5204527,19.220365,17z/data=!3m1!4b1?hl=en&entry=ttu&g_ep=EgoyMDI2MDkwOS4wIKXMDSoASAFQAw%3D%3D"
Fortuna Dohánybolt Bt,DKE1700000126,1032 Budapest 03. ker. Ágoston utca 1,2022.11.17,2033.06.30,47.5462719,19.0322125,no_place,,"https://www.google.com/maps/search/1032+Budapest+03.+ker.+%C3%81goston+utca+1/@47.5464102,19.031147,18z/data=!3m1!4b1?hl=en&entry=ttu&g_ep=EgoyMDI2MDkwOS4wIKXMDSoASAFQAw%3D%3D"
FREEMIND TOBACCO Bt.,DKE1700000050,"1039 Budapest, Pünkösdfürdő utca 52.",2026.02.12,2033.06.30,47.594957,19.0545542,ok,"Budapest, Pünkösdfürdő u. 52, 1039 Hungary","https://www.google.com/maps/place/Budapest,+P%C3%BCnk%C3%B6sdf%C3%BCrd%C5%91+u.+52,+1039+Hungary/@47.594957,19.0545542,17z/data=!3m1!4b1!4m6!3m5!1s0x4741d9ddd4aa8427:0x79b7db4d5018636b!8m2!3d47.594957!4d19.0545542!16s%2Fg%2F11hdcgl8w0?hl=en&entry=ttu&g_ep=EgoyMDI2MDkwOS4wIKXMDSoASAFQAw%3D%3D"
Függőség Bt,DKE1700000141,1042 Budapest 04. ker. Petőfi u.- István utca sarok,2013.07.01,2033.06.30,47.5612926,19.0902169,ok,"Budapest, István út & Petőfi u., 1042 Hungary","https://www.google.com/maps/place/Budapest,+Istv%C3%A1n+%C3%BAt+%26+Pet%C5%91fi+u.,+1042+Hungary/@47.5612926,19.0902169,17z/data=!3m1!4b1!4m6!3m5!1s0x4741da3703b230c5:0x36c1514e612b66db!8m2!3d47.5612926!4d19.0902169!16s%2Fg%2F11gf085lkc?hl=en&entry=ttu&g_ep=EgoyMDI2MDkwOS4wIKXMDSoASAFQAw%3D%3D"
Fumatore Bt,DKE1700000200,1133 Budapest 13. ker. Dráva utca 22.,2013.07.01,2033.06.30,47.5256227,19.0573983,ok,"Budapest, Dráva u. 22, 1133 Hungary","https://www.google.com/maps/place/Budapest,+Dr%C3%A1va+u.+22,+1133+Hungary/@47.5256227,19.0573983,17z/data=!3m1!4b1!4m6!3m5!1s0x4741dbf0f3e20f6d:0xcfcf33539e3ee9d9!8m2!3d47.5256227!4d19.0573983!16s%2Fg%2F11j8vv5wrp?hl=en&entry=ttu&g_ep=EgoyMDI2MDkwOS4wIKXMDSoASAFQAw%3D%3D"
Fumatore Bt,DKE1700000201,1134 Budapest 13. ker. Váci út 9-15.,2013.07.01,2033.06.30,47.5182379,19.0610746,ok,"Budapest, Váci út 9-15, 1134 Hungary","https://www.google.com/maps/place/Budapest,+V%C3%A1ci+%C3%BAt+9-15,+1134+Hungary/@47.5182379,19.0610746,17z/data=!3m1!4b1!4m6!3m5!1s0x4741dbf578604c73:0x56d600a646f8f3f!8m2!3d47.5182379!4d19.0610746!16s%2Fg%2F11nnsc6_2s?hl=en&entry=ttu&g_ep=EgoyMDI2MDkwOS4wIKXMDSoASAFQAw%3D%3D"
Fumatore Bt,DKE1700000202,1138 Budapest 13. ker. Dunavirág utca 2.,2013.07.01,2033.06.30,47.5351475,19.0611232,ok,"Budapest, Dunavirág u. 2, 1138 Hungary","https://www.google.com/maps/place/Budapest,+Dunavir%C3%A1g+u.+2,+1138+Hungary/@47.5351475,19.0611232,17z/data=!3m1!4b1!4m6!3m5!1s0x4741dbe62eee7459:0x206ee71741d22623!8m2!3d47.5351475!4d19.0611232!16s%2Fg%2F11knd990hy?hl=en&entry=ttu&g_ep=EgoyMDI2MDkwOS4wIKXMDSoASAFQAw%3D%3D"
Fumo Gold Bt.,DKE1700000081,"1131 Budapest, Rokolya utca 1-13.",2022.11.25,2033.06.30,47.5419861,19.0885896,ok,"Budapest, Rokolya u. 1-13, 1131 Hungary","https://www.google.com/maps/place/Budapest,+Rokolya+u.+1-13,+1131+Hungary/@47.5419861,19.0885896,17z/data=!3m1!4b1!4m6!3m5!1s0x4741dbb98a074993:0x20cabf183686503!8m2!3d47.5419861!4d19.0885896!16s%2Fg%2F11ysb76t03?hl=en&entry=ttu&g_ep=EgoyMDI2MDkwOS4wIKXMDSoASAFQAw%3D%3D"
Füstölgő-trafik Bt,DKE1700000088,1044 Budapest 04. ker. Megyeri út 53.,2013.07.01,2033.06.30,47.5877223,19.0992481,ok,"Budapest, Megyeri út 53, 1044 Hungary","https://www.google.com/maps/place/Budapest,+Megyeri+%C3%BAt+53,+1044+Hungary/@47.5878143,19.0989771,17z/data=!3m1!4b1!4m6!3m5!1s0x4741da08ad863c3d:0x2de8cd56b1da11da!8m2!3d47.5877223!4d19.0992481!16s%2Fg%2F11bw4q7_dj?hl=en&entry=ttu&g_ep=EgoyMDI2MDkwOS4wIKXMDSoASAFQAw%3D%3D"
Gallwitz-Pipa Ker. és Szolg. Bt,DKE1700000006,1053 Budapest 05. ker. Kecskeméti utca 1.,2013.07.01,2033.06.30,47.4905998,19.0591376,ok,"Budapest, Kecskeméti u. 1-05, 1053 Hungary","https://www.google.com/maps/place/Budapest,+Kecskem%C3%A9ti+u.+1-05,+1053+Hungary/@47.4905998,19.0591376,17z/data=!3m1!4b1!4m5!3m4!1s0x4741dc44db064329:0xb461db233406adc5!8m2!3d47.4905998!4d19.0591376?hl=en&entry=ttu&g_ep=EgoyMDI2MDkwOS4wIKXMDSoASAFQAw%3D%3D"
Garinex-Trade Bt.,DKE1700000137,1042 Budapest 04. ker. Csányi László utca 9-11.,2013.07.01,2033.06.30,47.5588335,19.0840551,no_place,,"https://www.google.com/maps/search/1042+Budapest+04.+ker.+Cs%C3%A1nyi+L%C3%A1szl%C3%B3+utca+9-11./@47.559697,19.08163,17z/data=!3m1!4b1?hl=en&entry=ttu&g_ep=EgoyMDI2MDkwOS4wIKXMDSoASAFQAw%3D%3D"
Gedi Trafik Bt,DKE1010000088,"1239 Budapest, Grassalkovich út 256.",2023.11.13,2033.06.30,47.3900958,19.1192183,ok,"Budapest, Grassalkovich út 256, 1239 Hungary","https://www.google.com/maps/place/Budapest,+Grassalkovich+%C3%BAt+256,+1239+Hungary/@47.3900958,19.1192183,17z/data=!3m1!4b1!4m6!3m5!1s0x4741e8546fad7843:0x6081394fa7b28e6e!8m2!3d47.3900958!4d19.1192183!16s%2Fg%2F11jzprzw_p?hl=en&entry=ttu&g_ep=EgoyMDI2MDkwOS4wIKXMDSoASAFQAw%3D%3D"
Gedi Trafik Bt,DKE1010000114,"1182 Budapest, Királyhágó utca 64.",2023.04.26,2033.06.30,47.4224565,19.212013,ok,"Budapest, Királyhágó utca 64, 1182 Hungary","https://www.google.com/maps/place/Budapest,+Kir%C3%A1lyh%C3%A1g%C3%B3+utca+64,+1182+Hungary/@47.4224565,19.212013,17z/data=!3m1!4b1!4m6!3m5!1s0x4741c1f72520270d:0x21fa8157054ebbac!8m2!3d47.4224565!4d19.212013!16s%2Fg%2F11vc4zlt59?hl=en&entry=ttu&g_ep=EgoyMDI2MDkwOS4wIKXMDSoASAFQAw%3D%3D"
Gedi Trafik Bt.,DKE1010000095,"1188 Budapest, Nemes utca 51-53. B lház. földszint 1. ajtó",2023.12.15,2033.06.30,47.4089203,19.1942338,ok,Nemes Dental Center,"https://www.google.com/maps/place/Nemes+Dental+Center/@47.4089203,19.1942338,17z/data=!3m1!4b1!4m6!3m5!1s0x4741e9ff38982f77:0x456311adc5331b42!8m2!3d47.4089203!4d19.1942338!16s%2Fg%2F11c32f__gx?hl=en&entry=ttu&g_ep=EgoyMDI2MDkwOS4wIKXMDSoASAFQAw%3D%3D"
GEGO Cigarette Bt.,DKE1010000333,1094 Budapest 09. ker. Üllői út 89/a,2019.01.01,2033.06.30,47.482544,19.0786211,ok,"Budapest, Üllői út 89a, 1096 Hungary","https://www.google.com/maps/place/Budapest,+%C3%9Cll%C5%91i+%C3%BAt+89a,+1096+Hungary/@47.482544,19.0786211,17z/data=!3m1!4b1!4m6!3m5!1s0x4741dcfa38dff93f:0x87de019b1da9271b!8m2!3d47.482544!4d19.0786211!16s%2Fg%2F11c5hj9kvs?hl=en&entry=ttu&g_ep=EgoyMDI2MDkwOS4wIKXMDSoASAFQAw%3D%3D"
GEGO Cigarette Bt.,DKE1600000328,1084 Budapest 08. ker. Déri Miksa utca 1,2018.12.27,2033.06.30,47.4924389,19.0732217,ok,"Budapest, Déri Miksa u. 1, 1084 Hungary","https://www.google.com/maps/place/Budapest,+D%C3%A9ri+Miksa+u.+1,+1084+Hungary/@47.4924389,19.0732217,17z/data=!3m1!4b1!4m6!3m5!1s0x4741dc5f04011bc3:0x2327a3bdfaa9778!8m2!3d47.4924389!4d19.0732217!16s%2Fg%2F11nnsc6f2n?hl=en&entry=ttu&g_ep=EgoyMDI2MDkwOS4wIKXMDSoASAFQAw%3D%3D"
GEGO Cigarette Bt.,DKE1700000181,1015 Budapest 01. ker. Fő utca 37/C.,2013.07.01,2033.06.30,47.5051915,19.0379277,ok,"Budapest, Fő u. 37c, 1015 Hungary","https://www.google.com/maps/place/Budapest,+F%C5%91+u.+37c,+1015+Hungary/@47.5051915,19.0379277,17z/data=!3m1!4b1!4m6!3m5!1s0x4741dc19a2a0decb:0x5ef0d2d1547e30b2!8m2!3d47.5051915!4d19.0379277!16s%2Fg%2F11nnkpdlft?hl=en&entry=ttu&g_ep=EgoyMDI2MDkwOS4wIKXMDSoASAFQAw%3D%3D"
GEGO Cigarette Bt.,DKE1700000220,"1013 Budapest 01. ker. Déli pályaudvar, peronszint, utca front",2013.07.01,2033.06.30,,,no_place,,"https://www.google.com/maps/search/1013+Budapest+01.+ker.+D%C3%A9li+p%C3%A1lyaudvar,+peronszint,+utca+front/@47.5000728,19.0293082,17z/data=!3m1!4b1?hl=en&entry=ttu&g_ep=EgoyMDI2MDkwOS4wIKXMDSoASAFQAw%3D%3D"
Gellért-Dohány Bt,DKE1010000130,1117 Budapest 11. ker. Kőrösy József utca 7-9.,2013.07.01,2033.06.30,47.4744666,19.0475358,ok,"Budapest, Kőrösy József u. 7-9, 1117 Hungary","https://www.google.com/maps/place/Budapest,+K%C5%91r%C3%B6sy+J%C3%B3zsef+u.+7-9,+1117+Hungary/@47.4744666,19.0475358,17z/data=!3m1!4b1!4m6!3m5!1s0x4741ddb21f49e683:0x9d4942251260288!8m2!3d47.4744666!4d19.0475358!16s%2Fg%2F11bw3xjqrr?hl=en&entry=ttu&g_ep=EgoyMDI2MDkwOS4wIKXMDSoASAFQAw%3D%3D"
GFAMILY TABAK Bt.,DKE1010000212,1091 Budapest 09. ker. Népliget gyalogos aluljáró 1.,2013.07.01,2033.06.30,,,no_place,,"https://www.google.com/maps/search/1091+Budapest+09.+ker.+N%C3%A9pliget+gyalogos+alulj%C3%A1r%C3%B3+1./@47.4766747,19.0940316,17z/data=!3m1!4b1?hl=en&entry=ttu&g_ep=EgoyMDI2MDkwOS4wIKXMDSoASAFQAw%3D%3D"
Gfamily Tabak Bt.,DKE1010000298,"1098 Budapest, Dési Huber utca 20. fsz. 14.",2024.08.27,2033.06.30,47.468923,19.1108944,no_place,,"https://www.google.com/maps/search/1098+Budapest,+D%C3%A9si+Huber+utca+20.+fsz.+14./@47.4664211,19.1142242,17z/data=!3m1!4b1?hl=en&entry=ttu&g_ep=EgoyMDI2MDkwOS4wIKXMDSoASAFQAw%3D%3D"
GFAMILY TABAK Bt.,DKE1600000285,1083 Budapest 08. ker. Práter utca 59.,2013.07.01,2033.06.30,47.4866506,19.080408,ok,"Budapest, Práter u. 59, 1083 Hungary","https://www.google.com/maps/place/Budapest,+Pr%C3%A1ter+u.+59,+1083+Hungary/@47.4866506,19.080408,17z/data=!3m1!4b1!4m6!3m5!1s0x4741dcf1290913b5:0xef27a9a7dd70f1c7!8m2!3d47.4866506!4d19.080408!16s%2Fg%2F11sz2vz9n2?hl=en&entry=ttu&g_ep=EgoyMDI2MDkwOS4wIKXMDSoASAFQAw%3D%3D"
GFAMILY TABAK Bt.,DKE1600000290,1087 Budapest 08. ker. Kerepesi út 1-5.,2013.07.01,2033.06.30,47.4986114,19.08391,no_place,,"https://www.google.com/maps/search/1087+Budapest+08.+ker.+Kerepesi+%C3%BAt+1-5./@47.5018896,19.1214024,14z/data=!3m1!4b1?hl=en&entry=ttu&g_ep=EgoyMDI2MDkwOS4wIKXMDSoASAFQAw%3D%3D"
GL Building Trafik Bt,DKE1700000225,1048 Budapest 04. ker. Csíkszentiván utca 6.,2013.07.01,2033.06.30,47.5969444,19.1208333,ok,"Budapest, Csíkszentiván u. 6, 1048 Hungary","https://www.google.com/maps/place/Budapest,+Cs%C3%ADkszentiv%C3%A1n+u.+6,+1048+Hungary/@47.5969444,19.1208333,17z/data=!3m1!4b1!4m6!3m5!1s0x4741d09866a538bd:0xce403304fea5a556!8m2!3d47.5969444!4d19.1208333!16s%2Fg%2F11rg689wq_?hl=en&entry=ttu&g_ep=EgoyMDI2MDkwOS4wIKXMDSoASAFQAw%3D%3D"
GL Building Trafik Bt,DKE1700000226,1041 Budapest 04. ker. Berzeviczy Gergely utca 17. A. ép.,2013.07.01,2033.06.30,47.5642636,19.0840235,no_place,,"https://www.google.com/maps/search/1041+Budapest+04.+ker.+Berzeviczy+Gergely+utca+17.+A.+%C3%A9p./@47.5639162,19.0843609,17z/data=!3m1!4b1?hl=en&entry=ttu&g_ep=EgoyMDI2MDkwOS4wIKXMDSoASAFQAw%3D%3D"
Golido Bt.,DKE1010000098,1194 Budapest 19. ker. Szegfű utca 21,2013.07.01,2033.06.30,47.4437425,19.1492799,ok,"Budapest, Szegfű u. 21, 1194 Hungary","https://www.google.com/maps/place/Budapest,+Szegf%C5%B1+u.+21,+1194+Hungary/@47.4437425,19.1492799,17z/data=!3m1!4b1!4m6!3m5!1s0x4741c2f2f9f68637:0x4f264bffd7c6633b!8m2!3d47.4437425!4d19.1492799!16s%2Fg%2F11pw2tj386?hl=en&entry=ttu&g_ep=EgoyMDI2MDkwOS4wIKXMDSoASAFQAw%3D%3D"
Gyenes Tabak Bt.,DKE1700000033,"1032 Budapest, Gyenes utca 2.",2023.04.14,2033.06.30,47.5428549,19.0354252,ok,"Budapest, Gyenes u. 2, 1032 Hungary","https://www.google.com/maps/place/Budapest,+Gyenes+u.+2,+1032+Hungary/@47.5428549,19.0354252,17z/data=!3m1!4b1!4m6!3m5!1s0x4741d96818ad7e49:0xd2758fb318d682a0!8m2!3d47.5428549!4d19.0354252!16s%2Fg%2F11sqfdfny5?hl=en&entry=ttu&g_ep=EgoyMDI2MDkwOS4wIKXMDSoASAFQAw%3D%3D"
Gyöngy&Gyöngy Bt,DKE1700000079,1046 Budapest 04. ker. Óceánárok utca 29,2013.07.01,2033.06.30,47.5798926,19.1095568,ok,"Budapest, Óceánárok u. 29, 1048 Hungary","https://www.google.com/maps/place/Budapest,+%C3%93ce%C3%A1n%C3%A1rok+u.+29,+1048+Hungary/@47.5798926,19.1095568,17z/data=!3m1!4b1!4m6!3m5!1s0x4741da6d6906c971:0x82d2c750ece569f9!8m2!3d47.5798926!4d19.1095568!16s%2Fg%2F11c0vvwr8k?hl=en&entry=ttu&g_ep=EgoyMDI2MDkwOS4wIKXMDSoASAFQAw%3D%3D"
HADRON-LILO Bt.,DKE1010000334,"1113 Budapest, Villányi út 74. földszint 2. ajtó",2025.06.17,2033.06.30,47.4815567,19.0330592,no_place,,"https://www.google.com/maps/search/1113+Budapest,+Vill%C3%A1nyi+%C3%BAt+74.+f%C3%B6ldszint+2.+ajt%C3%B3/@47.4826335,19.0297836,17z/data=!3m1!4b1?hl=en&entry=ttu&g_ep=EgoyMDI2MDkwOS4wIKXMDSoASAFQAw%3D%3D"
Happy Trafik Bt.,DKE1700000065,1039 Budapest 03. ker. Jendrassik utca 2.,2013.07.01,2033.06.30,47.5993364,19.0483421,no_place,,"https://www.google.com/maps/search/1039+Budapest+03.+ker.+Jendrassik+utca+2./@47.5993277,19.0485497,17z/data=!3m1!4b1?hl=en&entry=ttu&g_ep=EgoyMDI2MDkwOS4wIKXMDSoASAFQAw%3D%3D"
Három BM Market Bt.,DKE1700000003,"1041 Budapest, Bárdos
 Artúr utca 71422/9. hrsz.",2024.09.19,2033.06.30,47.5622592,19.1009287,no_place,,"https://www.google.com/maps/search/1041+Budapest,+B%C3%A1rdos%0A+Art%C3%BAr+utca+71422%2F9.+hrsz./@47.5622201,19.1009318,17z/data=!3m1!4b1?hl=en&entry=ttu&g_ep=EgoyMDI2MDkwOS4wIKXMDSoASAFQAw%3D%3D"
Három BM Market ker Bt.,DKE1700000004,"1042 Budapest, Árpád út 56.",2024.09.19,2033.06.30,47.5610996,19.0852671,ok,"Budapest, Árpád út 56, 1042 Hungary","https://www.google.com/maps/place/Budapest,+%C3%81rp%C3%A1d+%C3%BAt+56,+1042+Hungary/@47.5610996,19.0852671,17z/data=!3m1!4b1!4m6!3m5!1s0x4741da313d966d29:0x598a0ae145c868a3!8m2!3d47.5610996!4d19.0852671!16s%2Fg%2F11pztglt7t?hl=en&entry=ttu&g_ep=EgoyMDI2MDkwOS4wIKXMDSoASAFQAw%3D%3D"
Háromtrafik Bt.,DKE1010000064,1224 Budapest 22. ker. Barackos út 1.,2013.07.01,2033.06.30,47.4045066,18.9910458,ok,"Budapest, Barackos út 1, 1224 Hungary","https://www.google.com/maps/place/Budapest,+Barackos+%C3%BAt+1,+1224+Hungary/@47.4045066,18.9910458,17z/data=!3m1!4b1!4m6!3m5!1s0x4741e6e11229ab57:0x2133c7d1d0f545c8!8m2!3d47.4045066!4d18.9910458!16s%2Fg%2F11ldvfdt1c?hl=en&entry=ttu&g_ep=EgoyMDI2MDkwOS4wIKXMDSoASAFQAw%3D%3D"
Háromtrafik Bt.,DKE1010000068,1225 Budapest 22. ker. Nagytétényi út 216.,2013.07.01,2033.06.30,47.39966,19.003934,ok,"Budapest, Nagytétényi út 216, 1225 Hungary","https://www.google.com/maps/place/Budapest,+Nagyt%C3%A9t%C3%A9nyi+%C3%BAt+216,+1225+Hungary/@47.39966,19.003934,17z/data=!3m1!4b1!4m6!3m5!1s0x4741e6fbe5938f8b:0xb6e117edb0b626f0!8m2!3d47.39966!4d19.003934!16s%2Fg%2F11csf4nbbs?hl=en&entry=ttu&g_ep=EgoyMDI2MDkwOS4wIKXMDSoASAFQAw%3D%3D"
Háromtrafik Bt.,DKE1010000070,"1223 Budapest, Rákóczi út 20/A.",2024.07.08,2033.06.30,47.4070863,19.0068745,ok,"Budapest, Rákóczi út 20/a, 1223 Hungary","https://www.google.com/maps/place/Budapest,+R%C3%A1k%C3%B3czi+%C3%BAt+20%2Fa,+1223+Hungary/@47.4070863,19.0068745,17z/data=!3m1!4b1!4m6!3m5!1s0x4741e70250f385af:0x2fec91c1fa5e9748!8m2!3d47.4070863!4d19.0068745!16s%2Fg%2F11yjlk9v81?hl=en&entry=ttu&g_ep=EgoyMDI2MDkwOS4wIKXMDSoASAFQAw%3D%3D"
Hauck Tobacco Bt.,DKE1010000182,1212 Budapest 21. ker. Görgey Artúr tér 1/A.,2013.07.01,2033.06.30,47.4227906,19.0696411,ok,"Budapest, Görgey Artúr tér 1A, 1212 Hungary","https://www.google.com/maps/place/Budapest,+G%C3%B6rgey+Art%C3%BAr+t%C3%A9r+1A,+1212+Hungary/@47.4227906,19.0696411,17z/data=!3m1!4b1!4m6!3m5!1s0x4741e7efafc054cf:0x10b89fbd223a98ae!8m2!3d47.4227906!4d19.0696411!16s%2Fg%2F11njzhs8d2?hl=en&entry=ttu&g_ep=EgoyMDI2MDkwOS4wIKXMDSoASAFQAw%3D%3D"
Hauck Tobacco Bt.,DKE1600000192,1072 Budapest 07. ker. Dob utca 28-30.,2013.07.01,2033.06.30,47.4992103,19.0623194,no_place,,"https://www.google.com/maps/search/1072+Budapest+07.+ker.+Dob+utca+28-30./@47.4898621,19.0549485,14z/data=!3m1!4b1?hl=en&entry=ttu&g_ep=EgoyMDI2MDkwOS4wIKXMDSoASAFQAw%3D%3D"
Hauck Tobacco Bt.,DKE1700000130,1137 Budapest 13. ker. Katona József utca 3. fszt.,2013.07.01,2033.06.30,47.5123838,19.0563655,ok,"Budapest, Katona József u 3, 1137 Hungary","https://www.google.com/maps/place/Budapest,+Katona+J%C3%B3zsef+u+3,+1137+Hungary/@47.5123838,19.0563655,17z/data=!3m1!4b1!4m6!3m5!1s0x4741dc0c66f9fecf:0x74b6c5b2917a430b!8m2!3d47.5123838!4d19.0563655!16s%2Fg%2F11csmnv9sl?hl=en&entry=ttu&g_ep=EgoyMDI2MDkwOS4wIKXMDSoASAFQAw%3D%3D"
Hegedüs Dóra Edit,DKE1600000163,1152 Budapest 15. ker. Szentmihályi utca 137.,2013.07.01,2033.06.30,47.5508467,19.1399891,ok,"Budapest, Szentmihályi út 137, 1152 Hungary","https://www.google.com/maps/place/Budapest,+Szentmih%C3%A1lyi+%C3%BAt+137,+1152+Hungary/@47.5508467,19.1399891,17z/data=!3m1!4b1!4m6!3m5!1s0x4741dae6a46e1447:0xdc57766f7e341581!8m2!3d47.5508467!4d19.1399891!16s%2Fg%2F11tp862h7z?hl=en&entry=ttu&g_ep=EgoyMDI2MDkwOS4wIKXMDSoASAFQAw%3D%3D"
Hegyvidék Tabak Bt,DKE1010000033,1123 Budapest 12. ker. Csörsz utca 23-25.,2013.07.01,2033.06.30,47.4900197,19.0261561,ok,"Budapest, Csörsz u. 23-25, 1123 Hungary","https://www.google.com/maps/place/Budapest,+Cs%C3%B6rsz+u.+23-25,+1123+Hungary/@47.4900197,19.0261561,17z/data=!3m1!4b1!4m6!3m5!1s0x4741dc2ef751e4a7:0x1e4672f9fc4bff2e!8m2!3d47.4900197!4d19.0261561!16s%2Fg%2F11l5m3jqvm?hl=en&entry=ttu&g_ep=EgoyMDI2MDkwOS4wIKXMDSoASAFQAw%3D%3D"
Hegyvidék Tabak Bt,DKE1010000050,1125 Budapest 12. ker. Nógrádi utca 39.,2013.07.01,2033.06.30,47.5028523,19.0025859,no_place,,"https://www.google.com/maps/search/1125+Budapest+12.+ker.+N%C3%B3gr%C3%A1di+utca+39./@47.5028935,19.0027213,17z/data=!3m1!4b1?hl=en&entry=ttu&g_ep=EgoyMDI2MDkwOS4wIKXMDSoASAFQAw%3D%3D"
Hegyvidék Tabak Bt,DKE1010000067,1121 Budapest 12. ker. Eötvös út 38/B,2013.07.01,2033.06.30,47.4994561,18.9719118,no_place,,"https://www.google.com/maps/search/1121+Budapest+12.+ker.+E%C3%B6tv%C3%B6s+%C3%BAt+38%2FB/@47.499475,18.9718762,17z/data=!3m1!4b1?hl=en&entry=ttu&g_ep=EgoyMDI2MDkwOS4wIKXMDSoASAFQAw%3D%3D"
Herbi Tabak Bt,DKE1010000155,"1202 Budapest, Mártírok útja 205.",2024.07.03,2033.06.30,47.4350588,19.1334336,ok,"Budapest, Mártírok útja 205, 1202 Hungary","https://www.google.com/maps/place/Budapest,+M%C3%A1rt%C3%ADrok+%C3%BAtja+205,+1202+Hungary/@47.4350588,19.1334336,17z/data=!3m1!4b1!4m6!3m5!1s0x4741c290b402395f:0x472ffc55ee350850!8m2!3d47.4350588!4d19.1334336!16s%2Fg%2F11j6zks2g5?hl=en&entry=ttu&g_ep=EgoyMDI2MDkwOS4wIKXMDSoASAFQAw%3D%3D"
Héthéthét Dohány Bt.,DKE1010000132,1111 Budapest 11. ker. Szent Gellért tér 3.,2013.07.01,2033.06.30,47.4831273,19.0534767,ok,"Budapest, Szent Gellért tér 3, 1111 Hungary","https://www.google.com/maps/place/Budapest,+Szent+Gell%C3%A9rt+t%C3%A9r+3,+1111+Hungary/@47.4831273,19.0534767,17z/data=!3m1!4b1!4m6!3m5!1s0x4741dc4de72deb21:0x57924f0737d23ca9!8m2!3d47.4831273!4d19.0534767!16s%2Fg%2F11c5dn62v8?hl=en&entry=ttu&g_ep=EgoyMDI2MDkwOS4wIKXMDSoASAFQAw%3D%3D"
Héthéthét Dohány Bt.,DKE1010000134,1191 Budapest 19. ker. Eötvös utca 1-3.,2013.07.01,2033.06.30,47.4591728,19.1427203,ok,"Budapest, Eötvös u. 1-3, 1191 Hungary","https://www.google.com/maps/place/Budapest,+E%C3%B6tv%C3%B6s+u.+1-3,+1191+Hungary/@47.4591728,19.1427203,17z/data=!3m1!4b1!4m6!3m5!1s0x4741c2e0a1e27655:0xe50ce876276a251c!8m2!3d47.4591728!4d19.1427203!16s%2Fg%2F11ykn4bjyn?hl=en&entry=ttu&g_ep=EgoyMDI2MDkwOS4wIKXMDSoASAFQAw%3D%3D"
Héthéthét Dohány Bt.,DKE1600000178,1173 Budapest 17. ker. Pesti-501 utca Hrsz 120003,2013.07.01,2033.06.30,,,no_place,,"https://www.google.com/maps/search/1173+Budapest+17.+ker.+Pesti-501+utca+Hrsz+120003/@47.4778358,19.2576867,14z/data=!3m1!4b1?hl=en&entry=ttu&g_ep=EgoyMDI2MDkwOS4wIKXMDSoASAFQAw%3D%3D"
Hídfő Tabak Bt,DKE1700000035,1027 Budapest 02. ker. Margit körút 1.,2013.07.01,2033.06.30,47.5148345,19.0378069,ok,"Budapest, Margit körút 1, 1027 Hungary","https://www.google.com/maps/place/Budapest,+Margit+k%C3%B6r%C3%BAt+1,+1027+Hungary/@47.5148345,19.0378069,17z/data=!3m1!4b1!4m6!3m5!1s0x4741dc03bd3a6df7:0x15611082c29d1b14!8m2!3d47.5148345!4d19.0378069!16s%2Fg%2F11c2bgn0z2?hl=en&entry=ttu&g_ep=EgoyMDI2MDkwOS4wIKXMDSoASAFQAw%3D%3D"
Holló Tabak Bt,DKE1010000047,1112 Budapest 11. ker. Péterhegyi lejtő 71.,2013.07.01,2033.06.30,47.4493577,19.0069792,ok,"Budapest, Péterhegyi lejtő 71, 1112 Hungary","https://www.google.com/maps/place/Budapest,+P%C3%A9terhegyi+lejt%C5%91+71,+1112+Hungary/@47.4493577,19.0069792,17z/data=!3m1!4b1!4m6!3m5!1s0x4741ddf6e85222d9:0xa62de79ac428611a!8m2!3d47.4493577!4d19.0069792!16s%2Fg%2F11j6zk8586?hl=en&entry=ttu&g_ep=EgoyMDI2MDkwOS4wIKXMDSoASAFQAw%3D%3D"
Holló Tabak Bt,DKE1010000061,1093 Budapest 09. ker. Balázs Béla utca 34/6,2013.07.01,2033.06.30,47.4780018,19.0811896,ok,"Budapest, Balázs Béla u. 34-6, 1094 Hungary","https://www.google.com/maps/place/Budapest,+Bal%C3%A1zs+B%C3%A9la+u.+34-6,+1094+Hungary/@47.4780018,19.0811896,17z/data=!3m1!4b1!4m5!3m4!1s0x4741dcfcb2bae609:0x922a496d4ce017d9!8m2!3d47.4780018!4d19.0811896?hl=en&entry=ttu&g_ep=EgoyMDI2MDkwOS4wIKXMDSoASAFQAw%3D%3D"
Holló Tabak Bt.,DKE1600000011,"1147 Budapest, Zsolnay Vilmos utca 1. C lh. földszint 1-2. ajtó",2026.07.03,2033.06.30,47.5308815,19.122197,ok,Real food,"https://www.google.com/maps/place/Real+food/@47.5308815,19.122197,17z/data=!3m1!4b1!4m6!3m5!1s0x4741db13b2139ce9:0x3396c6467e5f292a!8m2!3d47.5308815!4d19.122197!16s%2Fg%2F11dxbk7980?hl=en&entry=ttu&g_ep=EgoyMDI2MDkwOS4wIKXMDSoASAFQAw%3D%3D"
Hor-Macz Bt,DKE1600000139,1156 Budapest 15. ker. Páskomliget utca 6.,2013.07.01,2033.06.30,47.5448126,19.1383627,ok,"Budapest, Páskomliget utca 6, 1156 Hungary","https://www.google.com/maps/place/Budapest,+P%C3%A1skomliget+utca+6,+1156+Hungary/@47.5448126,19.1383627,17z/data=!3m1!4b1!4m6!3m5!1s0x4741db1e2e9a494d:0xdf75f37f4d229cde!8m2!3d47.5448126!4d19.1383627!16s%2Fg%2F11sqf22pq1?hl=en&entry=ttu&g_ep=EgoyMDI2MDkwOS4wIKXMDSoASAFQAw%3D%3D"
HOTYADOHÁNY Bt.,DKE1010000090,"1237 Budapest, Ciklámen utca 3.",2025.10.02,2033.06.30,47.4162709,19.1302427,ok,"Budapest, Ciklámen út 3, 1237 Hungary","https://www.google.com/maps/place/Budapest,+Cikl%C3%A1men+%C3%BAt+3,+1237+Hungary/@47.4162709,19.1302427,17z/data=!3m1!4b1!4m6!3m5!1s0x4741e82fae481d2d:0xba3e9a850d07c1a2!8m2!3d47.4162709!4d19.1302427!16s%2Fg%2F11b8v6v7hj?hl=en&entry=ttu&g_ep=EgoyMDI2MDkwOS4wIKXMDSoASAFQAw%3D%3D"
Hunters Tobacco Bt,DKE1600000220,"1149 Budapest, Nagy Lajos király útja 189.",2025.01.06,2033.06.30,47.5225772,19.1024501,ok,"Budapest, Nagy Lajos király útja 189, 1149 Hungary","https://www.google.com/maps/place/Budapest,+Nagy+Lajos+kir%C3%A1ly+%C3%BAtja+189,+1149+Hungary/@47.5225772,19.1024501,17z/data=!3m1!4b1!4m6!3m5!1s0x4741db7710d0de9b:0x91717974bbacf746!8m2!3d47.5225772!4d19.1024501!16s%2Fg%2F11snqxh219?hl=en&entry=ttu&g_ep=EgoyMDI2MDkwOS4wIKXMDSoASAFQAw%3D%3D"
Hunters Tobacco Bt,DKE1600000221,"1173 Budapest, Kaszáló utca 47.",2025.01.06,2033.06.30,47.4820345,19.2553827,ok,"Budapest, Kaszáló u. 47, 1173 Hungary","https://www.google.com/maps/place/Budapest,+Kasz%C3%A1l%C3%B3+u.+47,+1173+Hungary/@47.4820345,19.2553827,17z/data=!3m1!4b1!4m6!3m5!1s0x4741c1537b8197d7:0x1c298f6908aad810!8m2!3d47.4820345!4d19.2553827!16s%2Fg%2F11tp86dp1b?hl=en&entry=ttu&g_ep=EgoyMDI2MDkwOS4wIKXMDSoASAFQAw%3D%3D"
Hunters Tobacco Bt,DKE1600000222,"1145 Budapest, Csömöri út 9-11.",2025.01.06,2033.06.30,47.5206429,19.1144849,no_place,,"https://www.google.com/maps/search/1145+Budapest,+Cs%C3%B6m%C3%B6ri+%C3%BAt+9-11./@47.5203786,19.1316979,15z/data=!3m1!4b1?hl=en&entry=ttu&g_ep=EgoyMDI2MDkwOS4wIKXMDSoASAFQAw%3D%3D"
Huntrafik Bt,DKE1700000023,1039 Budapest 03. ker. Mátyás király út 82,2013.07.01,2033.06.30,47.5852489,19.0563839,ok,"Budapest, Mátyás király út 82, 1039 Hungary","https://www.google.com/maps/place/Budapest,+M%C3%A1ty%C3%A1s+kir%C3%A1ly+%C3%BAt+82,+1039+Hungary/@47.5852489,19.0563839,17z/data=!3m1!4b1!4m6!3m5!1s0x4741d9e97b2e8e17:0xe6355a86aae3db5b!8m2!3d47.5852489!4d19.0563839!16s%2Fg%2F11xvmffrql?hl=en&entry=ttu&g_ep=EgoyMDI2MDkwOS4wIKXMDSoASAFQAw%3D%3D"
Indigó Trafik Bt.,DKE1600000174,"1146 Budapest, Thököly út 63.",2022.07.11,2033.06.30,47.5077461,19.0943797,ok,"Budapest, Thököly út 63, 1146 Hungary","https://www.google.com/maps/place/Budapest,+Th%C3%B6k%C3%B6ly+%C3%BAt+63,+1146+Hungary/@47.5077461,19.0943797,17z/data=!3m1!4b1!4m6!3m5!1s0x4741dc8158ef0743:0x2f4598cd958737b3!8m2!3d47.5077461!4d19.0943797!16s%2Fg%2F11j6zknrvn?hl=en&entry=ttu&g_ep=EgoyMDI2MDkwOS4wIKXMDSoASAFQAw%3D%3D"
Indigó Trafik Bt.,DKE1600000176,"1151 Budapest, Külső Fóti út 1.",2024.12.20,2033.06.30,47.5667029,19.133789,ok,"Budapest, Külső Fóti út 1, 1151 Hungary","https://www.google.com/maps/place/Budapest,+K%C3%BCls%C5%91+F%C3%B3ti+%C3%BAt+1,+1151+Hungary/@47.5667029,19.133789,17z/data=!3m1!4b1!4m6!3m5!1s0x4741da8b4994d613:0x5605ab93f0565bfc!8m2!3d47.5667029!4d19.133789!16s%2Fg%2F11njzjf886?hl=en&entry=ttu&g_ep=EgoyMDI2MDkwOS4wIKXMDSoASAFQAw%3D%3D"
Indigó Trafik Bt.,DKE1600000177,"1077 Budapest, Wesselényi utca 33.",2022.07.11,2033.06.30,47.4990087,19.0664445,ok,"Budapest, Wesselényi utca 33, 1077 Hungary","https://www.google.com/maps/place/Budapest,+Wessel%C3%A9nyi+utca+33,+1077+Hungary/@47.4990087,19.0664445,17z/data=!3m1!4b1!4m6!3m5!1s0x4741dc67d4d39535:0xfd4a8f637f742b6c!8m2!3d47.4990087!4d19.0664445!16s%2Fg%2F11rp43mvy0?hl=en&entry=ttu&g_ep=EgoyMDI2MDkwOS4wIKXMDSoASAFQAw%3D%3D"
Indigó Trafik Bt.,DKE1700000034,"1133 Budapest, Árbóc utca 6.",2022.07.11,2033.06.30,47.5317531,19.0647151,ok,"Budapest, Árbóc utca 6, 1133 Hungary","https://www.google.com/maps/place/Budapest,+%C3%81rb%C3%B3c+utca+6,+1133+Hungary/@47.5317531,19.0647151,17z/data=!3m1!4b1!4m6!3m5!1s0x4741dbeec7e2dcad:0xa471dc72d25ec028!8m2!3d47.5317531!4d19.0647151!16s%2Fg%2F11rp4w7gmt?hl=en&entry=ttu&g_ep=EgoyMDI2MDkwOS4wIKXMDSoASAFQAw%3D%3D"
Ion Tibor Atila,DKE1600000239,1149 Budapest 14. ker. Mogyoródi utca 23-39.,2013.07.01,2033.06.30,47.506408,19.114723,ok,"Budapest, Mogyoródi út 23, 1149 Hungary","https://www.google.com/maps/place/Budapest,+Mogyor%C3%B3di+%C3%BAt+23,+1149+Hungary/@47.506408,19.114723,17z/data=!3m1!4b1!4m6!3m5!1s0x4741dc9f8e2e8a69:0x6a1a243afa35fda!8m2!3d47.506408!4d19.114723!16s%2Fg%2F11c28nn72_?hl=en&entry=ttu&g_ep=EgoyMDI2MDkwOS4wIKXMDSoASAFQAw%3D%3D"
Ion Tibor Atila,DKE1700000073,"1039 Budapest, Mátyás király út 1.",2024.07.29,2033.06.30,47.5859158,19.0453138,ok,"Budapest, Mátyás király út 1, 1039 Hungary","https://www.google.com/maps/place/Budapest,+M%C3%A1ty%C3%A1s+kir%C3%A1ly+%C3%BAt+1,+1039+Hungary/@47.5859158,19.0453138,17z/data=!3m1!4b1!4m6!3m5!1s0x4741d9c14e747ee5:0xe6ec48e966b73bc0!8m2!3d47.5859158!4d19.0453138!16s%2Fg%2F11rp4vy7lk?hl=en&entry=ttu&g_ep=EgoyMDI2MDkwOS4wIKXMDSoASAFQAw%3D%3D"
ITB Bravo Bt,DKE1600000112,1103 Budapest 10. ker. Óhegy utca 41.,2013.07.01,2033.06.30,47.4768873,19.1454985,ok,"Budapest, Óhegy u. 41, 1103 Hungary","https://www.google.com/maps/place/Budapest,+%C3%93hegy+u.+41,+1103+Hungary/@47.4768873,19.1454985,17z/data=!3m1!4b1!4m6!3m5!1s0x4741c33be90c55af:0x7dea6128a955db5e!8m2!3d47.4768873!4d19.1454985!16s%2Fg%2F11rp6fng8t?hl=en&entry=ttu&g_ep=EgoyMDI2MDkwOS4wIKXMDSoASAFQAw%3D%3D"
Jáger trafik Bt,DKE1600000227,1143 Budapest 14. ker. Pillangó utca 22,2013.07.01,2033.06.30,47.5043133,19.1160927,ok,"Budapest, Pillangó u. 22, 1149 Hungary","https://www.google.com/maps/place/Budapest,+Pillang%C3%B3+u.+22,+1149+Hungary/@47.5043133,19.1160927,17z/data=!3m1!4b1!4m6!3m5!1s0x4741dca1eafa7e99:0xb2943f49db560088!8m2!3d47.5043133!4d19.1160927!16s%2Fg%2F11jn4dcx81?hl=en&entry=ttu&g_ep=EgoyMDI2MDkwOS4wIKXMDSoASAFQAw%3D%3D"
Janitz Csabáné,DKE1010000005,1222 Budapest 22. ker. Verseci utca 4.,2013.07.01,2033.06.30,47.4162211,19.0270611,ok,"Budapest, Verseci u. 4, 1222 Hungary","https://www.google.com/maps/place/Budapest,+Verseci+u.+4,+1222+Hungary/@47.4162211,19.0270611,17z/data=!3m1!4b1!4m6!3m5!1s0x4741e7a72624bc25:0xd6e64227aca6e64d!8m2!3d47.4162211!4d19.0270611!16s%2Fg%2F11j6zk0x17?hl=en&entry=ttu&g_ep=EgoyMDI2MDkwOS4wIKXMDSoASAFQAw%3D%3D"
Jánosi Péter,DKE1010000071,1098 Budapest 09. ker. Pöttyös   6.,2013.07.01,2033.06.30,47.4667688,19.1163834,ok,"Budapest, Pöttyös u. 6, 1098 Hungary","https://www.google.com/maps/place/Budapest,+P%C3%B6tty%C3%B6s+u.+6,+1098+Hungary/@47.4667688,19.1163834,17z/data=!3m1!4b1!4m6!3m5!1s0x4741dd2abcfb18c9:0xf0730a595fa0bf1a!8m2!3d47.4667688!4d19.1163834!16s%2Fg%2F11jn4djwyb?hl=en&entry=ttu&g_ep=EgoyMDI2MDkwOS4wIKXMDSoASAFQAw%3D%3D"
Jászter Trafik Bt,DKE1600000247,1102 Budapest 10. ker. Kőrösi Csoma sétány 2.,2013.07.01,2033.06.30,47.4838266,19.1295469,ok,"Budapest, Kőrösi Csoma stny. 2, 1102 Hungary","https://www.google.com/maps/place/Budapest,+K%C5%91r%C3%B6si+Csoma+stny.+2,+1102+Hungary/@47.4838266,19.1295469,17z/data=!3m1!4b1!4m6!3m5!1s0x4741dccacd95a167:0x6ee7aa3d87c5e7dd!8m2!3d47.4838266!4d19.1295469!16s%2Fg%2F11c22glgt8?hl=en&entry=ttu&g_ep=EgoyMDI2MDkwOS4wIKXMDSoASAFQAw%3D%3D"
Joker G&N Bt.,DKE1010000322,1092 Budapest 09. ker. Ráday utca 33/a.,2013.10.16,2033.06.30,47.485184,19.0646555,ok,"Budapest, Ráday u. 33/a, 1092 Hungary","https://www.google.com/maps/place/Budapest,+R%C3%A1day+u.+33%2Fa,+1092+Hungary/@47.485184,19.0646555,17z/data=!3m1!4b1!4m6!3m5!1s0x4741dc5736f88521:0x30b9df16a7029b23!8m2!3d47.485184!4d19.0646555!16s%2Fg%2F11rg5wrdxc?hl=en&entry=ttu&g_ep=EgoyMDI2MDkwOS4wIKXMDSoASAFQAw%3D%3D"
Joker G&N Bt.,DKE1700000240,1024 Budapest 02. ker. Margit körút 95.,2013.07.26,2033.06.30,47.5078837,19.0256649,ok,"Budapest, Margit körút 95, 1024 Hungary","https://www.google.com/maps/place/Budapest,+Margit+k%C3%B6r%C3%BAt+95,+1024+Hungary/@47.5078837,19.0256649,17z/data=!3m1!4b1!4m6!3m5!1s0x4741dea0c63e74c7:0xe9aab809d5f09287!8m2!3d47.5078837!4d19.0256649!16s%2Fg%2F11fwhm41m_?hl=en&entry=ttu&g_ep=EgoyMDI2MDkwOS4wIKXMDSoASAFQAw%3D%3D"
Józsa Csaba Trafik Bt.,DKE1700000142,"1013 Budapest, Alagút utca 5.",2021.12.20,2033.06.30,47.496975,19.032793,ok,"Budapest, Alagút u. 5, 1013 Hungary","https://www.google.com/maps/place/Budapest,+Alag%C3%BAt+u.+5,+1013+Hungary/@47.496975,19.032793,17z/data=!3m1!4b1!4m6!3m5!1s0x4741dc249c9b552f:0x4a7918ec344f511d!8m2!3d47.496975!4d19.032793!16s%2Fg%2F11rcyk9cnc?hl=en&entry=ttu&g_ep=EgoyMDI2MDkwOS4wIKXMDSoASAFQAw%3D%3D"
Józsa Csaba Trafik Bt.,DKE1700000148,"1014 Budapest, Tárnok utca 26.",2021.12.20,2033.06.30,47.5012112,19.0337743,ok,"Budapest, Tárnok u. 26, 1014 Hungary","https://www.google.com/maps/place/Budapest,+T%C3%A1rnok+u.+26,+1014+Hungary/@47.5012112,19.0337743,17z/data=!3m1!4b1!4m6!3m5!1s0x4741dc22641448e7:0x619fc757c90da127!8m2!3d47.5012112!4d19.0337743!16s%2Fg%2F11rgdlb7mc?hl=en&entry=ttu&g_ep=EgoyMDI2MDkwOS4wIKXMDSoASAFQAw%3D%3D"
Józsa Csaba Trafik Bt.,DKE1700000149,"1053 Budapest, Ferenciek tere 7-8.",2021.12.20,2033.06.30,47.4928159,19.0571708,ok,"Budapest, Ferenciek tere 7-8, 1052 Hungary","https://www.google.com/maps/place/Budapest,+Ferenciek+tere+7-8,+1052+Hungary/@47.4928159,19.0571708,17z/data=!3m1!4b1!4m6!3m5!1s0x4741dc46a472e59b:0xecbd494b3cc783f4!8m2!3d47.4928159!4d19.0571708!16s%2Fg%2F11zdynyt8g?hl=en&entry=ttu&g_ep=EgoyMDI2MDkwOS4wIKXMDSoASAFQAw%3D%3D"
Kabát Henriett,DKE1010000127,1239 Budapest 23. ker. Grassalkovich út 176,2013.07.01,2033.06.30,47.3970847,19.1149922,ok,"Budapest, Grassalkovich út 176, 1239 Hungary","https://www.google.com/maps/place/Budapest,+Grassalkovich+%C3%BAt+176,+1239+Hungary/@47.3970847,19.1149922,17z/data=!3m1!4b1!4m6!3m5!1s0x4741e84fe44af78d:0x622eb088fbdc82ec!8m2!3d47.3970847!4d19.1149922!16s%2Fg%2F11f8l2f6ly?hl=en&entry=ttu&g_ep=EgoyMDI2MDkwOS4wIKXMDSoASAFQAw%3D%3D"
Káldex Hungary Bt.,DKE1700000002,1035 Budapest 03. ker. Szentendrei út 12,2013.07.01,2033.06.30,47.5451847,19.0419057,ok,"Budapest, Szentendrei út 12, 1035 Hungary","https://www.google.com/maps/place/Budapest,+Szentendrei+%C3%BAt+12,+1035+Hungary/@47.5451847,19.0419057,17z/data=!3m1!4b1!4m6!3m5!1s0x4741d9665d9a9849:0xf5708ce7aa35d234!8m2!3d47.5451847!4d19.0419057!16s%2Fg%2F11k5195g2x?hl=en&entry=ttu&g_ep=EgoyMDI2MDkwOS4wIKXMDSoASAFQAw%3D%3D"
Kári Zoltán Tobacco Bt,DKE1600000123,1103 Budapest 10. ker. Sibrik Mikós utca 30.,2013.07.01,2033.06.30,47.4686552,19.1553736,ok,"Budapest, Sibrik Miklós út 30, 1103 Hungary","https://www.google.com/maps/place/Budapest,+Sibrik+Mikl%C3%B3s+%C3%BAt+30,+1103+Hungary/@47.4686552,19.1553736,17z/data=!3m1!4b1!4m6!3m5!1s0x4741c3199cc08bd5:0x287e007d45d4f7ea!8m2!3d47.4686552!4d19.1553736!16s%2Fg%2F11knd82nvx?hl=en&entry=ttu&g_ep=EgoyMDI2MDkwOS4wIKXMDSoASAFQAw%3D%3D"
Kátai Tibor Jánosné,DKE1600000029,"1106 Budapest, Maglódi út 53. 2. épület 3. ajtó",2024.04.16,2033.06.30,47.4824922,19.1584757,ok,"Budapest, Maglódi út 53-2. épület 3. ajtó, 1106 Hungary","https://www.google.com/maps/place/Budapest,+Magl%C3%B3di+%C3%BAt+53-2.+%C3%A9p%C3%BClet+3.+ajt%C3%B3,+1106+Hungary/@47.4824922,19.1584757,17z/data=!3m1!4b1!4m5!3m4!1s0x4741c34027ef7af1:0x8676a040626e54c9!8m2!3d47.4824922!4d19.1584757?hl=en&entry=ttu&g_ep=EgoyMDI2MDkwOS4wIKXMDSoASAFQAw%3D%3D"
Katra-Sala Kkt,DKE1700000090,1039 Budapest 03. ker. Pablo Neruda utca 1-2.,2013.07.01,2033.06.30,47.5967552,19.0495593,ok,Tesco Expressz Budapest Pablo Neruda u.,"https://www.google.com/maps/place/Tesco+Expressz+Budapest+Pablo+Neruda+u./@47.5967552,19.0495593,17z/data=!3m1!4b1!4m6!3m5!1s0x4741d9d968aaade3:0x478b791d76880bb9!8m2!3d47.5967552!4d19.0495593!16s%2Fg%2F1hg4srr_9?hl=en&entry=ttu&g_ep=EgoyMDI2MDkwOS4wIKXMDSoASAFQAw%3D%3D"
Kattra András,DKE1700000029,1044 Budapest 04. ker. Megyeri út 86-88.,2013.07.01,2033.06.30,47.5859348,19.0941567,ok,"Budapest, Megyeri út 86, 1044 Hungary","https://www.google.com/maps/place/Budapest,+Megyeri+%C3%BAt+86,+1044+Hungary/@47.5859348,19.0941567,17z/data=!3m1!4b1!4m6!3m5!1s0x4741da05a7be9ff3:0x72ee137034068a70!8m2!3d47.5859348!4d19.0941567!16s%2Fg%2F11c29jyjng?hl=en&entry=ttu&g_ep=EgoyMDI2MDkwOS4wIKXMDSoASAFQAw%3D%3D"
Kazánkovács Bt.,DKE1700000139,1039 Budapest 03. ker. Hímző utca 12.,2013.07.01,2033.06.30,47.5969037,19.0592476,ok,"Budapest, Hímző u. 12, 1039 Hungary","https://www.google.com/maps/place/Budapest,+H%C3%ADmz%C5%91+u.+12,+1039+Hungary/@47.5969037,19.0592476,17z/data=!3m1!4b1!4m6!3m5!1s0x4741d9de2c64ec55:0xbf2ea1fc5bcab156!8m2!3d47.5969037!4d19.0592476!16s%2Fg%2F11c2b1p6lb?hl=en&entry=ttu&g_ep=EgoyMDI2MDkwOS4wIKXMDSoASAFQAw%3D%3D"
Kele Árpád,DKE1010000175,1203 Budapest 20. ker. Kossuth Lajos utca 99/B.,2013.07.01,2033.06.30,47.4389982,19.1050888,no_place,,"https://www.google.com/maps/search/1203+Budapest+20.+ker.+Kossuth+Lajos+utca+99%2FB./@47.4430779,19.1116081,17z/data=!3m1!4b1?hl=en&entry=ttu&g_ep=EgoyMDI2MDkwOS4wIKXMDSoASAFQAw%3D%3D"
Kentaurus Gold Bt.,DKE1600000182,"1065 Budapest, Nagymező utca 14.",2023.09.15,2033.06.30,47.5028157,19.0607593,ok,"Budapest, Nagymező u. 14, 1065 Hungary","https://www.google.com/maps/place/Budapest,+Nagymez%C5%91+u.+14,+1065+Hungary/@47.5028157,19.0607593,17z/data=!3m1!4b1!4m6!3m5!1s0x4741dc6c06a92377:0xaeb2d3125a4d4a58!8m2!3d47.5028157!4d19.0607593!16s%2Fg%2F11b8v5g751?hl=en&entry=ttu&g_ep=EgoyMDI2MDkwOS4wIKXMDSoASAFQAw%3D%3D"
Keresztur Tabac Shop Bt,DKE1600000154,1172 Budapest 17. ker. Naplás út 11.,2013.07.01,2033.06.30,47.4926639,19.2804631,ok,"Budapest, Naplás út 11, 1172 Hungary","https://www.google.com/maps/place/Budapest,+Napl%C3%A1s+%C3%BAt+11,+1172+Hungary/@47.4926639,19.2804631,17z/data=!3m1!4b1!4m6!3m5!1s0x4741c6b906d60903:0x46a2f7b945c84537!8m2!3d47.4926639!4d19.2804631!16s%2Fg%2F11j8x3f2vv?hl=en&entry=ttu&g_ep=EgoyMDI2MDkwOS4wIKXMDSoASAFQAw%3D%3D"
KESZI TABAK-SHOP Bt.,DKE1010000085,"1119 Budapest, Tétényi út 63.",2024.12.09,2033.06.30,47.4644656,19.0322851,ok,"Budapest, Tétényi út 63, 1119 Hungary","https://www.google.com/maps/place/Budapest,+T%C3%A9t%C3%A9nyi+%C3%BAt+63,+1119+Hungary/@47.4644656,19.0322851,17z/data=!3m1!4b1!4m6!3m5!1s0x4741ddbef6dfb73b:0x8d9d27355a94896e!8m2!3d47.4644656!4d19.0322851!16s%2Fg%2F11gr7_kfy5?hl=en&entry=ttu&g_ep=EgoyMDI2MDkwOS4wIKXMDSoASAFQAw%3D%3D"
KICSI-RÁCZ KERESKEDELMI BT.,DKE1600000017,1106 Budapest 10. ker. Gyakorló utca 36.,2013.07.01,2033.06.30,47.502323,19.1465551,ok,"Budapest, Gyakorló u. 36, 1106 Hungary","https://www.google.com/maps/place/Budapest,+Gyakorl%C3%B3+u.+36,+1106+Hungary/@47.502323,19.1465551,17z/data=!3m1!4b1!4m6!3m5!1s0x4741c3559d3d0ab3:0xbe41d78f0f1dac22!8m2!3d47.502323!4d19.1465551!16s%2Fg%2F11sqf70wp0?hl=en&entry=ttu&g_ep=EgoyMDI2MDkwOS4wIKXMDSoASAFQAw%3D%3D"
Kimo Tabak Bt.,DKE1600000324,"1085 Budapest, József körút 66.",2022.07.14,2033.06.30,47.4879194,19.0707414,ok,"Budapest, József krt. 66, 1085 Hungary","https://www.google.com/maps/place/Budapest,+J%C3%B3zsef+krt.+66,+1085+Hungary/@47.4879194,19.0707414,17z/data=!3m1!4b1!4m6!3m5!1s0x4741dc5859aa0645:0x52c70c975d1a8a76!8m2!3d47.4879194!4d19.0707414!16s%2Fg%2F11t5kjxstw?hl=en&entry=ttu&g_ep=EgoyMDI2MDkwOS4wIKXMDSoASAFQAw%3D%3D"
Kincsem Tabak-Shop Bt.,DKE1600000235,"1146 Budapest, Hungária körút 140-144.",2024.10.25,2033.06.30,47.5117657,19.0970165,ok,"Budapest, Hungária krt. 140, 1146 Hungary","https://www.google.com/maps/place/Budapest,+Hung%C3%A1ria+krt.+140,+1146+Hungary/@47.5117657,19.0970165,17z/data=!3m1!4b1!4m6!3m5!1s0x4741db7e011ac16d:0x36544fe1e5491bbd!8m2!3d47.5117657!4d19.0970165!16s%2Fg%2F11vkgtfznk?hl=en&entry=ttu&g_ep=EgoyMDI2MDkwOS4wIKXMDSoASAFQAw%3D%3D"
Kincsem Tabak-Shop Bt.,DKE1600000236,"1161 Budapest, Rákosi út 116.",2024.10.25,2033.06.30,47.5215273,19.1677225,ok,"Budapest, Rákosi út 116, 1161 Hungary","https://www.google.com/maps/place/Budapest,+R%C3%A1kosi+%C3%BAt+116,+1161+Hungary/@47.5215273,19.1677225,17z/data=!3m1!4b1!4m6!3m5!1s0x4741c4c84de039e7:0x149e57dfce14b30d!8m2!3d47.5215273!4d19.1677225!16s%2Fg%2F11j6zl8v6s?hl=en&entry=ttu&g_ep=EgoyMDI2MDkwOS4wIKXMDSoASAFQAw%3D%3D"
Király Tobacco Shop Bt.,DKE1010000110,"1191 Budapest, Kossuth tér villamos megálló",2022.11.11,2033.06.30,,,no_place,,"https://www.google.com/maps/search/1191+Budapest,+Kossuth+t%C3%A9r+villamos+meg%C3%A1ll%C3%B3/@47.4576638,19.1446769,17z/data=!3m1!4b1?hl=en&entry=ttu&g_ep=EgoyMDI2MDkwOS4wIKXMDSoASAFQAw%3D%3D"
Kiscigaretta Bt.,DKE1700000140,"1027 Budapest, Bem József utca 9.",2023.10.17,2033.06.30,47.5119003,19.0347452,ok,"Budapest, Bem József u. 9, 1027 Hungary","https://www.google.com/maps/place/Budapest,+Bem+J%C3%B3zsef+u.+9,+1027+Hungary/@47.5119003,19.0347452,17z/data=!3m1!4b1!4m6!3m5!1s0x4741dc1cd3881df3:0xc3c410bfae918dcb!8m2!3d47.5119003!4d19.0347452!16s%2Fg%2F11c287yv7h?hl=en&entry=ttu&g_ep=EgoyMDI2MDkwOS4wIKXMDSoASAFQAw%3D%3D"
Kishunor Bt.,DKE1600000311,1148 Budapest 14. ker. Nagy Lajos király útja 100.,2013.12.02,2033.11.24,47.514761,19.1196978,ok,"Budapest, Nagy Lajos király útja 100, 1148 Hungary","https://www.google.com/maps/place/Budapest,+Nagy+Lajos+kir%C3%A1ly+%C3%BAtja+100,+1148+Hungary/@47.514761,19.1196978,17z/data=!3m1!4b1!4m6!3m5!1s0x4741db670d3d2221:0x5f06d5e65d079f19!8m2!3d47.514761!4d19.1196978!16s%2Fg%2F11khtjcn16?hl=en&entry=ttu&g_ep=EgoyMDI2MDkwOS4wIKXMDSoASAFQAw%3D%3D"
Kislutri Bt,DKE1600000213,1152 Budapest 15. ker. Régifóti út 30.,2013.07.01,2033.06.30,47.5644942,19.1272781,ok,"Budapest, Régi Fóti út 30, 1152 Hungary","https://www.google.com/maps/place/Budapest,+R%C3%A9gi+F%C3%B3ti+%C3%BAt+30,+1152+Hungary/@47.5644942,19.1272781,17z/data=!3m1!4b1!4m6!3m5!1s0x4741da5f58616c15:0x4592855fa863da30!8m2!3d47.5644942!4d19.1272781!16s%2Fg%2F11r9ccc_m8?hl=en&entry=ttu&g_ep=EgoyMDI2MDkwOS4wIKXMDSoASAFQAw%3D%3D"
Kobabe Szivar Bt,DKE1600000206,1073 Budapest 07. ker. Wesselényi utca 45,2013.07.01,2033.06.30,47.5006416,19.0692562,no_place,,"https://www.google.com/maps/search/1073+Budapest+07.+ker.+Wessel%C3%A9nyi+utca+45/@47.4988313,19.065484,17z/data=!3m1!4b1?hl=en&entry=ttu&g_ep=EgoyMDI2MDkwOS4wIKXMDSoASAFQAw%3D%3D"
Kobabe Szivar Bt,DKE1600000217,"1151 Budapest, 88195. hrsz.",2024.12.19,2033.06.30,47.4978789,19.0402383,no_place,,"https://www.google.com/maps/search/1151+Budapest,+88195.+hrsz./@47.581329,19.132144,14z/data=!3m1!4b1?hl=en&entry=ttu&g_ep=EgoyMDI2MDkwOS4wIKXMDSoASAFQAw%3D%3D"
Kobabe Szivar Bt,DKE1600000266,1067 Budapest 06. ker. Teréz körút 21.,2013.07.01,2033.06.30,47.5060393,19.0626001,ok,"Budapest, Teréz krt. 21, 1067 Hungary","https://www.google.com/maps/place/Budapest,+Ter%C3%A9z+krt.+21,+1067+Hungary/@47.5060393,19.0626001,17z/data=!3m1!4b1!4m6!3m5!1s0x4741dc6de821c6a1:0xf2b51a2e806ff589!8m2!3d47.5060393!4d19.0626001!16s%2Fg%2F11c1_8hmzs?hl=en&entry=ttu&g_ep=EgoyMDI2MDkwOS4wIKXMDSoASAFQAw%3D%3D"
Kobabe Szivar Bt,DKE1600000270,1071 Budapest 07. ker. Damjanich utca 11-15.,2013.07.01,2033.06.30,47.5059219,19.0760323,ok,"Budapest, Damjanich u. 11-15, 1071 Hungary","https://www.google.com/maps/place/Budapest,+Damjanich+u.+11-15,+1071+Hungary/@47.5059219,19.0760323,17z/data=!3m1!4b1!4m6!3m5!1s0x4741dc7b3bf7cac9:0x147dd8efa492822f!8m2!3d47.5059219!4d19.0760323!16s%2Fg%2F11fsx6gncs?hl=en&entry=ttu&g_ep=EgoyMDI2MDkwOS4wIKXMDSoASAFQAw%3D%3D"
Koki Trafik Bt.,DKE1010000156,"1191 Budapest, Ady Endre út 42-44.",2022.11.25,2033.06.30,47.4601784,19.1327514,ok,"Budapest, Ady Endre út 42-44, 1191 Hungary","https://www.google.com/maps/place/Budapest,+Ady+Endre+%C3%BAt+42-44,+1191+Hungary/@47.4601784,19.1327514,17z/data=!3m1!4b1!4m6!3m5!1s0x4741c2d97ab8c1e5:0x1337439b62cd92ac!8m2!3d47.4601784!4d19.1327514!16s%2Fg%2F11yr_ps6n3?hl=en&entry=ttu&g_ep=EgoyMDI2MDkwOS4wIKXMDSoASAFQAw%3D%3D"
Koki Trafik Bt.,DKE1010000160,"1097 Budapest, Könyves Kálmán körút 12-14.",2022.11.25,2033.06.30,47.4705556,19.0838741,ok,"Budapest, Lurdy-ház földszint, Könyves Kálmán krt. 12-14, 1097 Hungary","https://www.google.com/maps/place/Budapest,+Lurdy-h%C3%A1z+f%C3%B6ldszint,+K%C3%B6nyves+K%C3%A1lm%C3%A1n+krt.+12-14,+1097+Hungary/@47.4705556,19.0838741,17z/data=!3m1!4b1!4m6!3m5!1s0x4741dd1e7c12e7f3:0x17d025451be78911!8m2!3d47.4705556!4d19.0838741!16s%2Fg%2F11bw3w_4gg?hl=en&entry=ttu&g_ep=EgoyMDI2MDkwOS4wIKXMDSoASAFQAw%3D%3D"
Koki Trafik Bt.,DKE1600000081,"1145 Budapest, Nagy Lajos király útja 210.",2022.11.25,2033.06.30,47.5220376,19.102697,ok,"Budapest, Nagy Lajos király útja 210, 1149 Hungary","https://www.google.com/maps/place/Budapest,+Nagy+Lajos+kir%C3%A1ly+%C3%BAtja+210,+1149+Hungary/@47.5220376,19.102697,17z/data=!3m1!4b1!4m6!3m5!1s0x4741db7740736f0d:0x76a340ef5e2ebf4b!8m2!3d47.5220376!4d19.102697!16s%2Fg%2F11h269v6lq?hl=en&entry=ttu&g_ep=EgoyMDI2MDkwOS4wIKXMDSoASAFQAw%3D%3D"
Kondás Orsolya,DKE1010000148,1116 Budapest 11. ker. Fehérvári út 45-47.,2013.07.01,2033.06.30,47.4697969,19.0445832,ok,"Budapest, Fehérvári út 45, 1119 Hungary","https://www.google.com/maps/place/Budapest,+Feh%C3%A9rv%C3%A1ri+%C3%BAt+45,+1119+Hungary/@47.4697969,19.0445832,17z/data=!3m1!4b1!4m6!3m5!1s0x4741ddb0097c990f:0xa7783f5885008fc0!8m2!3d47.4697969!4d19.0445832!16s%2Fg%2F11c1_5frd2?hl=en&entry=ttu&g_ep=EgoyMDI2MDkwOS4wIKXMDSoASAFQAw%3D%3D"
Kondás Orsolya,DKE1010000149,1119 Budapest 11. ker. Andor utca 2.,2013.07.01,2033.06.30,47.4557417,19.0388504,ok,"Budapest, Andor u. 2, 1115 Hungary","https://www.google.com/maps/place/Budapest,+Andor+u.+2,+1115+Hungary/@47.4557417,19.0388504,17z/data=!3m1!4b1!4m6!3m5!1s0x4741dd9988c7d52b:0x109c9651ebc331f9!8m2!3d47.4557417!4d19.0388504!16s%2Fg%2F11j6zkxplg?hl=en&entry=ttu&g_ep=EgoyMDI2MDkwOS4wIKXMDSoASAFQAw%3D%3D"
Kondás Zsolt Attila,DKE1600000102,1162 Budapest 16. ker. Rákosi út 265/B,2013.07.01,2033.06.30,47.522874,19.1709777,no_place,,"https://www.google.com/maps/search/1162+Budapest+16.+ker.+R%C3%A1kosi+%C3%BAt+265%2FB/@47.5304314,19.1882185,17z/data=!3m1!4b1?hl=en&entry=ttu&g_ep=EgoyMDI2MDkwOS4wIKXMDSoASAFQAw%3D%3D"
Korona Trafik Bt.,DKE1010000177,"1114 Budapest, Fehérvári út 13.",2023.08.30,2033.06.30,47.4757313,19.0466239,ok,"Budapest, Fehérvári út 13, 1114 Hungary","https://www.google.com/maps/place/Budapest,+Feh%C3%A9rv%C3%A1ri+%C3%BAt+13,+1114+Hungary/@47.4757313,19.0466239,17z/data=!3m1!4b1!4m6!3m5!1s0x4741ddb24a7bb269:0x7a2442fa42bbcc3!8m2!3d47.4757313!4d19.0466239!16s%2Fg%2F11q2vxkx7j?hl=en&entry=ttu&g_ep=EgoyMDI2MDkwOS4wIKXMDSoASAFQAw%3D%3D"
Korona Trafik Bt.,DKE1600000186,"1103 Budapest, Gyömrői út 76-80.",2023.08.30,2033.06.30,47.4682962,19.1493477,ok,"Budapest, Gyömrői út 76-80, 1103 Hungary","https://www.google.com/maps/place/Budapest,+Gy%C3%B6mr%C5%91i+%C3%BAt+76-80,+1103+Hungary/@47.4682962,19.1493477,17z/data=!3m1!4b1!4m6!3m5!1s0x4741c31898746b89:0xf180ba46c3753a8f!8m2!3d47.4682962!4d19.1493477!16s%2Fg%2F11cs75bwkn?hl=en&entry=ttu&g_ep=EgoyMDI2MDkwOS4wIKXMDSoASAFQAw%3D%3D"
Korozmán Anikó,DKE1010000002,1225 Budapest 22. ker. Nagytétényi út 293.,2013.07.01,2033.06.30,47.3916685,18.9829067,ok,"Budapest, Nagytétényi út 293, 1225 Hungary","https://www.google.com/maps/place/Budapest,+Nagyt%C3%A9t%C3%A9nyi+%C3%BAt+293,+1225+Hungary/@47.3916685,18.9829067,17z/data=!3m1!4b1!4m6!3m5!1s0x4741e6eb9ee6f57b:0x42efaafe0ab5f851!8m2!3d47.3916685!4d18.9829067!16s%2Fg%2F11rp451xyv?hl=en&entry=ttu&g_ep=EgoyMDI2MDkwOS4wIKXMDSoASAFQAw%3D%3D"
Kovács Nikolett,DKE1600000002,1152 Budapest 15. ker. Fő út 2.,2013.07.01,2033.06.30,47.5682128,19.1257289,ok,"Budapest, Fő út 2, 1151 Hungary","https://www.google.com/maps/place/Budapest,+F%C5%91+%C3%BAt+2,+1151+Hungary/@47.5682128,19.1257289,17z/data=!3m1!4b1!4m6!3m5!1s0x4741da607cf102f3:0xe46062ce50ebddd6!8m2!3d47.5682128!4d19.1257289!16s%2Fg%2F11rp4wdhbq?hl=en&entry=ttu&g_ep=EgoyMDI2MDkwOS4wIKXMDSoASAFQAw%3D%3D"
Kovi Tabak Bt.,DKE1010000104,1204 Budapest 20. ker. Radnó utca 2.,2013.07.01,2033.06.30,47.4412433,19.1333839,ok,"Budapest, Radnó u. 2, 1202 Hungary","https://www.google.com/maps/place/Budapest,+Radn%C3%B3+u.+2,+1202+Hungary/@47.4412433,19.1333839,17z/data=!3m1!4b1!4m6!3m5!1s0x4741c295ad03117b:0x6615bf1472533feb!8m2!3d47.4412433!4d19.1333839!16s%2Fg%2F11c5lwvh03?hl=en&entry=ttu&g_ep=EgoyMDI2MDkwOS4wIKXMDSoASAFQAw%3D%3D"
Kovi Tabak Bt.,DKE1010000112,"1182 Budapest, Cziffra György utca 15/B.",2022.07.07,2033.06.30,47.4325899,19.1783785,no_place,,"https://www.google.com/maps/search/1182+Budapest,+Cziffra+Gy%C3%B6rgy+utca+15%2FB./@47.4327302,19.1773818,17z/data=!3m1!4b1?hl=en&entry=ttu&g_ep=EgoyMDI2MDkwOS4wIKXMDSoASAFQAw%3D%3D"
Kozmix Trafik Bt.,DKE1010000128,"1182 Budapest, Üllői út 745.",2013.07.01,2033.06.30,47.4294,19.2165074,ok,"Budapest, Üllői út 745, 1182 Hungary","https://www.google.com/maps/place/Budapest,+%C3%9Cll%C5%91i+%C3%BAt+745,+1182+Hungary/@47.4294,19.2165074,17z/data=!3m1!4b1!4m6!3m5!1s0x4741c1f4b6e1fbbd:0x8b988a2567d02fc5!8m2!3d47.4294!4d19.2165074!16s%2Fg%2F11j8x35lr8?hl=en&entry=ttu&g_ep=EgoyMDI2MDkwOS4wIKXMDSoASAFQAw%3D%3D"
Krattinger András Attiláné,DKE1700000037,"1139 Budapest, Béke tér 10-11. földszint 6. ajtó",2024.07.11,2033.06.30,47.5311222,19.080786,no_place,,"https://www.google.com/maps/search/1139+Budapest,+B%C3%A9ke+t%C3%A9r+10-11.+f%C3%B6ldszint+6.+ajt%C3%B3/@47.5337897,19.0820461,16z/data=!3m1!4b1?hl=en&entry=ttu&g_ep=EgoyMDI2MDkwOS4wIKXMDSoASAFQAw%3D%3D"
Kremmer Sztár Bt.,DKE1600000019,"1171 Budapest, Zrínyi utca 86.",2025.07.18,2033.06.30,47.4775801,19.2927242,ok,"Budapest, Zrínyi u. 86, 1171 Hungary","https://www.google.com/maps/place/Budapest,+Zr%C3%ADnyi+u.+86,+1171+Hungary/@47.4775801,19.2927242,17z/data=!3m1!4b1!4m6!3m5!1s0x4741c12cd55cfabb:0xc10b1b3b9f9d98bc!8m2!3d47.4775801!4d19.2927242!16s%2Fg%2F11fswcskvy?hl=en&entry=ttu&g_ep=EgoyMDI2MDkwOS4wIKXMDSoASAFQAw%3D%3D"
Kremmer Sztár Bt.,DKE1600000023,"1105 Budapest, Körösi Csoma Sándor út 43.",2025.07.18,2033.06.30,47.4894998,19.136782,ok,"Budapest, Kőrösi Csoma Sándor út 43, 1105 Hungary","https://www.google.com/maps/place/Budapest,+K%C5%91r%C3%B6si+Csoma+S%C3%A1ndor+%C3%BAt+43,+1105+Hungary/@47.4894998,19.136782,17z/data=!3m1!4b1!4m6!3m5!1s0x4741c34c847e5807:0x1405b947b7230d!8m2!3d47.4894998!4d19.136782!16s%2Fg%2F11n0_zjr5s?hl=en&entry=ttu&g_ep=EgoyMDI2MDkwOS4wIKXMDSoASAFQAw%3D%3D"
Kremmer Tabak Bt.,DKE1600000070,1152 Budapest 15. ker. Rákos út 84.,2013.07.04,2033.06.30,47.5499184,19.1171988,ok,"Budapest, Rákos út 84, 1152 Hungary","https://www.google.com/maps/place/Budapest,+R%C3%A1kos+%C3%BAt+84,+1152+Hungary/@47.5499184,19.1171988,17z/data=!3m1!4b1!4m6!3m5!1s0x4741dafff2583e35:0xecef5ced67eaa972!8m2!3d47.5499184!4d19.1171988!16s%2Fg%2F11jn4d3xw6?hl=en&entry=ttu&g_ep=EgoyMDI2MDkwOS4wIKXMDSoASAFQAw%3D%3D"
Kremmer Tabak Bt.,DKE1600000075,1152 Budapest 15. ker. Rákos út 48.,2013.07.01,2033.06.30,47.5555256,19.1197346,ok,"Budapest, Rákos út 48, 1152 Hungary","https://www.google.com/maps/place/Budapest,+R%C3%A1kos+%C3%BAt+48,+1152+Hungary/@47.5555256,19.1197346,17z/data=!3m1!4b1!4m6!3m5!1s0x4741da562f2014e9:0x5d253f0a877f299e!8m2!3d47.5555256!4d19.1197346!16s%2Fg%2F11s5j6hy56?hl=en&entry=ttu&g_ep=EgoyMDI2MDkwOS4wIKXMDSoASAFQAw%3D%3D"
Kremmer Tabak Bt.,DKE1600000078,"1081 Budapest, II. János Pál pápa tér 13.",2023.04.14,2033.06.30,47.4951418,19.0785043,ok,"Budapest, II. János Pál pápa tér 13, 1081 Hungary","https://www.google.com/maps/place/Budapest,+II.+J%C3%A1nos+P%C3%A1l+p%C3%A1pa+t%C3%A9r+13,+1081+Hungary/@47.4951418,19.0785043,17z/data=!3m1!4b1!4m6!3m5!1s0x4741dc8aa67a799d:0xefb927dda8d81839!8m2!3d47.4951418!4d19.0785043!16s%2Fg%2F11c241mb53?hl=en&entry=ttu&g_ep=EgoyMDI2MDkwOS4wIKXMDSoASAFQAw%3D%3D"
Kremmer Tabak Bt.,DKE1600000080,1152 Budapest 15. ker. Töltés utca 4.,2013.07.01,2033.06.30,47.5736791,19.120951,ok,"Budapest, Töltés u. 4, 1151 Hungary","https://www.google.com/maps/place/Budapest,+T%C3%B6lt%C3%A9s+u.+4,+1151+Hungary/@47.5736791,19.120951,17z/data=!3m1!4b1!4m6!3m5!1s0x4741da65d7f3ce71:0xa4f7f597a79350ee!8m2!3d47.5736791!4d19.120951!16s%2Fg%2F11j6zkyxkk?hl=en&entry=ttu&g_ep=EgoyMDI2MDkwOS4wIKXMDSoASAFQAw%3D%3D"
Kribaco Shop Bt,DKE1010000062,1204 Budapest 20. ker. Ady Endre utca 90/92.,2013.07.01,2033.06.30,47.4380558,19.1049051,no_place,,"https://www.google.com/maps/search/1204+Budapest+20.+ker.+Ady+Endre+utca+90%2F92./@47.4380118,19.1049983,17z/data=!3m1!4b1?hl=en&entry=ttu&g_ep=EgoyMDI2MDkwOS4wIKXMDSoASAFQAw%3D%3D"
Krila Trafik Bt,DKE1010000046,1222 Budapest 22. ker. Tóth József utca 49.,2013.07.01,2033.06.30,47.4222772,19.0363992,ok,"Budapest, Tóth József u. 49, 1222 Hungary","https://www.google.com/maps/place/Budapest,+T%C3%B3th+J%C3%B3zsef+u.+49,+1222+Hungary/@47.4222772,19.0363992,17z/data=!3m1!4b1!4m6!3m5!1s0x4741e798db25f41d:0xb57e09eb66332060!8m2!3d47.4222772!4d19.0363992!16s%2Fg%2F11wht7xrp3?hl=en&entry=ttu&g_ep=EgoyMDI2MDkwOS4wIKXMDSoASAFQAw%3D%3D"
Krila Trafik Bt,DKE1010000058,1222 Budapest 22. ker. Gádor utca 128.,2013.07.01,2033.06.30,47.4253985,19.0150932,ok,"Budapest, Gádor u. 128, 1222 Hungary","https://www.google.com/maps/place/Budapest,+G%C3%A1dor+u.+128,+1222+Hungary/@47.4253985,19.0150932,17z/data=!3m1!4b1!4m6!3m5!1s0x4741e76d60356935:0x7d97c0b377777010!8m2!3d47.4253985!4d19.0150932!16s%2Fg%2F11fwhlzr7_?hl=en&entry=ttu&g_ep=EgoyMDI2MDkwOS4wIKXMDSoASAFQAw%3D%3D"
Kriprint Bt,DKE1010000049,1224 Budapest 22. ker. Dózsa György út 29,2013.07.01,2033.06.30,47.4043444,19.0010681,ok,"Budapest, Dózsa György út 29, 1224 Hungary","https://www.google.com/maps/place/Budapest,+D%C3%B3zsa+Gy%C3%B6rgy+%C3%BAt+29,+1224+Hungary/@47.4043444,19.0010681,17z/data=!3m1!4b1!4m6!3m5!1s0x4741e6fd322e77e1:0x4a2d9f0b3af12f40!8m2!3d47.4043444!4d19.0010681!16s%2Fg%2F11jn4dp3yb?hl=en&entry=ttu&g_ep=EgoyMDI2MDkwOS4wIKXMDSoASAFQAw%3D%3D"
KRISZTINA TABAK-SHOP Bt.,DKE1010000080,"1116 Budapest, Fehérvári út 192.",2023.05.18,2033.06.30,47.4432428,19.0370225,ok,"Budapest, Fehérvári út 192, 1116 Hungary","https://www.google.com/maps/place/Budapest,+Feh%C3%A9rv%C3%A1ri+%C3%BAt+192,+1116+Hungary/@47.4432428,19.0370225,17z/data=!3m1!4b1!4m6!3m5!1s0x4741dd811eff9a2f:0x60068559197a4501!8m2!3d47.4432428!4d19.0370225!16s%2Fg%2F11fklkb_xn?hl=en&entry=ttu&g_ep=EgoyMDI2MDkwOS4wIKXMDSoASAFQAw%3D%3D"
KRISZTINA TABAK-SHOP Bt.,DKE1700000074,"1013 Budapest, Krisztina körút 37.",2023.05.18,2033.06.30,47.4995589,19.0251178,ok,"Budapest, Krisztina krt. 37, 1013 Hungary","https://www.google.com/maps/place/Budapest,+Krisztina+krt.+37,+1013+Hungary/@47.4995589,19.0251178,17z/data=!3m1!4b1!4m6!3m5!1s0x4741dc20e2297e5d:0x9800fa2d71ac4c24!8m2!3d47.4995589!4d19.0251178!16s%2Fg%2F11csdytbkw?hl=en&entry=ttu&g_ep=EgoyMDI2MDkwOS4wIKXMDSoASAFQAw%3D%3D"
Ksmith Cigarette Bt,DKE1700000222,1011 Budapest 01. ker. Batthyány tér HÉV végállomás 014445 hrsz.,2013.07.01,2033.06.30,,,no_place,,"https://www.google.com/maps/search/1011+Budapest+01.+ker.+Batthy%C3%A1ny+t%C3%A9r+H%C3%89V+v%C3%A9g%C3%A1llom%C3%A1s+014445+hrsz./@47.5056395,19.0389565,17z/data=!3m1!4b1?hl=en&entry=ttu&g_ep=EgoyMDI2MDkwOS4wIKXMDSoASAFQAw%3D%3D"
Ksmith Cigarette Bt.,DKE1700000187,"1015 Budapest, Batthyány utca 1.",2024.01.05,2033.06.30,47.5070493,19.0379906,ok,"Budapest, Batthyány u. 1, 1015 Hungary","https://www.google.com/maps/place/Budapest,+Batthy%C3%A1ny+u.+1,+1015+Hungary/@47.5070493,19.0379906,17z/data=!3m1!4b1!4m6!3m5!1s0x4741dc1bd0455555:0x3a5c7549d4644be0!8m2!3d47.5070493!4d19.0379906!16s%2Fg%2F11q2ngyr1g?hl=en&entry=ttu&g_ep=EgoyMDI2MDkwOS4wIKXMDSoASAFQAw%3D%3D"
Ksmith Cigarette Bt.,DKE1700000198,"1011 Budapest, Fő utca 4. földszint",2024.10.15,2033.06.30,47.4989783,19.0400102,ok,"Budapest, Fő u. 4, 1011 Hungary","https://www.google.com/maps/place/Budapest,+F%C5%91+u.+4,+1011+Hungary/@47.4989783,19.0400102,17z/data=!3m1!4b1!4m6!3m5!1s0x4741dc3d0713d21b:0x632b81d062e742b1!8m2!3d47.4989783!4d19.0400102!16s%2Fg%2F11c21r0959?hl=en&entry=ttu&g_ep=EgoyMDI2MDkwOS4wIKXMDSoASAFQAw%3D%3D"
Kultúr Dohány Bt.,DKE1010000054,1181 Budapest 18. ker. Est utca 50.,2013.07.01,2033.06.30,47.4347605,19.1702642,ok,"Budapest, Est u. 50, 1181 Hungary","https://www.google.com/maps/place/Budapest,+Est+u.+50,+1181+Hungary/@47.4347605,19.1702642,17z/data=!3m1!4b1!4m6!3m5!1s0x4741c268835db18d:0xb61d8d4b9471bc3d!8m2!3d47.4347605!4d19.1702642!16s%2Fg%2F11fdky97vx?hl=en&entry=ttu&g_ep=EgoyMDI2MDkwOS4wIKXMDSoASAFQAw%3D%3D"
Kürcha Tobacco Bt,DKE1010000197,1237 Budapest 23. ker. Haraszti út 34-36,2013.07.01,2033.06.30,47.3858925,19.1092551,ok,"Budapest, Haraszti út 34, 1239 Hungary","https://www.google.com/maps/place/Budapest,+Haraszti+%C3%BAt+34,+1239+Hungary/@47.3858925,19.1092551,17z/data=!3m1!4b1!4m6!3m5!1s0x4741e8f85c755cbd:0xd210cc758c324124!8m2!3d47.3858925!4d19.1092551!16s%2Fg%2F11srvh0p0y?hl=en&entry=ttu&g_ep=EgoyMDI2MDkwOS4wIKXMDSoASAFQAw%3D%3D"
Kürcha Tobacco Bt,DKE1010000290,1237 Budapest 23. ker. Köves út 40.,2013.07.01,2033.06.30,47.4229764,19.1321573,ok,"Budapest, Köves út 40, 1237 Hungary","https://www.google.com/maps/place/Budapest,+K%C3%B6ves+%C3%BAt+40,+1237+Hungary/@47.4229764,19.1321573,17z/data=!3m1!4b1!4m6!3m5!1s0x4741e828753420db:0x8cfa0d7f8795a129!8m2!3d47.4229764!4d19.1321573!16s%2Fg%2F11pw3kqyxy?hl=en&entry=ttu&g_ep=EgoyMDI2MDkwOS4wIKXMDSoASAFQAw%3D%3D"
Kürcha Tobacco Bt,DKE1600000185,1155 Budapest 15. ker. Kolozsvár utca 48-50.,2013.07.01,2033.06.30,47.5363246,19.1147104,ok,"Budapest, Kolozsvár u. 48, 1155 Hungary","https://www.google.com/maps/place/Budapest,+Kolozsv%C3%A1r+u.+48,+1155+Hungary/@47.5363246,19.1147104,17z/data=!3m1!4b1!4m6!3m5!1s0x4741db0ed44c05cb:0x93d0237f1b424f9d!8m2!3d47.5363246!4d19.1147104!16s%2Fg%2F11jz8xsq7s?hl=en&entry=ttu&g_ep=EgoyMDI2MDkwOS4wIKXMDSoASAFQAw%3D%3D"
Kürcha Tobacco Bt,DKE1600000200,1156 Budapest 15. ker. Nyírpalota utca 2.,2013.07.01,2033.06.30,47.5389118,19.1362908,ok,"Budapest, Nyírpalota út 2, 1156 Hungary","https://www.google.com/maps/place/Budapest,+Ny%C3%ADrpalota+%C3%BAt+2,+1156+Hungary/@47.5389118,19.1362908,17z/data=!3m1!4b1!4m6!3m5!1s0x4741db18ebc9a3fd:0x69190196dd431498!8m2!3d47.5389118!4d19.1362908!16s%2Fg%2F11jn4fn1_f?hl=en&entry=ttu&g_ep=EgoyMDI2MDkwOS4wIKXMDSoASAFQAw%3D%3D"
Kürcha Tobacco Bt,DKE1600000205,1157 Budapest 15. ker. Páskomliget utca 26,2013.07.01,2033.06.30,47.5461035,19.1366798,ok,"Budapest, Páskomliget utca 26, 1156 Hungary","https://www.google.com/maps/place/Budapest,+P%C3%A1skomliget+utca+26,+1156+Hungary/@47.5461035,19.1366798,17z/data=!3m1!4b1!4m6!3m5!1s0x4741dbe9e8b7b29d:0x45d459ec0cf3050d!8m2!3d47.5461035!4d19.1366798!16s%2Fg%2F11pcskmk8s?hl=en&entry=ttu&g_ep=EgoyMDI2MDkwOS4wIKXMDSoASAFQAw%3D%3D"
Kut Tabak Bt,DKE1010000261,1121 Budapest 12. ker. Zugligeti út 58,2013.07.01,2033.06.30,47.5178816,18.9836038,ok,"Budapest, Zugligeti út 58, 1121 Hungary","https://www.google.com/maps/place/Budapest,+Zugligeti+%C3%BAt+58,+1121+Hungary/@47.5178816,18.9836038,17z/data=!3m1!4b1!4m6!3m5!1s0x4741dedbd1008655:0x2f10c70c51d25afa!8m2!3d47.5178816!4d18.9836038!16s%2Fg%2F11j6zlcskk?hl=en&entry=ttu&g_ep=EgoyMDI2MDkwOS4wIKXMDSoASAFQAw%3D%3D"
Kut Tabak Bt,DKE1010000262,1125 Budapest 12. ker. Kútvölgyi út 12,2013.07.01,2033.06.30,47.512482,19.000454,ok,"Budapest, Kútvölgyi út 12, 1125 Hungary","https://www.google.com/maps/place/Budapest,+K%C3%BAtv%C3%B6lgyi+%C3%BAt+12,+1125+Hungary/@47.512482,19.000454,17z/data=!3m1!4b1!4m6!3m5!1s0x4741dec0ae271af5:0xa752f078712f77a9!8m2!3d47.512482!4d19.000454!16s%2Fg%2F11cs9kb0yc?hl=en&entry=ttu&g_ep=EgoyMDI2MDkwOS4wIKXMDSoASAFQAw%3D%3D"
Kut Tabak Bt,DKE1700000224,1025 Budapest 02. ker. Csatárka út 58.,2013.07.01,2033.06.30,47.5298937,19.0102084,ok,"Budapest, Csatárka utca 58, 1025 Hungary","https://www.google.com/maps/place/Budapest,+Csat%C3%A1rka+utca+58,+1025+Hungary/@47.5298937,19.0102084,17z/data=!3m1!4b1!4m6!3m5!1s0x4741d935b160f8d5:0xf14e7ec7bccb73c!8m2!3d47.5298937!4d19.0102084!16s%2Fg%2F11jxbcsvt5?hl=en&entry=ttu&g_ep=EgoyMDI2MDkwOS4wIKXMDSoASAFQAw%3D%3D"
Kuuba Trafik Bt.,DKE1010000234,"1118 Budapest, Rétköz utca 3.",2024.08.15,2033.06.30,47.4658839,19.006383,ok,"Budapest, Rétköz u. 3, 1118 Hungary","https://www.google.com/maps/place/Budapest,+R%C3%A9tk%C3%B6z+u.+3,+1118+Hungary/@47.4658839,19.006383,17z/data=!3m1!4b1!4m6!3m5!1s0x4741dde7548c99d7:0x109ca34c0298f6ba!8m2!3d47.4658839!4d19.006383!16s%2Fg%2F11nnkt0s6z?hl=en&entry=ttu&g_ep=EgoyMDI2MDkwOS4wIKXMDSoASAFQAw%3D%3D"
Kuuba Trafik Bt.,DKE1010000235,"1116 Budapest, Olajbogyó utca 3.",2024.08.15,2033.06.30,47.4564858,19.0231045,ok,"Budapest, Olajbogyó u 3, 1116 Hungary","https://www.google.com/maps/place/Budapest,+Olajbogy%C3%B3+u+3,+1116+Hungary/@47.4564858,19.0231045,17z/data=!3m1!4b1!4m6!3m5!1s0x4741dd933bebdd6b:0x5c016c3dfe04b8c8!8m2!3d47.4564858!4d19.0231045!16s%2Fg%2F11j352x5kq?hl=en&entry=ttu&g_ep=EgoyMDI2MDkwOS4wIKXMDSoASAFQAw%3D%3D"
Kuuba Trafik Bt.,DKE1600000248,"1146 Budapest, Dózsa György út 13.",2024.08.15,2033.06.30,47.5049301,19.088014,ok,"Budapest, Dózsa György út 13, 1146 Hungary","https://www.google.com/maps/place/Budapest,+D%C3%B3zsa+Gy%C3%B6rgy+%C3%BAt+13,+1146+Hungary/@47.5049301,19.088014,17z/data=!3m1!4b1!4m6!3m5!1s0x4741dc87af92396b:0xe7246213577e74d1!8m2!3d47.5049301!4d19.088014!16s%2Fg%2F11lkhz05j0?hl=en&entry=ttu&g_ep=EgoyMDI2MDkwOS4wIKXMDSoASAFQAw%3D%3D"
Kuuba Trafik Bt.,DKE1600000249,"1148 Budapest, Vezér utca 129.",2024.08.15,2033.06.30,47.518216,19.1297221,ok,"Budapest, Vezér u 129, 1148 Hungary","https://www.google.com/maps/place/Budapest,+Vez%C3%A9r+u+129,+1148+Hungary/@47.518216,19.1297221,17z/data=!3m1!4b1!4m6!3m5!1s0x4741db43720322a7:0x5ed002e557ed591d!8m2!3d47.518216!4d19.1297221!16s%2Fg%2F11c28hr9mk?hl=en&entry=ttu&g_ep=EgoyMDI2MDkwOS4wIKXMDSoASAFQAw%3D%3D"
Kvintker Bt.,DKE1010000228,1117 Budapest 11. ker. Móricz Zsigmond körtér 9.,2013.07.01,2033.06.30,47.4768313,19.0463344,ok,"Budapest, Móricz Zsigmond körtér 9, 1114 Hungary","https://www.google.com/maps/place/Budapest,+M%C3%B3ricz+Zsigmond+k%C3%B6rt%C3%A9r+9,+1114+Hungary/@47.4768313,19.0463344,17z/data=!3m1!4b1!4m6!3m5!1s0x4741ddb3a8e8909b:0x30ef73d0234b4ebf!8m2!3d47.4768313!4d19.0463344!16s%2Fg%2F11lmhss2m3?hl=en&entry=ttu&g_ep=EgoyMDI2MDkwOS4wIKXMDSoASAFQAw%3D%3D"
Kvintker Bt.,DKE1010000232,1117 Budapest 11. ker. Bercsényi utca 21/a,2013.07.01,2033.06.30,47.4758608,19.0500921,ok,"Budapest, Bercsényi u. 21/A, 1117 Hungary","https://www.google.com/maps/place/Budapest,+Bercs%C3%A9nyi+u.+21%2FA,+1117+Hungary/@47.4758608,19.0500921,17z/data=!3m1!4b1!4m6!3m5!1s0x4741ddb278736463:0x190bcb2666c1c82a!8m2!3d47.4758608!4d19.0500921!16s%2Fg%2F11x7z2z56r?hl=en&entry=ttu&g_ep=EgoyMDI2MDkwOS4wIKXMDSoASAFQAw%3D%3D"
Kvintker Bt.,DKE1600000233,"1143 Budapest, Szobránc 20.",2021.04.12,2033.06.30,47.5058365,19.1036716,ok,"Budapest, Szobránc u. 20, 1143 Hungary","https://www.google.com/maps/place/Budapest,+Szobr%C3%A1nc+u.+20,+1143+Hungary/@47.5058365,19.1036716,17z/data=!3m1!4b1!4m6!3m5!1s0x4741dc9c840dbe77:0x195e7f36d6362d10!8m2!3d47.5058365!4d19.1036716!16s%2Fg%2F11vkgssx0r?hl=en&entry=ttu&g_ep=EgoyMDI2MDkwOS4wIKXMDSoASAFQAw%3D%3D"
Kvintker Bt.,DKE1600000237,1149 Budapest 14. ker. Egressy   9/A,2013.07.01,2033.06.30,47.5065197,19.1053083,ok,"Budapest, Egressy út 9a, 1149 Hungary","https://www.google.com/maps/place/Budapest,+Egressy+%C3%BAt+9a,+1149+Hungary/@47.5065197,19.1053083,17z/data=!3m1!4b1!4m6!3m5!1s0x4741dc9c5c09256f:0x4e883130cb46a27a!8m2!3d47.5065197!4d19.1053083!16s%2Fg%2F11c23jf61j?hl=en&entry=ttu&g_ep=EgoyMDI2MDkwOS4wIKXMDSoASAFQAw%3D%3D"
Kvintker Bt.,DKE1700000166,"1031 Budapest, Vízimolnár utca 8.",2022.08.17,2033.06.30,47.5688237,19.0528581,ok,"Budapest, Vízimolnár u. 8, 1031 Hungary","https://www.google.com/maps/place/Budapest,+V%C3%ADzimoln%C3%A1r+u.+8,+1031+Hungary/@47.5688237,19.0528581,17z/data=!3m1!4b1!4m6!3m5!1s0x4741d99a9353a39d:0x29cd762a0fa29215!8m2!3d47.5688237!4d19.0528581!16s%2Fg%2F11w23jhj4z?hl=en&entry=ttu&g_ep=EgoyMDI2MDkwOS4wIKXMDSoASAFQAw%3D%3D"
Latif Trafik Bt,DKE1010000204,1111 Budapest 11. ker. Lágymányosi utca 16.,2013.07.01,2033.06.30,47.4775876,19.0531956,ok,"Budapest, Lágymányosi u. 16, 1111 Hungary","https://www.google.com/maps/place/Budapest,+L%C3%A1gym%C3%A1nyosi+u.+16,+1111+Hungary/@47.4775876,19.0531956,17z/data=!3m1!4b1!4m6!3m5!1s0x4741ddad477dd4c7:0xd3730a5820634f7!8m2!3d47.4775876!4d19.0531956!16s%2Fg%2F11j6zl971l?hl=en&entry=ttu&g_ep=EgoyMDI2MDkwOS4wIKXMDSoASAFQAw%3D%3D"
Latif Trafik Bt,DKE1010000331,1116 Budapest 11. ker. Fehérvári út 211.,2016.03.23,2033.06.30,47.4470554,19.0365604,ok,"Budapest, Fehérvári út 211, 1116 Hungary","https://www.google.com/maps/place/Budapest,+Feh%C3%A9rv%C3%A1ri+%C3%BAt+211,+1116+Hungary/@47.4470554,19.0365604,17z/data=!3m1!4b1!4m6!3m5!1s0x4741dd846d14caa1:0x8cc0bd4727a69d39!8m2!3d47.4470554!4d19.0365604!16s%2Fg%2F11tp865bsj?hl=en&entry=ttu&g_ep=EgoyMDI2MDkwOS4wIKXMDSoASAFQAw%3D%3D"
Lavanderia Bt.,DKE1600000315,1173 Budapest 17. ker. Ferihegyi út 132.,2014.10.03,2034.09.04,47.475812,19.254981,ok,"Budapest, Ferihegyi út 132, 1173 Hungary","https://www.google.com/maps/place/Budapest,+Ferihegyi+%C3%BAt+132,+1173+Hungary/@47.475812,19.254981,17z/data=!3m1!4b1!4m6!3m5!1s0x4741c1505b7e82e5:0x3288e5a1cb45f4f7!8m2!3d47.475812!4d19.254981!16s%2Fg%2F11p6jt27dy?hl=en&entry=ttu&g_ep=EgoyMDI2MDkwOS4wIKXMDSoASAFQAw%3D%3D"
Lendeczkiné Kővári Katalin Piroska,DKE1600000003,"1155 Budapest, Vasutastelep utca 5.",2013.07.01,2033.06.30,47.5426544,19.1211107,ok,"Budapest, Vasutastelep u. 5, 1155 Hungary","https://www.google.com/maps/place/Budapest,+Vasutastelep+u.+5,+1155+Hungary/@47.5426544,19.1211107,17z/data=!3m1!4b1!4m6!3m5!1s0x4741db0473e3ee55:0xc992f75f7ffa1b24!8m2!3d47.5426544!4d19.1211107!16s%2Fg%2F11gr7txlfc?hl=en&entry=ttu&g_ep=EgoyMDI2MDkwOS4wIKXMDSoASAFQAw%3D%3D"
Lettrich Terézia Mária,DKE1700000007,1031 Budapest 03. ker. Keve utca 45/b,2013.07.01,2033.06.30,47.5760564,19.0582694,no_place,,"https://www.google.com/maps/search/1031+Budapest+03.+ker.+Keve+utca+45%2Fb/@47.5185439,19.0898591,12z/data=!3m1!4b1?hl=en&entry=ttu&g_ep=EgoyMDI2MDkwOS4wIKXMDSoASAFQAw%3D%3D"
LG 23 Bt.,DKE1700000197,"1026 Budapest, Gábor Áron utca 74-78.",2026.08.03,2033.06.30,47.5223453,19.0147422,ok,"Budapest, Rózsakert Bevásárló Központ, Gábor Áron u. 74 - 78, 1026 Hungary","https://www.google.com/maps/place/Budapest,+R%C3%B3zsakert+Bev%C3%A1s%C3%A1rl%C3%B3+K%C3%B6zpont,+G%C3%A1bor+%C3%81ron+u.+74+-+78,+1026+Hungary/@47.5223453,19.0147422,17z/data=!3m1!4b1!4m6!3m5!1s0x4741deb471d041f1:0x27f4bc4ab3c79101!8m2!3d47.5223453!4d19.0147422!16s%2Fg%2F11q2n76gn3?hl=en&entry=ttu&g_ep=EgoyMDI2MDkwOS4wIKXMDSoASAFQAw%3D%3D"
LG 23 Bt.,DKE1700000199,"1031 Budapest, Mészkő utca 2-4.",2025.11.26,2033.06.30,47.5797065,19.0330461,ok,"Budapest, Mészkő u. 2, 1031 Hungary","https://www.google.com/maps/place/Budapest,+M%C3%A9szk%C5%91+u.+2,+1031+Hungary/@47.5797065,19.0330461,17z/data=!3m1!4b1!4m6!3m5!1s0x4741d9b73fdcf3b9:0xd6d6cb79bf19d5e4!8m2!3d47.5797065!4d19.0330461!16s%2Fg%2F11csmb94b4?hl=en&entry=ttu&g_ep=EgoyMDI2MDkwOS4wIKXMDSoASAFQAw%3D%3D"
LI-ZO-Tabak Bt,DKE1700000017,1132 Budapest 13. ker. Csanády utca 4/B,2013.07.07,2033.06.30,47.5160879,19.0581315,no_place,,"https://www.google.com/maps/search/1132+Budapest+13.+ker.+Csan%C3%A1dy+utca+4%2FB/@47.5159983,19.058352,17z/data=!3m1!4b1?hl=en&entry=ttu&g_ep=EgoyMDI2MDkwOS4wIKXMDSoASAFQAw%3D%3D"
Liget Tabak-Shop Bt,DKE1010000222,1116 Budapest 11. ker. Kondorosi út 7.,2013.07.01,2033.06.30,47.4513616,19.0372745,ok,"Budapest, Kondorosi út 7, 1116 Hungary","https://www.google.com/maps/place/Budapest,+Kondorosi+%C3%BAt+7,+1116+Hungary/@47.4513616,19.0372745,17z/data=!3m1!4b1!4m6!3m5!1s0x4741dd9b260c5a53:0x28e81c6893ea2b48!8m2!3d47.4513616!4d19.0372745!16s%2Fg%2F11jn4f50zb?hl=en&entry=ttu&g_ep=EgoyMDI2MDkwOS4wIKXMDSoASAFQAw%3D%3D"
Liget Tabak-Shop Bt,DKE1010000225,1201 Budapest 20. ker. Vágóhíd utca 44.,2013.07.01,2033.06.30,47.4242452,19.1108188,ok,"Budapest, Vágóhíd u. 44, 1201 Hungary","https://www.google.com/maps/place/Budapest,+V%C3%A1g%C3%B3h%C3%ADd+u.+44,+1201+Hungary/@47.4242452,19.1108188,17z/data=!3m1!4b1!4m6!3m5!1s0x4741e81e9e5ef8d9:0xa759d11746c4a110!8m2!3d47.4242452!4d19.1108188!16s%2Fg%2F11ym3vk7wz?hl=en&entry=ttu&g_ep=EgoyMDI2MDkwOS4wIKXMDSoASAFQAw%3D%3D"
Liget Trafik Bt.,DKE1600000027,1101 Budapest 10. ker. Pongrác utca 9.,2013.07.01,2033.06.30,47.4898632,19.1189223,ok,"Budapest, Pongrácz út 9, 1101 Hungary","https://www.google.com/maps/place/Budapest,+Pongr%C3%A1cz+%C3%BAt+9,+1101+Hungary/@47.4898632,19.1189223,17z/data=!3m1!4b1!4m6!3m5!1s0x4741dcb82b1a452f:0xd64c8283f2883290!8m2!3d47.4898632!4d19.1189223!16s%2Fg%2F11l5cw6syl?hl=en&entry=ttu&g_ep=EgoyMDI2MDkwOS4wIKXMDSoASAFQAw%3D%3D"
Lipót Trafik Bt.,DKE1700000238,1133 Budapest 13. ker. Pannónia utca 68.,2013.07.01,2033.06.30,47.5198208,19.0557798,ok,"Budapest, Pannónia u. 68, 1133 Hungary","https://www.google.com/maps/place/Budapest,+Pann%C3%B3nia+u.+68,+1133+Hungary/@47.5198208,19.0557798,17z/data=!3m1!4b1!4m6!3m5!1s0x4741dbf63857d595:0x7c6677a60ab5ac6c!8m2!3d47.5198208!4d19.0557798!16s%2Fg%2F11rxq2fcjy?hl=en&entry=ttu&g_ep=EgoyMDI2MDkwOS4wIKXMDSoASAFQAw%3D%3D"
Liso Trafik Bt.,DKE1600000136,1148 Budapest 14. ker. Kerepesi út 34.,2013.07.01,2033.06.30,47.5007953,19.1105441,ok,"Budapest, Kerepesi út 34, 1148 Hungary","https://www.google.com/maps/place/Budapest,+Kerepesi+%C3%BAt+34,+1148+Hungary/@47.5007953,19.1105441,17z/data=!3m1!4b1!4m6!3m5!1s0x4741dc9868d58e4d:0x29b5fcdb9724b9ae!8m2!3d47.5007953!4d19.1105441!16s%2Fg%2F11knlq75q_?hl=en&entry=ttu&g_ep=EgoyMDI2MDkwOS4wIKXMDSoASAFQAw%3D%3D"
Liso Trafik Bt.,DKE1600000193,1146 Budapest 14. ker. Dózsa György utca 29.,2013.07.01,2033.06.30,47.5068002,19.0861349,ok,"Budapest, Dózsa György út 29, 1146 Hungary","https://www.google.com/maps/place/Budapest,+D%C3%B3zsa+Gy%C3%B6rgy+%C3%BAt+29,+1146+Hungary/@47.5068002,19.0861349,17z/data=!3m1!4b1!4m6!3m5!1s0x4741dc7d8a22e64d:0x448937ec47cc8d30!8m2!3d47.5068002!4d19.0861349!16s%2Fg%2F11j34n33p8?hl=en&entry=ttu&g_ep=EgoyMDI2MDkwOS4wIKXMDSoASAFQAw%3D%3D"
Lohár  Péter,DKE1010000193,1191 Budapest 19. ker. Üllői út 210.,2013.07.01,2033.06.30,47.4596608,19.1404484,ok,"Budapest, Üllői út 210, 1191 Hungary","https://www.google.com/maps/place/Budapest,+%C3%9Cll%C5%91i+%C3%BAt+210,+1191+Hungary/@47.4596608,19.1404484,17z/data=!3m1!4b1!4m6!3m5!1s0x4741c2de4190bf0b:0xb30239d2ef266008!8m2!3d47.4596608!4d19.1404484!16s%2Fg%2F11t3h299cl?hl=en&entry=ttu&g_ep=EgoyMDI2MDkwOS4wIKXMDSoASAFQAw%3D%3D"
Lokomotiv Bt,DKE1600000212,1104 Budapest 10. ker. Mádi utca 98.,2013.07.01,2033.06.30,47.4808963,19.1529514,ok,"Budapest, Mádi u. 98, 1104 Hungary","https://www.google.com/maps/place/Budapest,+M%C3%A1di+u.+98,+1104+Hungary/@47.4808963,19.1529514,17z/data=!3m1!4b1!4m6!3m5!1s0x4741c33f700ca309:0x69573d460d9e9f53!8m2!3d47.4808963!4d19.1529514!16s%2Fg%2F11fswp4dlw?hl=en&entry=ttu&g_ep=EgoyMDI2MDkwOS4wIKXMDSoASAFQAw%3D%3D"
LOLA Tabak Bt,DKE1700000207,1139 Budapest 13. ker. Fiastyúk utca 23-25,2013.07.01,2033.06.30,47.5443388,19.0773737,ok,"Budapest, Fiastyúk u. 23-25, 1139 Hungary","https://www.google.com/maps/place/Budapest,+Fiasty%C3%BAk+u.+23-25,+1139+Hungary/@47.5443388,19.0773737,17z/data=!3m1!4b1!4m6!3m5!1s0x4741dbc63fb748ff:0x249814ce0c52cd79!8m2!3d47.5443388!4d19.0773737!16s%2Fg%2F11rp43mw3p?hl=en&entry=ttu&g_ep=EgoyMDI2MDkwOS4wIKXMDSoASAFQAw%3D%3D"
LOLA Tabak Bt,DKE1700000208,1135 Budapest 13. ker. Jász utca 105.,2013.07.01,2033.06.30,47.5372427,19.0873744,ok,"Budapest, Jász u. 105, 1135 Hungary","https://www.google.com/maps/place/Budapest,+J%C3%A1sz+u.+105,+1135+Hungary/@47.5372427,19.0873744,17z/data=!3m1!4b1!4m6!3m5!1s0x4741dbbc40948139:0x24d419fb7daf84a7!8m2!3d47.5372427!4d19.0873744!16s%2Fg%2F11c248z4lf?hl=en&entry=ttu&g_ep=EgoyMDI2MDkwOS4wIKXMDSoASAFQAw%3D%3D"
LOTTOBACCO 7 Bt.,DKE1600000022,"1074 Budapest, Dob utca 52.",2022.01.26,2033.06.30,47.5013585,19.0651506,ok,"Budapest, Dob u. 52, 1072 Hungary","https://www.google.com/maps/place/Budapest,+Dob+u.+52,+1072+Hungary/@47.5013585,19.0651506,17z/data=!3m1!4b1!4m6!3m5!1s0x4741dc68ce47af89:0x28cfde5224a7f1c8!8m2!3d47.5013585!4d19.0651506!16s%2Fg%2F11nnkm7w9z?hl=en&entry=ttu&g_ep=EgoyMDI2MDkwOS4wIKXMDSoASAFQAw%3D%3D"
Lucky Trafik Bt.,DKE1010000179,"1111 Budapest, Bartók Béla út 25.",2022.11.16,2033.06.30,47.4803469,19.0514167,ok,"Budapest, Bartók Béla út 25, 1114 Hungary","https://www.google.com/maps/place/Budapest,+Bart%C3%B3k+B%C3%A9la+%C3%BAt+25,+1114+Hungary/@47.4803469,19.0514167,17z/data=!3m1!4b1!4m6!3m5!1s0x4741dc4d6cae41f9:0x98e35b357c0e96e1!8m2!3d47.4803469!4d19.0514167!16s%2Fg%2F11z9gbp3k5?hl=en&entry=ttu&g_ep=EgoyMDI2MDkwOS4wIKXMDSoASAFQAw%3D%3D"
Lucky Trafik Bt.,DKE1700000110,"1042 Budapest, Árpád út 183.",2022.11.16,2033.06.30,47.5615639,19.1069069,ok,"Budapest, Árpád út 183, 1045 Hungary","https://www.google.com/maps/place/Budapest,+%C3%81rp%C3%A1d+%C3%BAt+183,+1045+Hungary/@47.5615639,19.1069069,17z/data=!3m1!4b1!4m6!3m5!1s0x4741da456e2d52bb:0x3d94a2bfa9ed0900!8m2!3d47.5615639!4d19.1069069!16s%2Fg%2F11q2n8zgrt?hl=en&entry=ttu&g_ep=EgoyMDI2MDkwOS4wIKXMDSoASAFQAw%3D%3D"
Luna Trafik Bt.,DKE1600000147,"1085 Budapest, József körút 31/A.",2022.12.21,2033.06.30,47.4930915,19.0708773,ok,"Budapest, József krt. 31a, 1085 Hungary","https://www.google.com/maps/place/Budapest,+J%C3%B3zsef+krt.+31a,+1085+Hungary/@47.4930915,19.0708773,17z/data=!3m1!4b1!4m6!3m5!1s0x4741dc5e898aa7b7:0xf7679ece76ca2ac!8m2!3d47.4930915!4d19.0708773!16s%2Fg%2F11yjljkvg1?hl=en&entry=ttu&g_ep=EgoyMDI2MDkwOS4wIKXMDSoASAFQAw%3D%3D"
Luna Trafik Bt.,DKE1700000086,"1037 Budapest, Bécsi út 300.",2022.12.21,2033.06.30,47.5687128,19.0194356,ok,"Budapest, Bécsi út 300, 1037 Hungary","https://www.google.com/maps/place/Budapest,+B%C3%A9csi+%C3%BAt+300,+1037+Hungary/@47.5687128,19.0194356,17z/data=!3m1!4b1!4m6!3m5!1s0x4741d9a971898057:0x9b91e78af4dff1fd!8m2!3d47.5687128!4d19.0194356!16s%2Fg%2F11jn4d358k?hl=en&entry=ttu&g_ep=EgoyMDI2MDkwOS4wIKXMDSoASAFQAw%3D%3D"
M-Braun Bt,DKE1600000045,1173 Budapest 17. ker. Pesti út 70.,2013.07.01,2033.06.30,47.4828176,19.2418847,ok,"Budapest, Pesti út 70, 1173 Hungary","https://www.google.com/maps/place/Budapest,+Pesti+%C3%BAt+70,+1173+Hungary/@47.4828176,19.2418847,17z/data=!3m1!4b1!4m6!3m5!1s0x4741c3fec6dddc45:0x329a30b7316985b0!8m2!3d47.4828176!4d19.2418847!16s%2Fg%2F11j6zl1cbj?hl=en&entry=ttu&g_ep=EgoyMDI2MDkwOS4wIKXMDSoASAFQAw%3D%3D"
M3 SZTRÁDA TRAFIK SHOP Bt.,DKE1600000131,"1154 Budapest, Alkotmány út 20.",2022.02.24,2033.06.30,47.5079395,19.0545188,ok,"Budapest, Alkotmány u 20, 1054 Hungary","https://www.google.com/maps/place/Budapest,+Alkotm%C3%A1ny+u+20,+1054+Hungary/@47.5079395,19.0545188,17z/data=!3m1!4b1!4m6!3m5!1s0x4741dc128f96fc4d:0x350598b94b496af2!8m2!3d47.5079395!4d19.0545188!16s%2Fg%2F11yr8jg4mn?hl=en&entry=ttu&g_ep=EgoyMDI2MDkwOS4wIKXMDSoASAFQAw%3D%3D"
Mádá Team Plus Bt,DKE1010000164,1215 Budapest 21. ker. Csete Balázs utca 6.,2013.07.01,2033.06.30,47.4340376,19.0750473,ok,"Budapest, Csete Balázs u. 6, 1215 Hungary","https://www.google.com/maps/place/Budapest,+Csete+Bal%C3%A1zs+u.+6,+1215+Hungary/@47.4340376,19.0750473,17z/data=!3m1!4b1!4m6!3m5!1s0x4741dd589fcd50cb:0xaaba7a1be2dae389!8m2!3d47.4340376!4d19.0750473!16s%2Fg%2F11sqj7f2x8?hl=en&entry=ttu&g_ep=EgoyMDI2MDkwOS4wIKXMDSoASAFQAw%3D%3D"
Mádá Team Plus Bt,DKE1010000309,1213 Budapest 21. ker. Görgey Artúr tér 20.,2013.07.01,2033.06.30,47.4234707,19.0714509,ok,"Budapest, Görgey Artúr tér 20, 1212 Hungary","https://www.google.com/maps/place/Budapest,+G%C3%B6rgey+Art%C3%BAr+t%C3%A9r+20,+1212+Hungary/@47.4234707,19.0714509,17z/data=!3m1!4b1!4m6!3m5!1s0x4741e7efebd19ce3:0xe2e97ad488a78655!8m2!3d47.4234707!4d19.0714509!16s%2Fg%2F11rggj7p2t?hl=en&entry=ttu&g_ep=EgoyMDI2MDkwOS4wIKXMDSoASAFQAw%3D%3D"
Magát Mónika Rózsa,DKE1600000125,1102 Budapest 10. ker. Állomás utca 7.,2013.07.01,2033.06.30,47.48473,19.128366,ok,"Budapest, Állomás u. 7, 1102 Hungary","https://www.google.com/maps/place/Budapest,+%C3%81llom%C3%A1s+u.+7,+1102+Hungary/@47.48473,19.128366,17z/data=!3m1!4b1!4m6!3m5!1s0x4741dd62f3e0cf3f:0xb568b1a748562e77!8m2!3d47.48473!4d19.128366!16s%2Fg%2F11k4w8m6dj?hl=en&entry=ttu&g_ep=EgoyMDI2MDkwOS4wIKXMDSoASAFQAw%3D%3D"
MagikTrafik Bt.,DKE1700000216,"1135 Budapest, Lehel utca 64-68.",2025.10.22,2033.06.30,47.5282509,19.0793312,ok,"Budapest, Lehel u 64-68, 1135 Hungary","https://www.google.com/maps/place/Budapest,+Lehel+u+64-68,+1135+Hungary/@47.5282509,19.0793312,17z/data=!3m1!4b1!4m6!3m5!1s0x4741db9163d3ff19:0x5f48eee80dd566a5!8m2!3d47.5282509!4d19.0793312!16s%2Fg%2F11q2xvfv18?hl=en&entry=ttu&g_ep=EgoyMDI2MDkwOS4wIKXMDSoASAFQAw%3D%3D"
MagikTrafik Bt.,DKE1700000217,"1139 Budapest, Pap Károly utca 22/B. Ü-2.",2025.11.28,2033.06.30,47.5319583,19.0715655,no_place,,"https://www.google.com/maps/search/1139+Budapest,+Pap+K%C3%A1roly+utca+22%2FB.+%C3%9C-2./@47.532553,19.0729091,18z/data=!3m1!4b1?hl=en&entry=ttu&g_ep=EgoyMDI2MDkwOS4wIKXMDSoASAFQAw%3D%3D"
Maglódi Ágnes Dohánytrafik Bt,DKE8110000251,2112 Veresegyház Budapesti út 108.,2013.07.01,2033.06.30,47.6554981,19.2633973,ok,"Veresegyház, Budapesti u. 108, 2112 Hungary","https://www.google.com/maps/place/Veresegyh%C3%A1z,+Budapesti+u.+108,+2112+Hungary/@47.6554981,19.2633973,17z/data=!3m1!4b1!4m6!3m5!1s0x4741cdfaa49ee04f:0x4d4766ac06a16c57!8m2!3d47.6554981!4d19.2633973!16s%2Fg%2F11rcykmbwf?hl=en&entry=ttu&g_ep=EgoyMDI2MDkwOS4wIKXMDSoASAFQAw%3D%3D"
Magyar Ákos,DKE1010000173,1185 Budapest 18. ker. Üllői út 696 .,2013.07.01,2033.06.30,47.4292364,19.218393,ok,"Budapest, Üllői út 696, 1185 Hungary","https://www.google.com/maps/place/Budapest,+%C3%9Cll%C5%91i+%C3%BAt+696,+1185+Hungary/@47.4292364,19.218393,17z/data=!3m1!4b1!4m6!3m5!1s0x4741c1f353f96bcd:0xe47d2d812390fdb4!8m2!3d47.4292364!4d19.218393!16s%2Fg%2F11pw2vc_v6?hl=en&entry=ttu&g_ep=EgoyMDI2MDkwOS4wIKXMDSoASAFQAw%3D%3D"
Magyar Ákos,DKE1010000174,1203 Budapest 20. ker. Baross utca hrsz. 170204/9,2013.07.01,2033.06.30,,,no_place,,"https://www.google.com/maps/search/1203+Budapest+20.+ker.+Baross+utca+hrsz.+170204%2F9/@47.4385752,19.096934,17z/data=!3m1!4b1?hl=en&entry=ttu&g_ep=EgoyMDI2MDkwOS4wIKXMDSoASAFQAw%3D%3D"
Major-Lottó Bt.,DKE1010000004,"1212 Budapest, Széchenyi István utca 86.",2022.12.16,2033.06.30,47.4225585,19.0863255,ok,"Budapest, Széchenyi István u. 86, 1212 Hungary","https://www.google.com/maps/place/Budapest,+Sz%C3%A9chenyi+Istv%C3%A1n+u.+86,+1212+Hungary/@47.4225585,19.0863255,17z/data=!3m1!4b1!4m6!3m5!1s0x4741e7fd5ab3b37d:0x80e5bf965643083c!8m2!3d47.4225585!4d19.0863255!16s%2Fg%2F11c5nypxj4?hl=en&entry=ttu&g_ep=EgoyMDI2MDkwOS4wIKXMDSoASAFQAw%3D%3D"
Mandi Bt.,DKE1010000142,1097 Budapest 09. ker. Nagyvárad téri aluljáró 4.,2013.07.01,2033.06.30,47.4779743,19.0898268,ok,Szent István Hospital Department of Artificial Kidney,"https://www.google.com/maps/place/Szent+Istv%C3%A1n+Hospital+Department+of+Artificial+Kidney/@47.4779743,19.0898268,17z/data=!3m1!4b1!4m6!3m5!1s0x4741dce6cfec1a49:0x6ba5071017dd7b68!8m2!3d47.4779743!4d19.0898268!16s%2Fg%2F1v27t8b6?hl=en&entry=ttu&g_ep=EgoyMDI2MDkwOS4wIKXMDSoASAFQAw%3D%3D"
Mandi Bt.,DKE1600000066,"1088 Budapest 08. ker. Rákóczi út - Astoria aluljáró ""B"" üzlet",2013.07.01,2033.06.30,,,no_place,,"https://www.google.com/maps/search/1088+Budapest+08.+ker.+R%C3%A1k%C3%B3czi+%C3%BAt+-+Astoria+alulj%C3%A1r%C3%B3+%22B%22+%C3%BCzlet/@47.4942477,19.0610951,18z/data=!3m1!4b1?hl=en&entry=ttu&g_ep=EgoyMDI2MDkwOS4wIKXMDSoASAFQAw%3D%3D"
Máté János,DKE1600000035,"1173 Budapest, Pesti út 39. 11. ü.",2022.09.22,2033.06.30,47.4831193,19.2382226,ok,"Budapest, Pesti út 39-11 u, 1173 Hungary","https://www.google.com/maps/place/Budapest,+Pesti+%C3%BAt+39-11+u,+1173+Hungary/@47.4831193,19.2382226,17z/data=!3m1!4b1!4m5!3m4!1s0x4741c3f96c45fd9b:0x4d70ab60e6ae4e83!8m2!3d47.4831193!4d19.2382226?hl=en&entry=ttu&g_ep=EgoyMDI2MDkwOS4wIKXMDSoASAFQAw%3D%3D"
Mátrai Péter Róbert,DKE1010000077,1183 Budapest 18. ker. Ráday Gedeon utca 93.,2013.07.01,2033.06.30,47.4517124,19.1949312,ok,"Budapest, Ráday Gedeon u. 93, 1183 Hungary","https://www.google.com/maps/place/Budapest,+R%C3%A1day+Gedeon+u.+93,+1183+Hungary/@47.4517124,19.1949312,17z/data=!3m1!4b1!4m6!3m5!1s0x4741c24a8bb0c505:0x676cfb9eb2647809!8m2!3d47.4517124!4d19.1949312!16s%2Fg%2F11fwhlhhq1?hl=en&entry=ttu&g_ep=EgoyMDI2MDkwOS4wIKXMDSoASAFQAw%3D%3D"
Matusek Mónika Gyöngyi,DKE1010000020,"1117 Budapest, Dombóvári út 27.",2023.08.30,2033.06.30,47.4681379,19.0585851,ok,"Budapest, Dombóvári út 27, 1117 Hungary","https://www.google.com/maps/place/Budapest,+Domb%C3%B3v%C3%A1ri+%C3%BAt+27,+1117+Hungary/@47.4681379,19.0585851,17z/data=!3m1!4b1!4m6!3m5!1s0x4741ddf63c93c069:0x5a705195c43fb6c7!8m2!3d47.4681379!4d19.0585851!16s%2Fg%2F11hgc_hldl?hl=en&entry=ttu&g_ep=EgoyMDI2MDkwOS4wIKXMDSoASAFQAw%3D%3D"
Matusek Mónika Gyöngyi,DKE1600000032,"1087 Budapest, Kerepesi út 5.",2023.08.30,2033.06.30,47.4993309,19.0848763,ok,"Budapest, Kerepesi út 5, 1087 Hungary","https://www.google.com/maps/place/Budapest,+Kerepesi+%C3%BAt+5,+1087+Hungary/@47.4993309,19.0848763,17z/data=!3m1!4b1!4m6!3m5!1s0x4741dc899e0a7f5b:0xec285d805cfeaecf!8m2!3d47.4993309!4d19.0848763!16s%2Fg%2F11c1zv22rs?hl=en&entry=ttu&g_ep=EgoyMDI2MDkwOS4wIKXMDSoASAFQAw%3D%3D"
Matusek Mónika Gyöngyi,DKE1600000033,"1066 Budapest, Zichy Jenő utca 1.",2023.08.30,2033.06.30,47.5030549,19.0554268,ok,"Budapest, Zichy Jenő u. 1, 1066 Hungary","https://www.google.com/maps/place/Budapest,+Zichy+Jen%C5%91+u.+1,+1066+Hungary/@47.5030549,19.0554268,17z/data=!3m1!4b1!4m6!3m5!1s0x4741dc6b5bbe4b31:0xc508f4531c095d9e!8m2!3d47.5030549!4d19.0554268!16s%2Fg%2F11rg5_w55m?hl=en&entry=ttu&g_ep=EgoyMDI2MDkwOS4wIKXMDSoASAFQAw%3D%3D"
Mátyás Dohány Ker. Bt,DKE1600000069,1165 Budapest 16. ker. Újszász utca 87.,2013.07.01,2033.06.30,47.5094537,19.211263,ok,"Budapest, Újszász u. 87, 1165 Hungary","https://www.google.com/maps/place/Budapest,+%C3%9Ajsz%C3%A1sz+u.+87,+1165+Hungary/@47.5094537,19.211263,17z/data=!3m1!4b1!4m6!3m5!1s0x4741c46101659c87:0xb77cd032d52362ae!8m2!3d47.5094537!4d19.211263!16s%2Fg%2F11hf81l0n1?hl=en&entry=ttu&g_ep=EgoyMDI2MDkwOS4wIKXMDSoASAFQAw%3D%3D"
MAUT3NMOK Bt.,DKE1010000150,"1117 Budapest, Magyar Nobeldíjasok útja 4082/21/E.",2026.03.12,2033.06.30,,,no_place,,"https://www.google.com/maps/search/1117+Budapest,+Magyar+Nobeld%C3%ADjasok+%C3%BAtja+4082%2F21%2FE./@47.4706191,19.0624688,17z/data=!3m1!4b1?hl=en&entry=ttu&g_ep=EgoyMDI2MDkwOS4wIKXMDSoASAFQAw%3D%3D"
Mázsa Tabak Bt,DKE1010000327,"1126 Budapest, Királyhágó utca 2.",2023.10.24,2034.09.29,47.4952512,19.0230039,ok,"Budapest, Királyhágó u. 2, 1126 Hungary","https://www.google.com/maps/place/Budapest,+Kir%C3%A1lyh%C3%A1g%C3%B3+u.+2,+1126+Hungary/@47.4952512,19.0230039,17z/data=!3m1!4b1!4m6!3m5!1s0x4741dc264b0f578b:0x5499c304094cfd02!8m2!3d47.4952512!4d19.0230039!16s%2Fg%2F11sqf6bs0h?hl=en&entry=ttu&g_ep=EgoyMDI2MDkwOS4wIKXMDSoASAFQAw%3D%3D"
Merci Tabak Bt,DKE1600000089,1087 Budapest 08. ker. Hős utca 9.,2013.07.01,2033.06.30,47.4959473,19.1075815,ok,"Budapest, Hős u. 9, 1087 Hungary","https://www.google.com/maps/place/Budapest,+H%C5%91s+u.+9,+1087+Hungary/@47.4959705,19.1075314,17z/data=!3m1!4b1!4m6!3m5!1s0x4741dc9622f07517:0x5f367df178983138!8m2!3d47.4959473!4d19.1075815!16s%2Fg%2F11b8zcw726?hl=en&entry=ttu&g_ep=EgoyMDI2MDkwOS4wIKXMDSoASAFQAw%3D%3D"
Merci Tabak Bt,DKE1600000108,1062 Budapest 06. ker. Teréz körút 55.,2013.07.01,2033.06.30,47.5106103,19.0566883,no_place,,"https://www.google.com/maps/search/1062+Budapest+06.+ker.+Ter%C3%A9z+k%C3%B6r%C3%BAt+55./@47.5101033,19.0585447,17z/data=!3m1!4b1?hl=en&entry=ttu&g_ep=EgoyMDI2MDkwOS4wIKXMDSoASAFQAw%3D%3D"
Merin Tabak Bt,DKE1010000220,1117 Budapest 11. ker. Alíz   6 A,2013.07.01,2033.06.30,47.4592401,19.0494065,ok,"Budapest, Alíz utca 6 A, 1117 Hungary","https://www.google.com/maps/place/Budapest,+Al%C3%ADz+utca+6+A,+1117+Hungary/@47.4592401,19.0494065,17z/data=!3m1!4b1!4m6!3m5!1s0x4741dda1d24eef7f:0x24d49ec4647e715a!8m2!3d47.4592401!4d19.0494065!16s%2Fg%2F11yc8313gx?hl=en&entry=ttu&g_ep=EgoyMDI2MDkwOS4wIKXMDSoASAFQAw%3D%3D"
Merin Tabak Bt,DKE1010000221,1119 Budapest 11. ker. Bártfai   1-3.,2013.07.01,2033.06.30,47.4674735,19.0433119,ok,"Budapest, Bártfai u. 1-3, 1119 Hungary","https://www.google.com/maps/place/Budapest,+B%C3%A1rtfai+u.+1-3,+1119+Hungary/@47.4674735,19.0433119,17z/data=!3m1!4b1!4m6!3m5!1s0x4741ddbb280421bb:0x2d9d7a7a3e7faee4!8m2!3d47.4674735!4d19.0433119!16s%2Fg%2F11cs85805d?hl=en&entry=ttu&g_ep=EgoyMDI2MDkwOS4wIKXMDSoASAFQAw%3D%3D"
Mészáros János,DKE1010000030,1117 Budapest 11. ker. Hunyadi János út 19.,2023.05.10,2033.06.30,47.4353295,19.0414752,ok,"Budapest, Hunyadi János út 19, 1117 Hungary","https://www.google.com/maps/place/Budapest,+Hunyadi+J%C3%A1nos+%C3%BAt+19,+1117+Hungary/@47.4357751,19.0407295,17z/data=!3m1!4b1!4m6!3m5!1s0x4741e783eb1671eb:0x3f952c1336c500b8!8m2!3d47.4353295!4d19.0414752!16s%2Fg%2F11b8tgn5_h?hl=en&entry=ttu&g_ep=EgoyMDI2MDkwOS4wIKXMDSoASAFQAw%3D%3D"
Mészáros Jánosné,DKE1010000024,1193 Budapest 19. ker. Ötvenhatosok tere 17.,2013.07.01,2033.06.30,47.4498491,19.1473556,ok,"Budapest, Ötvenhatosok tere 17, 1195 Hungary","https://www.google.com/maps/place/Budapest,+%C3%96tvenhatosok+tere+17,+1195+Hungary/@47.4498491,19.1473556,17z/data=!3m1!4b1!4m6!3m5!1s0x4741c2efab8ccb07:0xf838bc3afd4912a6!8m2!3d47.4498491!4d19.1473556!16s%2Fg%2F11c5pw77nc?hl=en&entry=ttu&g_ep=EgoyMDI2MDkwOS4wIKXMDSoASAFQAw%3D%3D"
Metro Trafik Bt,DKE1010000301,1091 Budapest 09. ker. Kálvin tér 9.,2013.07.01,2033.06.30,47.4889541,19.061843,ok,"Budapest, Kálvin tér 9-1091, 1092 Hungary","https://www.google.com/maps/place/Budapest,+K%C3%A1lvin+t%C3%A9r+9-1091,+1092+Hungary/@47.4889541,19.061843,17z/data=!3m1!4b1!4m5!3m4!1s0x4741dc5aef93c6ad:0x6f6bd079c0ecdfe1!8m2!3d47.4889541!4d19.061843?hl=en&entry=ttu&g_ep=EgoyMDI2MDkwOS4wIKXMDSoASAFQAw%3D%3D"
Metro Trafik Bt,DKE1010000303,1091 Budapest 09. ker. Kálvin tér 7.,2013.07.01,2033.06.30,47.488542,19.0607576,ok,"Budapest, Kálvin tér 7-1091, 1092 Hungary","https://www.google.com/maps/place/Budapest,+K%C3%A1lvin+t%C3%A9r+7-1091,+1092+Hungary/@47.488542,19.0607576,17z/data=!3m1!4b1!4m5!3m4!1s0x4741dc5aeb97a17f:0x49de76f2d460627d!8m2!3d47.488542!4d19.0607576?hl=en&entry=ttu&g_ep=EgoyMDI2MDkwOS4wIKXMDSoASAFQAw%3D%3D"
Metro Trafik Bt,DKE1010000304,1097 Budapest 09. ker. Gubacsi út 34.,2013.07.01,2033.06.30,47.4453546,19.0971301,ok,"Budapest, Gubacsi út 34, 1097 Hungary","https://www.google.com/maps/place/Budapest,+Gubacsi+%C3%BAt+34,+1097+Hungary/@47.4453546,19.0971301,17z/data=!3m1!4b1!4m6!3m5!1s0x4741dd4c0a165de5:0x177c161fb6a2adb6!8m2!3d47.4453546!4d19.0971301!16s%2Fg%2F11zcw4p35b?hl=en&entry=ttu&g_ep=EgoyMDI2MDkwOS4wIKXMDSoASAFQAw%3D%3D"
Metro Trafik Bt.,DKE1010000302,"1093 Budapest, Gönczy Pál utca 2. földszint IV. ajtó",2025.09.01,2033.06.30,47.487221,19.060145,no_place,,"https://www.google.com/maps/search/1093+Budapest,+G%C3%B6nczy+P%C3%A1l+utca+2.+f%C3%B6ldszint+IV.+ajt%C3%B3/@47.4872616,19.0599707,17z/data=!3m1!4b1?hl=en&entry=ttu&g_ep=EgoyMDI2MDkwOS4wIKXMDSoASAFQAw%3D%3D"
METRO-MOBIL Bt,DKE1600000085,"1161 Budapest, Csömöri út 109.",2024.04.01,2033.06.30,47.52441,19.15886,ok,"Budapest, Csömöri út 109, 1161 Hungary","https://www.google.com/maps/place/Budapest,+Cs%C3%B6m%C3%B6ri+%C3%BAt+109,+1161+Hungary/@47.52441,19.15886,17z/data=!3m1!4b1!4m6!3m5!1s0x4741c4cb3023d785:0x36b88a81818bcdff!8m2!3d47.52441!4d19.15886!16s%2Fg%2F11csf_rwqt?hl=en&entry=ttu&g_ep=EgoyMDI2MDkwOS4wIKXMDSoASAFQAw%3D%3D"
Mihók Anita Andrea,DKE1600000209,"1165 Budapest, Margit utca 102.",2026.02.11,2033.06.30,47.5166559,19.1888251,ok,"Budapest, Margit u. 102, 1165 Hungary","https://www.google.com/maps/place/Budapest,+Margit+u.+102,+1165+Hungary/@47.5166559,19.1888251,17z/data=!3m1!4b1!4m6!3m5!1s0x4741c4eb4ff32baf:0x59691b016aed79da!8m2!3d47.5166559!4d19.1888251!16s%2Fg%2F11l5d0lh90?hl=en&entry=ttu&g_ep=EgoyMDI2MDkwOS4wIKXMDSoASAFQAw%3D%3D"
Mirabend Bt.,DKE1010000121,1126 Budapest 12. ker. Dolgos utca 2. fsz. 171. üzlet,2013.07.01,2033.06.30,47.4915641,19.0207011,no_place,,"https://www.google.com/maps/search/1126+Budapest+12.+ker.+Dolgos+utca+2.+fsz.+171.+%C3%BCzlet/@47.4910809,19.0218578,17z/data=!3m1!4b1?hl=en&entry=ttu&g_ep=EgoyMDI2MDkwOS4wIKXMDSoASAFQAw%3D%3D"
Mizacor-trade 2002 Bt.,DKE1700000232,"1037 Budapest, Bécsi út 43.",2019.11.26,2033.06.30,47.5280499,19.0378252,ok,"Budapest, Bécsi út 43, 1036 Hungary","https://www.google.com/maps/place/Budapest,+B%C3%A9csi+%C3%BAt+43,+1036+Hungary/@47.5280499,19.0378252,17z/data=!3m1!4b1!4m6!3m5!1s0x4741d956f515e5b5:0x6321f86ff9a0952c!8m2!3d47.5280499!4d19.0378252!16s%2Fg%2F11xt42wfb1?hl=en&entry=ttu&g_ep=EgoyMDI2MDkwOS4wIKXMDSoASAFQAw%3D%3D"
Mizacor-trade 2002 Bt.,DKE1700000234,1032 Budapest 03. ker. Bécsi út 136.,2013.07.01,2033.06.30,47.5438131,19.0288418,ok,"Budapest, Bécsi út 136, 1036 Hungary","https://www.google.com/maps/place/Budapest,+B%C3%A9csi+%C3%BAt+136,+1036+Hungary/@47.5438759,19.0289317,17z/data=!3m1!4b1!4m6!3m5!1s0x4741d96a74ade587:0x6f771a174d22a0e9!8m2!3d47.5438131!4d19.0288418!16s%2Fg%2F11bvtdqd8p?hl=en&entry=ttu&g_ep=EgoyMDI2MDkwOS4wIKXMDSoASAFQAw%3D%3D"
MJ-King Trafik Bt.,DKE1700000171,1046 Budapest 04. ker. Eperjesi utca 1/A:,2013.07.01,2033.06.30,47.5738379,19.103204,ok,"Budapest, Eperjesi u. 1/A, 1046 Hungary","https://www.google.com/maps/place/Budapest,+Eperjesi+u.+1%2FA,+1046+Hungary/@47.5738379,19.103204,17z/data=!3m1!4b1!4m6!3m5!1s0x4741da152b5e5f0d:0x19323b485b8804c9!8m2!3d47.5738379!4d19.103204!16s%2Fg%2F11nnkrw936?hl=en&entry=ttu&g_ep=EgoyMDI2MDkwOS4wIKXMDSoASAFQAw%3D%3D"
Moldovainé Kavasinszky Ilona,DKE1010000059,1203 Budapest 20. ker. Baross utca 5/A,2013.07.01,2033.06.30,47.4407666,19.0960919,ok,"Budapest, Baross u. 5/A, 1203 Hungary","https://www.google.com/maps/place/Budapest,+Baross+u.+5%2FA,+1203+Hungary/@47.4407666,19.0960919,17z/data=!3m1!4b1!4m6!3m5!1s0x4741dd4d81c2e635:0x80d5764745015a53!8m2!3d47.4407666!4d19.0960919!16s%2Fg%2F11zcw3tp4f?hl=en&entry=ttu&g_ep=EgoyMDI2MDkwOS4wIKXMDSoASAFQAw%3D%3D"
Moldovainé Kavasinszky Ilona,DKE1600000020,1102 Budapest 10. ker. Liget tér hrsz 38927,2013.07.01,2033.06.30,,,no_place,,"https://www.google.com/maps/search/1102+Budapest+10.+ker.+Liget+t%C3%A9r+hrsz+38927/@47.4863072,19.1315172,16z/data=!3m1!4b1?hl=en&entry=ttu&g_ep=EgoyMDI2MDkwOS4wIKXMDSoASAFQAw%3D%3D"
Mucsányi Károly Ferencné,DKE1600000313,1173 Budapest 17. ker. Bakancsos utca 5.,2013.12.18,2033.06.30,47.480007,19.243954,ok,"Budapest, Bakancsos u. 5, 1173 Hungary","https://www.google.com/maps/place/Budapest,+Bakancsos+u.+5,+1173+Hungary/@47.480007,19.243954,17z/data=!3m1!4b1!4m6!3m5!1s0x4741c3fdc19ef915:0xdd07a493f8fe422!8m2!3d47.480007!4d19.243954!16s%2Fg%2F11c5pj26s5?hl=en&entry=ttu&g_ep=EgoyMDI2MDkwOS4wIKXMDSoASAFQAw%3D%3D"
MULTI TRAFIK Bt.,DKE1600000194,"1065 Budapest, Hajós utca 23.",2024.04.08,2033.06.30,47.5038147,19.0579235,ok,"Budapest, Hajós u. 23, 1065 Hungary","https://www.google.com/maps/place/Budapest,+Haj%C3%B3s+u.+23,+1065+Hungary/@47.5038147,19.0579235,17z/data=!3m1!4b1!4m6!3m5!1s0x4741dc6c8f2d1917:0x56ba2bc326cf90ce!8m2!3d47.5038147!4d19.0579235!16s%2Fg%2F11rg695pyv?hl=en&entry=ttu&g_ep=EgoyMDI2MDkwOS4wIKXMDSoASAFQAw%3D%3D"
MULTI TRAFIK Bt.,DKE1600000197,"1142 Budapest, Ungvár utca 50.",2024.04.08,2033.06.30,47.5337941,19.1059563,ok,"Budapest, Ungvár u. 50, 1142 Hungary","https://www.google.com/maps/place/Budapest,+Ungv%C3%A1r+u.+50,+1142+Hungary/@47.5337941,19.1059563,17z/data=!3m1!4b1!4m6!3m5!1s0x4741db0a71992ab3:0x7fb6e8c146812264!8m2!3d47.5337941!4d19.1059563!16s%2Fg%2F11rgdlkhyv?hl=en&entry=ttu&g_ep=EgoyMDI2MDkwOS4wIKXMDSoASAFQAw%3D%3D"
N&J Family Dohány BT,DKE1600000140,1162 Budapest 16. ker. Mátyás király út 58.,2013.07.01,2033.06.30,47.5275805,19.1806017,ok,"Budapest, Mátyás király u. 58, 1162 Hungary","https://www.google.com/maps/place/Budapest,+M%C3%A1ty%C3%A1s+kir%C3%A1ly+u.+58,+1162+Hungary/@47.5275805,19.1806017,17z/data=!3m1!4b1!4m6!3m5!1s0x4741c4c4caeeb183:0xf7ace4c5fcc5f587!8m2!3d47.5275805!4d19.1806017!16s%2Fg%2F11j8w5dh1_?hl=en&entry=ttu&g_ep=EgoyMDI2MDkwOS4wIKXMDSoASAFQAw%3D%3D"
Nacsavin Tabak Bt.,DKE1600000262,"1165 Budapest, Arany János utca 102.",2014.12.13,2033.06.30,47.520907,19.1865277,ok,"Budapest, Arany János u. 102, 1165 Hungary","https://www.google.com/maps/place/Budapest,+Arany+J%C3%A1nos+u.+102,+1165+Hungary/@47.520907,19.1865277,17z/data=!3m1!4b1!4m6!3m5!1s0x4741c4ea1a9b7e69:0xdef68d068459315d!8m2!3d47.520907!4d19.1865277!16s%2Fg%2F11trdp42h9?hl=en&entry=ttu&g_ep=EgoyMDI2MDkwOS4wIKXMDSoASAFQAw%3D%3D"
Nacsavin Tabak Bt.,DKE1600000269,"1165 Budapest, Bökényföldi út 117547. hrsz.",2024.12.18,2033.06.30,47.509975,19.2069849,no_place,,"https://www.google.com/maps/search/1165+Budapest,+B%C3%B6k%C3%A9nyf%C3%B6ldi+%C3%BAt+117547.+hrsz./@47.499784,19.2249739,16z/data=!3m1!4b1?hl=en&entry=ttu&g_ep=EgoyMDI2MDkwOS4wIKXMDSoASAFQAw%3D%3D"
Nagy A Dohány Bt.,DKE1010000031,1239 Budapest 23. ker. Grassalkovich út 171,2013.07.01,2033.06.30,47.398423,19.1154738,ok,"Budapest, Grassalkovich út 171, 1239 Hungary","https://www.google.com/maps/place/Budapest,+Grassalkovich+%C3%BAt+171,+1239+Hungary/@47.398423,19.1154738,17z/data=!3m1!4b1!4m6!3m5!1s0x4741e84f8f658ded:0xb1e64f97b7048304!8m2!3d47.398423!4d19.1154738!16s%2Fg%2F11jn4dr75j?hl=en&entry=ttu&g_ep=EgoyMDI2MDkwOS4wIKXMDSoASAFQAw%3D%3D"
Nagy A Dohány Bt.,DKE1010000032,1205 Budapest 20. ker. Határ út 95,2013.07.01,2033.06.30,47.4544032,19.1133207,ok,"Budapest, Határ út 95, 1205 Hungary","https://www.google.com/maps/place/Budapest,+Hat%C3%A1r+%C3%BAt+95,+1205+Hungary/@47.4544032,19.1133207,17z/data=!3m1!4b1!4m6!3m5!1s0x4741c2cc592cc589:0xbc4af7ee2eeee3f1!8m2!3d47.4544032!4d19.1133207!16s%2Fg%2F11fwhlbgjr?hl=en&entry=ttu&g_ep=EgoyMDI2MDkwOS4wIKXMDSoASAFQAw%3D%3D"
Nagy A Dohány Bt.,DKE1010000038,1211 Budapest 21. ker. Szent Imre tér 19.,2013.07.01,2033.06.30,47.4317236,19.0707942,ok,"Budapest, Szent Imre tér 19, 1211 Hungary","https://www.google.com/maps/place/Budapest,+Szent+Imre+t%C3%A9r+19,+1211+Hungary/@47.4317236,19.0707942,17z/data=!3m1!4b1!4m6!3m5!1s0x4741e7f42ede520b:0x1b5ba92a0846e38a!8m2!3d47.4317236!4d19.0707942!16s%2Fg%2F11y69q1890?hl=en&entry=ttu&g_ep=EgoyMDI2MDkwOS4wIKXMDSoASAFQAw%3D%3D"
Nagy A Dohány Bt.,DKE1700000057,1036 Budapest 03. ker. Pacsirtamező utca 22/B.,2013.07.01,2033.06.30,47.5344843,19.0396591,no_place,,"https://www.google.com/maps/search/1036+Budapest+03.+ker.+Pacsirtamez%C5%91+utca+22%2FB./@47.5343338,19.0396415,17z/data=!3m1!4b1?hl=en&entry=ttu&g_ep=EgoyMDI2MDkwOS4wIKXMDSoASAFQAw%3D%3D"
Nagy Erika,DKE1600000001,1162 Budapest 16. ker. György utca 2.,2013.07.01,2033.06.30,47.5307951,19.1715095,ok,"Budapest, György u. 2, 1162 Hungary","https://www.google.com/maps/place/Budapest,+Gy%C3%B6rgy+u.+2,+1162+Hungary/@47.5307951,19.1715095,17z/data=!3m1!4b1!4m6!3m5!1s0x4741c4d1943cba57:0xc05e8a85f96cfdd9!8m2!3d47.5307951!4d19.1715095!16s%2Fg%2F11jn4f1p2g?hl=en&entry=ttu&g_ep=EgoyMDI2MDkwOS4wIKXMDSoASAFQAw%3D%3D"
Nagy Márta,DKE1010000074,1183 Budapest 18. ker. Balassa utca 2-10.,2013.07.01,2033.06.30,47.4416797,19.184337,ok,"Budapest, Balassa Bálint u. 2-10, 1183 Hungary","https://www.google.com/maps/place/Budapest,+Balassa+B%C3%A1lint+u.+2-10,+1183+Hungary/@47.4429394,19.1850921,17z/data=!3m1!4b1!4m6!3m5!1s0x4741c2465f7d2f75:0xb353c5ae4ab0afe6!8m2!3d47.4416797!4d19.184337!16s%2Fg%2F11j07vrlbk?hl=en&entry=ttu&g_ep=EgoyMDI2MDkwOS4wIKXMDSoASAFQAw%3D%3D"
Nagydohány-1161 Bt.,DKE1600000207,1162 Budapest 16. ker. Rákosi út 142-146.,2013.07.01,2033.06.30,47.5235386,19.1721609,ok,"Budapest, Rákosi út 142-146, 1162 Hungary","https://www.google.com/maps/place/Budapest,+R%C3%A1kosi+%C3%BAt+142-146,+1162+Hungary/@47.5235386,19.1721609,17z/data=!3m1!4b1!4m6!3m5!1s0x4741c4c8a851800d:0x47833aa57204edf5!8m2!3d47.5235386!4d19.1721609!16s%2Fg%2F11ryjj91_0?hl=en&entry=ttu&g_ep=EgoyMDI2MDkwOS4wIKXMDSoASAFQAw%3D%3D"
Nagyvadász Bt,DKE1600000099,1106 Budapest 10. ker. Harmat utca 113.,2013.07.01,2033.06.30,47.4715183,19.1632136,ok,"Budapest, Harmat u. 113, 1108 Hungary","https://www.google.com/maps/place/Budapest,+Harmat+u.+113,+1108+Hungary/@47.4715183,19.1632136,17z/data=!3m1!4b1!4m6!3m5!1s0x4741c3104580565d:0xf0b92fd82efbf757!8m2!3d47.4715183!4d19.1632136!16s%2Fg%2F11fsx6zfjl?hl=en&entry=ttu&g_ep=EgoyMDI2MDkwOS4wIKXMDSoASAFQAw%3D%3D"
Nagyvadász Bt.,DKE1010000109,"1191 Budapest, Vak Bottyán utca 72. földszint 3. ajtó",2025.01.27,2033.06.30,47.4618016,19.1460659,no_place,,"https://www.google.com/maps/search/1191+Budapest,+Vak+Botty%C3%A1n+utca+72.+f%C3%B6ldszint+3.+ajt%C3%B3/@47.4620868,19.1476384,17z/data=!3m1!4b1?hl=en&entry=ttu&g_ep=EgoyMDI2MDkwOS4wIKXMDSoASAFQAw%3D%3D"
Nagyvadász Bt.,DKE1600000107,"1108 Budapest,
 Tavas utca 1. C.
 épület földszint
 18. ajtó",2024.12.09,2033.06.30,47.4689188,19.1653193,no_place,,"https://www.google.com/maps/search/1108+Budapest,%0A+Tavas+utca+1.+C.%0A+%C3%A9p%C3%BClet+f%C3%B6ldszint%0A+18.+ajt%C3%B3/@47.4677098,19.1635913,17z/data=!3m1!4b1?hl=en&entry=ttu&g_ep=EgoyMDI2MDkwOS4wIKXMDSoASAFQAw%3D%3D"
Nájkopex Trafik Bt.,DKE1010000247,"1203 Budapest, Topánka HRSZ. 170204/10",2024.03.20,2033.06.30,47.4385543,19.1012851,ok,Szelektív hulladékgyűjtő,"https://www.google.com/maps/place/Szelekt%C3%ADv+hullad%C3%A9kgy%C5%B1jt%C5%91/@47.4385543,19.1012851,17z/data=!3m1!4b1!4m6!3m5!1s0x4741c300656d1f73:0xfaf255daf11a9a23!8m2!3d47.4385543!4d19.1012851!16s%2Fg%2F11wvcvs1mt?hl=en&entry=ttu&g_ep=EgoyMDI2MDkwOS4wIKXMDSoASAFQAw%3D%3D"
Nájkopex Trafik Bt.,DKE1010000257,"1118 Budapest, Jagelló út 4/A.",2024.03.20,2033.06.30,47.4861756,19.0236755,ok,"Budapest, Jagelló út 4a, 1118 Hungary","https://www.google.com/maps/place/Budapest,+Jagell%C3%B3+%C3%BAt+4a,+1118+Hungary/@47.4861756,19.0236755,17z/data=!3m1!4b1!4m6!3m5!1s0x4741dc2c55ac3db3:0x47c38ea32fbc5897!8m2!3d47.4861756!4d19.0236755!16s%2Fg%2F11fwhly6sk?hl=en&entry=ttu&g_ep=EgoyMDI2MDkwOS4wIKXMDSoASAFQAw%3D%3D"
Nájkopex Trafik Bt.,DKE1010000259,"1203 Budapest, Kossuth Lajos utca 31/b",2024.03.20,2033.06.30,47.4373455,19.1011351,ok,"Budapest, Kossuth Lajos utca 31b, 1203 Hungary","https://www.google.com/maps/place/Budapest,+Kossuth+Lajos+utca+31b,+1203+Hungary/@47.4373455,19.1011351,17z/data=!3m1!4b1!4m6!3m5!1s0x4741c2ad00a6704b:0x2efce112c94c7087!8m2!3d47.4373455!4d19.1011351!16s%2Fg%2F11q2nl9crz?hl=en&entry=ttu&g_ep=EgoyMDI2MDkwOS4wIKXMDSoASAFQAw%3D%3D"
NANE 3000 Bt.,DKE1700000077,"1048 Budapest, Ügető utca 2.",2026.03.12,2033.06.30,47.5811212,19.1150281,ok,"Budapest, Ügető u. 2, 1048 Hungary","https://www.google.com/maps/place/Budapest,+%C3%9Cget%C5%91+u.+2,+1048+Hungary/@47.5811212,19.1150281,17z/data=!3m1!4b1!4m6!3m5!1s0x4741da7222eeb263:0x691bdda92f104ab5!8m2!3d47.5811212!4d19.1150281!16s%2Fg%2F11nnkr092j?hl=en&entry=ttu&g_ep=EgoyMDI2MDkwOS4wIKXMDSoASAFQAw%3D%3D"
NANE 3000 Bt.,DKE1700000078,"1048 Budapest, Kordován tér 13.",2026.03.12,2033.06.30,47.5866703,19.1130252,ok,"Budapest, Kordován tér 13, 1048 Hungary","https://www.google.com/maps/place/Budapest,+Kordov%C3%A1n+t%C3%A9r+13,+1048+Hungary/@47.5866703,19.1130252,17z/data=!3m1!4b1!4m6!3m5!1s0x4741da74c89ea51b:0x18e93fa9ec7617ea!8m2!3d47.5866703!4d19.1130252!16s%2Fg%2F11c1512pmw?hl=en&entry=ttu&g_ep=EgoyMDI2MDkwOS4wIKXMDSoASAFQAw%3D%3D"
Naphegy Tabak Bt.,DKE1010000263,1118 Budapest 11. ker. Sasadi út 83.,2013.07.01,2033.06.30,47.4735415,19.0083162,ok,"Budapest, Sasadi út 83, 1118 Hungary","https://www.google.com/maps/place/Budapest,+Sasadi+%C3%BAt+83,+1118+Hungary/@47.4735415,19.0083162,17z/data=!3m1!4b1!4m6!3m5!1s0x4741ddd9a984fc2b:0xf3300af8e37c89df!8m2!3d47.4735415!4d19.0083162!16s%2Fg%2F11jn4f5m11?hl=en&entry=ttu&g_ep=EgoyMDI2MDkwOS4wIKXMDSoASAFQAw%3D%3D"
Naphegy Tabak Bt.,DKE1700000203,1016 Budapest 01. ker. Naphegy tér 3.,2013.07.01,2033.06.30,47.492905,19.0322556,ok,"Budapest, Naphegy tér 3, 1016 Hungary","https://www.google.com/maps/place/Budapest,+Naphegy+t%C3%A9r+3,+1016+Hungary/@47.492905,19.0322556,17z/data=!3m1!4b1!4m6!3m5!1s0x4741dc3aadcb987b:0x2cfa4f574af4f662!8m2!3d47.492905!4d19.0322556!16s%2Fg%2F11snqx26cb?hl=en&entry=ttu&g_ep=EgoyMDI2MDkwOS4wIKXMDSoASAFQAw%3D%3D"
Naphegy Tabak Bt.,DKE1700000204,1015 Budapest 01. ker. Batthyány utca 28,2013.07.01,2033.06.30,47.507,19.0377314,ok,Budapest 15 posta,"https://www.google.com/maps/place/Budapest+15+posta/@47.507,19.0377314,17z/data=!3m1!4b1!4m6!3m5!1s0x4741dc1bd2101e31:0x9e1ae21050d08ed5!8m2!3d47.507!4d19.0377314!16s%2Fg%2F11xbnt61c?hl=en&entry=ttu&g_ep=EgoyMDI2MDkwOS4wIKXMDSoASAFQAw%3D%3D"
Natrade Dohány Bt,DKE1010000293,1212 Budapest 21. ker. Deák Ferenc tér 1.,2013.07.01,2033.06.30,47.4974057,19.0550071,no_place,,"https://www.google.com/maps/search/1212+Budapest+21.+ker.+De%C3%A1k+Ferenc+t%C3%A9r+1./@47.431268,19.073217,17z/data=!3m1!4b1?hl=en&entry=ttu&g_ep=EgoyMDI2MDkwOS4wIKXMDSoASAFQAw%3D%3D"
Natrade Dohány Bt,DKE1700000155,1024 Budapest 02. ker. Lövőház utca 2-6,2013.07.01,2033.06.30,47.5088117,19.0261626,ok,"Budapest, Lövőház u. 2-6, 1024 Hungary","https://www.google.com/maps/place/Budapest,+L%C3%B6v%C5%91h%C3%A1z+u.+2-6,+1024+Hungary/@47.5089782,19.0259038,18z/data=!3m1!4b1!4m6!3m5!1s0x4741dea0b4b80e77:0x2b785d31363a60c2!8m2!3d47.5088117!4d19.0261626!16s%2Fg%2F11bytnm_g9?hl=en&entry=ttu&g_ep=EgoyMDI2MDkwOS4wIKXMDSoASAFQAw%3D%3D"
Natrade Dohány Bt,DKE1700000156,1024 Budapest 02. ker. Lövőház utca 12,2013.07.01,2033.06.30,47.5089622,19.0248282,no_place,,"https://www.google.com/maps/search/1024+Budapest+02.+ker.+L%C3%B6v%C5%91h%C3%A1z+utca+12/@47.5092486,19.0257208,18z/data=!3m1!4b1?hl=en&entry=ttu&g_ep=EgoyMDI2MDkwOS4wIKXMDSoASAFQAw%3D%3D"
Natrade Dohány Bt.,DKE1010000248,"1211 Budapest, Központi út 18.",2026.01.12,2033.06.30,47.4304698,19.0616058,ok,"Budapest, Központi út 18, 1211 Hungary","https://www.google.com/maps/place/Budapest,+K%C3%B6zponti+%C3%BAt+18,+1211+Hungary/@47.4304698,19.0616058,17z/data=!3m1!4b1!4m6!3m5!1s0x4741e78cbc8db83d:0x86edc7761fce08e7!8m2!3d47.4304698!4d19.0616058!16s%2Fg%2F11nr87hlxx?hl=en&entry=ttu&g_ep=EgoyMDI2MDkwOS4wIKXMDSoASAFQAw%3D%3D"
Natrade Dohány Bt.,DKE1700000237,"1024 Budapest, Margit körút 69.",2023.05.05,2033.06.30,47.510387,19.0297028,ok,"Budapest, Margit körút 69, 1024 Hungary","https://www.google.com/maps/place/Budapest,+Margit+k%C3%B6r%C3%BAt+69,+1024+Hungary/@47.510387,19.0297028,17z/data=!3m1!4b1!4m6!3m5!1s0x4741dc1d803cd099:0xa10cde8de00f100f!8m2!3d47.510387!4d19.0297028!16s%2Fg%2F11pw53gxnk?hl=en&entry=ttu&g_ep=EgoyMDI2MDkwOS4wIKXMDSoASAFQAw%3D%3D"
NEDO Dohány Kereskedelmi Bt.,DKE1010000028,"1211 Budapest, Kossuth Lajos utca 87.",2022.01.31,2033.06.30,47.4224676,19.0410054,no_place,,"https://www.google.com/maps/search/1211+Budapest,+Kossuth+Lajos+utca+87./@47.4352078,19.0919516,13z/data=!3m1!4b1?hl=en&entry=ttu&g_ep=EgoyMDI2MDkwOS4wIKXMDSoASAFQAw%3D%3D"
NEDO Dohány Kereskedelmi Bt.,DKE1010000034,"1211 Budapest, Szent Imre tér 1.",2022.01.31,2033.06.30,47.4311889,19.0691896,ok,"Budapest, Szent Imre tér 1, 1211 Hungary","https://www.google.com/maps/place/Budapest,+Szent+Imre+t%C3%A9r+1,+1211+Hungary/@47.4311889,19.0691896,17z/data=!3m1!4b1!4m6!3m5!1s0x4741e7f47bd1920d:0x591fa4fe83ba5526!8m2!3d47.4311889!4d19.0691896!16s%2Fg%2F11ts_vtf7d?hl=en&entry=ttu&g_ep=EgoyMDI2MDkwOS4wIKXMDSoASAFQAw%3D%3D"
NEDO Dohány Kereskedelmi Bt.,DKE1010000048,"1184 Budapest, Lakatos utca 7.",2022.01.31,2033.06.30,47.4505196,19.1727058,ok,"Budapest, Lakatos út 7, 1184 Hungary","https://www.google.com/maps/place/Budapest,+Lakatos+%C3%BAt+7,+1184+Hungary/@47.4505196,19.1727058,17z/data=!3m1!4b1!4m6!3m5!1s0x4741c256d127fc51:0x707f674f612a5840!8m2!3d47.4505196!4d19.1727058!16s%2Fg%2F11rjqn02x9?hl=en&entry=ttu&g_ep=EgoyMDI2MDkwOS4wIKXMDSoASAFQAw%3D%3D"
Negretto Bt.,DKE1600000077,1145 Budapest 14. ker. Róna utca 125.,2013.07.01,2033.06.30,47.5147499,19.1111056,ok,"Budapest, Róna u. 125, 1145 Hungary","https://www.google.com/maps/place/Budapest,+R%C3%B3na+u.+125,+1145+Hungary/@47.5147499,19.1111056,17z/data=!3m1!4b1!4m6!3m5!1s0x4741db647b6b48f7:0x1591f5fe887e8240!8m2!3d47.5147499!4d19.1111056!16s%2Fg%2F11q3zlkjf0?hl=en&entry=ttu&g_ep=EgoyMDI2MDkwOS4wIKXMDSoASAFQAw%3D%3D"
Nemes Tobacco Bt,DKE1700000119,1042 Budapest 04. ker. Árpád út 62,2013.07.01,2033.06.30,47.5607793,19.0873067,ok,"Budapest, Árpád út 62, 1042 Hungary","https://www.google.com/maps/place/Budapest,+%C3%81rp%C3%A1d+%C3%BAt+62,+1042+Hungary/@47.5607793,19.0873067,17z/data=!3m1!4b1!4m6!3m5!1s0x4741da36ce85b8fd:0x4e6a2c72afb7fb61!8m2!3d47.5607793!4d19.0873067!16s%2Fg%2F11yb044chs?hl=en&entry=ttu&g_ep=EgoyMDI2MDkwOS4wIKXMDSoASAFQAw%3D%3D"
Nemes Tobacco Bt,DKE1700000120,1042 Budapest 04. ker. Árpád út 95,2013.07.01,2033.06.30,47.5596915,19.0944587,ok,"Budapest, Árpád út 95, 1042 Hungary","https://www.google.com/maps/place/Budapest,+%C3%81rp%C3%A1d+%C3%BAt+95,+1042+Hungary/@47.5596915,19.0944587,17z/data=!3m1!4b1!4m6!3m5!1s0x4741da49c55aaac5:0x66cf59f368f0d000!8m2!3d47.5596915!4d19.0944587!16s%2Fg%2F11rxq23g77?hl=en&entry=ttu&g_ep=EgoyMDI2MDkwOS4wIKXMDSoASAFQAw%3D%3D"
Nemes Tobacco Bt.,DKE1700000112,"1041 Budapest, Rózsa utca 73. földszint 3.",2026.04.23,2033.06.30,47.5638951,19.1002472,ok,Judit Fashion,"https://www.google.com/maps/place/Judit+Fashion/@47.5638951,19.1002472,17z/data=!3m1!4b1!4m6!3m5!1s0x4741db7b4a8deff7:0xf62bb16cb2e025b0!8m2!3d47.5638951!4d19.1002472!16s%2Fg%2F11rqqv66lr?hl=en&entry=ttu&g_ep=EgoyMDI2MDkwOS4wIKXMDSoASAFQAw%3D%3D"
Nemes-Tabak Bt,DKE1600000162,1173 Budapest 17. ker. Pesti út 211.,2013.07.01,2033.06.30,47.4775997,19.2620652,ok,"Budapest, Pesti út 211, 1173 Hungary","https://www.google.com/maps/place/Budapest,+Pesti+%C3%BAt+211,+1173+Hungary/@47.4775997,19.2620652,17z/data=!3m1!4b1!4m6!3m5!1s0x4741c14e798c5ae7:0x5fc60884321c874d!8m2!3d47.4775997!4d19.2620652!16s%2Fg%2F11j34kmk9r?hl=en&entry=ttu&g_ep=EgoyMDI2MDkwOS4wIKXMDSoASAFQAw%3D%3D"
Nemesdaróczi és Társa Bt,DKE1010000087,1116 Budapest 11. ker. Fehérvári út 182.,2013.07.01,2033.06.30,47.4485265,19.0381689,ok,"Budapest, Fehérvári út 182, 1116 Hungary","https://www.google.com/maps/place/Budapest,+Feh%C3%A9rv%C3%A1ri+%C3%BAt+182,+1116+Hungary/@47.4485265,19.0381689,17z/data=!3m1!4b1!4m6!3m5!1s0x4741dd84835da73f:0x151dd1c7cadddf61!8m2!3d47.4485265!4d19.0381689!16s%2Fg%2F11n9vl23v2?hl=en&entry=ttu&g_ep=EgoyMDI2MDkwOS4wIKXMDSoASAFQAw%3D%3D"
Németh László,DKE1600000005,"1101 Budapest, Üllői út 124/B.",2021.12.13,2033.06.30,47.4698297,19.1155051,ok,"Budapest, Üllői út 124b, 1101 Hungary","https://www.google.com/maps/place/Budapest,+%C3%9Cll%C5%91i+%C3%BAt+124b,+1101+Hungary/@47.4698297,19.1155051,17z/data=!3m1!4b1!4m6!3m5!1s0x4741dcd5b03f1bc1:0x629ca2404f4b8d01!8m2!3d47.4698297!4d19.1155051!16s%2Fg%2F11rp44q671?hl=en&entry=ttu&g_ep=EgoyMDI2MDkwOS4wIKXMDSoASAFQAw%3D%3D"
Németh-Tabak Bt,DKE1600000146,1149 Budapest 14. ker. Bosnyák tér 15.,2013.07.01,2033.06.30,47.5200793,19.1124528,ok,"Budapest, Bosnyák tér 15, 1149 Hungary","https://www.google.com/maps/place/Budapest,+Bosny%C3%A1k+t%C3%A9r+15,+1149+Hungary/@47.5200793,19.1124528,17z/data=!3m1!4b1!4m6!3m5!1s0x4741db6f94bc91cd:0xed02111bd6e2c181!8m2!3d47.5200793!4d19.1124528!16s%2Fg%2F11fwhln4gt?hl=en&entry=ttu&g_ep=EgoyMDI2MDkwOS4wIKXMDSoASAFQAw%3D%3D"
NET-DOHÁNYBOLTOK.hu Bt.,DKE1010000017,"1119 Budapest, Etele tér 3.",2022.07.21,2033.06.30,47.4656728,19.0233668,ok,"Budapest, Etele tér 3, 1115 Hungary","https://www.google.com/maps/place/Budapest,+Etele+t%C3%A9r+3,+1115+Hungary/@47.4656728,19.0233668,17z/data=!3m1!4b1!4m6!3m5!1s0x4741ddc1a70cb077:0x9e29ed451e71878a!8m2!3d47.4656728!4d19.0233668!16s%2Fg%2F11fwhmmstq?hl=en&entry=ttu&g_ep=EgoyMDI2MDkwOS4wIKXMDSoASAFQAw%3D%3D"
Netti Trafik Bt.,DKE1010000310,"1095 Budapest, Soroksári út 56.",2021.11.22,2033.06.30,47.47109,19.0736002,ok,"Budapest, Soroksári út 56, 1095 Hungary","https://www.google.com/maps/place/Budapest,+Soroks%C3%A1ri+%C3%BAt+56,+1095+Hungary/@47.47109,19.0736002,17z/data=!3m1!4b1!4m6!3m5!1s0x4741dd0312b98227:0xc7acf4e3ddb3a10a!8m2!3d47.47109!4d19.0736002!16s%2Fg%2F11rg5zd1vf?hl=en&entry=ttu&g_ep=EgoyMDI2MDkwOS4wIKXMDSoASAFQAw%3D%3D"
Nívó-Trafik Bt.,DKE1700000091,1039 Budapest 03. ker. Boglár utca 5.,2013.07.01,2033.06.30,47.596356,19.061962,ok,"Budapest, Boglár u. 5, 1039 Hungary","https://www.google.com/maps/place/Budapest,+Bogl%C3%A1r+u.+5,+1039+Hungary/@47.596356,19.061962,17z/data=!3m1!4b1!4m6!3m5!1s0x4741d9e0f6eadf57:0x1efe28232c34a839!8m2!3d47.596356!4d19.061962!16s%2Fg%2F11c5nfdhwz?hl=en&entry=ttu&g_ep=EgoyMDI2MDkwOS4wIKXMDSoASAFQAw%3D%3D"
Nívó-Trafik Bt.,DKE1700000097,1031 Budapest 03. ker. Római tér 1.,2013.07.01,2033.06.30,47.5686962,19.0497871,ok,"Budapest, Római tér 1, 1031 Hungary","https://www.google.com/maps/place/Budapest,+R%C3%B3mai+t%C3%A9r+1,+1031+Hungary/@47.5686962,19.0497871,17z/data=!3m1!4b1!4m6!3m5!1s0x4741d99a37908d43:0xa9f86a77f0c7ce9!8m2!3d47.5686962!4d19.0497871!16s%2Fg%2F11cs968287?hl=en&entry=ttu&g_ep=EgoyMDI2MDkwOS4wIKXMDSoASAFQAw%3D%3D"
NORTORF Bt.,DKE1700000084,"1051 Budapest, Hercegprímás utca 2.",2023.07.21,2033.06.30,47.4995423,19.0531937,ok,"Budapest, Hercegprímás u. 2, 1051 Hungary","https://www.google.com/maps/place/Budapest,+Hercegpr%C3%ADm%C3%A1s+u.+2,+1051+Hungary/@47.4995423,19.0531937,17z/data=!3m1!4b1!4m6!3m5!1s0x4741dc6a99d78269:0xd7aec4f43b0b754!8m2!3d47.4995423!4d19.0531937!16s%2Fg%2F11yjll965s?hl=en&entry=ttu&g_ep=EgoyMDI2MDkwOS4wIKXMDSoASAFQAw%3D%3D"
Nyolcpipa Bt.,DKE1600000114,"1085 Budapest, Üllői út 6. földszint 33-34. ajtó",2025.06.25,2033.06.30,47.4867816,19.0677292,no_place,,"https://www.google.com/maps/search/1085+Budapest,+%C3%9Cll%C5%91i+%C3%BAt+6.+f%C3%B6ldszint+33-34.+ajt%C3%B3/@47.4858203,19.0725569,16z/data=!3m1!4b1?hl=en&entry=ttu&g_ep=EgoyMDI2MDkwOS4wIKXMDSoASAFQAw%3D%3D"
Nyolcpipa Bt.,DKE1600000115,"1082 Budapest, Leonardo Da Vinci utca 23.",2025.06.25,2033.06.30,47.4860121,19.0769071,ok,"Budapest, Leonardo da Vinci utca 23, 1082 Hungary","https://www.google.com/maps/place/Budapest,+Leonardo+da+Vinci+utca+23,+1082+Hungary/@47.4860121,19.0769071,17z/data=!3m1!4b1!4m6!3m5!1s0x4741dcf713c81fbd:0xc16a31a35172ef30!8m2!3d47.4860121!4d19.0769071!16s%2Fg%2F11q2nb2vzz?hl=en&entry=ttu&g_ep=EgoyMDI2MDkwOS4wIKXMDSoASAFQAw%3D%3D"
Ónodi Trafik Bt,DKE1600000028,1102 Budapest 10. ker. Liget utca 40.,2013.07.01,2033.06.30,47.4894654,19.1335101,ok,"Budapest, Liget u. 40, 1102 Hungary","https://www.google.com/maps/place/Budapest,+Liget+u.+40,+1102+Hungary/@47.4894654,19.1335101,17z/data=!3m1!4b1!4m6!3m5!1s0x4741dcb4ada74617:0x18d55480761277fd!8m2!3d47.4894654!4d19.1335101!16s%2Fg%2F11vwy499wf?hl=en&entry=ttu&g_ep=EgoyMDI2MDkwOS4wIKXMDSoASAFQAw%3D%3D"
Opport-ZCS Bt.,DKE1600000157,"1102 Budapest, Kőrösi Csoma Sándor sétány 16/E",2026.07.24,2033.06.30,47.4850942,19.1307327,ok,"Budapest, Kőrösi Csoma stny. 16, 1102 Hungary","https://www.google.com/maps/place/Budapest,+K%C5%91r%C3%B6si+Csoma+stny.+16,+1102+Hungary/@47.4850942,19.1307327,17z/data=!3m1!4b1!4m6!3m5!1s0x4741c33554b061cf:0x7d5a4cb744a45f2d!8m2!3d47.4850942!4d19.1307327!16s%2Fg%2F11m_l3x5rb?hl=en&entry=ttu&g_ep=EgoyMDI2MDkwOS4wIKXMDSoASAFQAw%3D%3D"
Orczy Tabak Bt,DKE1600000052,1089 Budapest 08. ker. Orczy út 46-48,2013.07.01,2033.06.30,47.4878252,19.092753,ok,"Budapest, Orczy út 46-48, 1089 Hungary","https://www.google.com/maps/place/Budapest,+Orczy+%C3%BAt+46-48,+1089+Hungary/@47.4878252,19.092753,17z/data=!3m1!4b1!4m6!3m5!1s0x4741dcec3bad51b5:0x645ab7d718d410e5!8m2!3d47.4878252!4d19.092753!16s%2Fg%2F11y3ljzbmr?hl=en&entry=ttu&g_ep=EgoyMDI2MDkwOS4wIKXMDSoASAFQAw%3D%3D"
Orczy Tabak Bt,DKE1700000027,1032 Budapest 03. ker. Kiscelli utca 14,2013.07.01,2033.06.30,47.538953,19.0378671,ok,"Budapest, Kiscelli u. 14, 1032 Hungary","https://www.google.com/maps/place/Budapest,+Kiscelli+u.+14,+1032+Hungary/@47.538953,19.0378671,17z/data=!3m1!4b1!4m6!3m5!1s0x4741d95cf9e839d1:0x472c7cd8c762b1b6!8m2!3d47.538953!4d19.0378671!16s%2Fg%2F11gm_9v427?hl=en&entry=ttu&g_ep=EgoyMDI2MDkwOS4wIKXMDSoASAFQAw%3D%3D"
Orczy Tabak Bt,DKE1700000028,1039 Budapest 03. ker. Heltai Jenő tér 3.,2013.07.01,2033.06.30,47.5982233,19.0580001,ok,"Budapest, Heltai Jenő tér 3, 1039 Hungary","https://www.google.com/maps/place/Budapest,+Heltai+Jen%C5%91+t%C3%A9r+3,+1039+Hungary/@47.5982233,19.0580001,17z/data=!3m1!4b1!4m6!3m5!1s0x4741d9dfbcad007b:0x573b374480bf5849!8m2!3d47.5982233!4d19.0580001!16s%2Fg%2F11q2vy33jc?hl=en&entry=ttu&g_ep=EgoyMDI2MDkwOS4wIKXMDSoASAFQAw%3D%3D"
Orkisen-528 Tabak Bt,DKE1010000265,"1125 Budapest, Márvány utca 33",2022.09.10,2033.06.30,47.4950263,19.0204607,ok,"Budapest, Márvány u. 33, 1126 Hungary","https://www.google.com/maps/place/Budapest,+M%C3%A1rv%C3%A1ny+u.+33,+1126+Hungary/@47.4950263,19.0204607,17z/data=!3m1!4b1!4m6!3m5!1s0x4741dde34b39e001:0x24ad5f3cb6181266!8m2!3d47.4950263!4d19.0204607!16s%2Fg%2F11vx4smgy8?hl=en&entry=ttu&g_ep=EgoyMDI2MDkwOS4wIKXMDSoASAFQAw%3D%3D"
Orkisen-528 Tabak Bt,DKE1010000266,"1126 Budapest, Királyhágó tér 2.",2022.09.10,2033.06.30,47.4958298,19.0190595,ok,"Budapest, Királyhágó tér 2, 1126 Hungary","https://www.google.com/maps/place/Budapest,+Kir%C3%A1lyh%C3%A1g%C3%B3+t%C3%A9r+2,+1126+Hungary/@47.4958298,19.0190595,17z/data=!3m1!4b1!4m6!3m5!1s0x4741de9d60cea0e7:0xfb9bc7d42aad1610!8m2!3d47.4958298!4d19.0190595!16s%2Fg%2F11xkjbjh89?hl=en&entry=ttu&g_ep=EgoyMDI2MDkwOS4wIKXMDSoASAFQAw%3D%3D"
Orkisen-528 Tabak Bt,DKE1010000294,"1125 Budapest, Szarvas Gábor utca 8.",2022.09.10,2033.06.30,47.512835,18.9945314,ok,"Budapest, Szarvas Gábor út 8, 1125 Hungary","https://www.google.com/maps/place/Budapest,+Szarvas+G%C3%A1bor+%C3%BAt+8,+1125+Hungary/@47.512835,18.9945314,17z/data=!3m1!4b1!4m6!3m5!1s0x4741dec15eedf3b5:0x224336b6cd12611e!8m2!3d47.512835!4d18.9945314!16s%2Fg%2F11fwhm7ff3?hl=en&entry=ttu&g_ep=EgoyMDI2MDkwOS4wIKXMDSoASAFQAw%3D%3D"
Ozayer Pipa Bt.,DKE1010000202,1094 Budapest 09. ker. Mester utca 4-6,2013.07.01,2033.06.30,47.4817426,19.0690512,no_place,,"https://www.google.com/maps/search/1094+Budapest+09.+ker.+Mester+utca+4-6/@47.4793621,19.0724496,17z/data=!3m1!4b1?hl=en&entry=ttu&g_ep=EgoyMDI2MDkwOS4wIKXMDSoASAFQAw%3D%3D"
Ozayer Pipa Bt.,DKE1010000215,1095 Budapest 09. ker. Mester utca 46,2013.07.01,2033.06.30,47.478606,19.0739844,no_place,,"https://www.google.com/maps/search/1095+Budapest+09.+ker.+Mester+utca+46/@47.4763179,19.0753033,16z/data=!3m1!4b1?hl=en&entry=ttu&g_ep=EgoyMDI2MDkwOS4wIKXMDSoASAFQAw%3D%3D"
Ozayer Pipa Bt.,DKE1600000219,1082 Budapest 08. ker. Harminckettesek tere 6,2013.07.01,2033.06.30,47.4892126,19.0714436,ok,"Budapest, Harminckettesek tere 6, 1082 Hungary","https://www.google.com/maps/place/Budapest,+Harminckettesek+tere+6,+1082+Hungary/@47.4892126,19.0714436,17z/data=!3m1!4b1!4m6!3m5!1s0x4741dc58e80854f3:0x4dbf5b3b348aae26!8m2!3d47.4892126!4d19.0714436!16s%2Fg%2F11zb70758b?hl=en&entry=ttu&g_ep=EgoyMDI2MDkwOS4wIKXMDSoASAFQAw%3D%3D"
Ozin Tobacco Bt.,DKE1010000240,1095 Budapest 09. ker. Vágóhíd utca 3.,2013.07.01,2033.06.30,47.4720159,19.0779596,ok,"Budapest, Vágóhíd u. 3, 1097 Hungary","https://www.google.com/maps/place/Budapest,+V%C3%A1g%C3%B3h%C3%ADd+u.+3,+1097+Hungary/@47.4720159,19.0779596,17z/data=!3m1!4b1!4m6!3m5!1s0x4741dd032bcf5e35:0x6c946d53dd5eecaa!8m2!3d47.4720159!4d19.0779596!16s%2Fg%2F11c29ddvqk?hl=en&entry=ttu&g_ep=EgoyMDI2MDkwOS4wIKXMDSoASAFQAw%3D%3D"
Ozin Tobacco Bt.,DKE1010000300,1094 Budapest 09. ker. Ferenc körút 41.,2013.07.01,2033.06.30,47.4846159,19.0698947,no_place,,"https://www.google.com/maps/search/1094+Budapest+09.+ker.+Ferenc+k%C3%B6r%C3%BAt+41./@47.4863419,19.088778,15z/data=!3m1!4b1?hl=en&entry=ttu&g_ep=EgoyMDI2MDkwOS4wIKXMDSoASAFQAw%3D%3D"
Ozin Tobacco Bt.,DKE1600000246,1081 Budapest 08. ker. Népszínház utca 59,2013.07.01,2033.06.30,47.4935814,19.0816039,no_place,,"https://www.google.com/maps/search/1081+Budapest+08.+ker.+N%C3%A9psz%C3%ADnh%C3%A1z+utca+59/@47.4949501,19.0760475,16z/data=!3m1!4b1?hl=en&entry=ttu&g_ep=EgoyMDI2MDkwOS4wIKXMDSoASAFQAw%3D%3D"
Ozin Tobacco Bt.,DKE1600000286,1081 Budapest 08. ker. Népszínház utca 13,2013.07.01,2033.06.30,47.4957805,19.0720566,ok,"Budapest, Népszínház u. 13, 1081 Hungary","https://www.google.com/maps/place/Budapest,+N%C3%A9psz%C3%ADnh%C3%A1z+u.+13,+1081+Hungary/@47.4957805,19.0720566,17z/data=!3m1!4b1!4m6!3m5!1s0x4741dc60a91d1e7f:0xf5cbc18abd3fe97c!8m2!3d47.4957805!4d19.0720566!16s%2Fg%2F11nnkmn4k9?hl=en&entry=ttu&g_ep=EgoyMDI2MDkwOS4wIKXMDSoASAFQAw%3D%3D"
P-57 Tabak Bt.,DKE1700000176,"1021 Budapest, Budenz utca 24.",2022.08.30,2033.06.30,47.5203389,18.9876359,ok,"Budapest, Budenz út 24, 1021 Hungary","https://www.google.com/maps/place/Budapest,+Budenz+%C3%BAt+24,+1021+Hungary/@47.5203389,18.9876359,17z/data=!3m1!4b1!4m6!3m5!1s0x4741ded081ddb421:0xcf9eb0e05ad29027!8m2!3d47.5203389!4d18.9876359!16s%2Fg%2F11j34pbf73?hl=en&entry=ttu&g_ep=EgoyMDI2MDkwOS4wIKXMDSoASAFQAw%3D%3D"
P-57 Tabak Bt.,DKE1700000177,"1025 Budapest, Pusztaszeri út 72.",2022.08.30,2033.06.30,47.5232415,19.0197869,ok,"Budapest, Pusztaszeri út 72, 1025 Hungary","https://www.google.com/maps/place/Budapest,+Pusztaszeri+%C3%BAt+72,+1025+Hungary/@47.5232415,19.0197869,17z/data=!3m1!4b1!4m6!3m5!1s0x4741deb31ddc9fff:0x9c4a79aa146b22c9!8m2!3d47.5232415!4d19.0197869!16s%2Fg%2F11fwhmbbhc?hl=en&entry=ttu&g_ep=EgoyMDI2MDkwOS4wIKXMDSoASAFQAw%3D%3D"
P-57 Tabak Bt.,DKE1700000178,"1025 Budapest, Pusztaszeri út 57.",2022.08.30,2033.06.30,47.5253705,19.0239347,ok,"Budapest, Pusztaszeri út 57, 1025 Hungary","https://www.google.com/maps/place/Budapest,+Pusztaszeri+%C3%BAt+57,+1025+Hungary/@47.5253705,19.0239347,17z/data=!3m1!4b1!4m6!3m5!1s0x4741d94d42885f6f:0x676503fc9e58f6c8!8m2!3d47.5253705!4d19.0239347!16s%2Fg%2F11knlvtx2d?hl=en&entry=ttu&g_ep=EgoyMDI2MDkwOS4wIKXMDSoASAFQAw%3D%3D"
P-57 Tabak Bt.,DKE1700000179,"1022 Budapest, Bimbó út 91.",2022.08.30,2033.06.30,47.5185425,19.0148777,ok,"Budapest, Bimbó út 91, 1022 Hungary","https://www.google.com/maps/place/Budapest,+Bimb%C3%B3+%C3%BAt+91,+1022+Hungary/@47.5185425,19.0148777,17z/data=!3m1!4b1!4m6!3m5!1s0x4741deb118f8c953:0x146471118d3279e!8m2!3d47.5185425!4d19.0148777!16s%2Fg%2F11j8w4qz2k?hl=en&entry=ttu&g_ep=EgoyMDI2MDkwOS4wIKXMDSoASAFQAw%3D%3D"
P-SZ Tabak Bt,DKE1010000107,1215 Budapest 21. ker. Ady Endre út 58.,2013.07.01,2033.06.30,47.4355174,19.0749571,ok,"Budapest, Ady Endre út 58, 1211 Hungary","https://www.google.com/maps/place/Budapest,+Ady+Endre+%C3%BAt+58,+1211+Hungary/@47.4355174,19.0749571,17z/data=!3m1!4b1!4m6!3m5!1s0x4741dd58c62200ad:0xd96b6e63a57230e2!8m2!3d47.4355174!4d19.0749571!16s%2Fg%2F11cncd3j4d?hl=en&entry=ttu&g_ep=EgoyMDI2MDkwOS4wIKXMDSoASAFQAw%3D%3D"
P-SZ Tabak Bt,DKE1010000111,1211 Budapest 21. ker. Szent Imre tér 4.,2013.07.01,2033.06.30,47.4312935,19.0674894,ok,"Budapest, Szent Imre tér 4, 1211 Hungary","https://www.google.com/maps/place/Budapest,+Szent+Imre+t%C3%A9r+4,+1211+Hungary/@47.4312935,19.0674894,17z/data=!3m1!4b1!4m6!3m5!1s0x4741e7f4602d6d59:0x6815bfa455778886!8m2!3d47.4312935!4d19.0674894!16s%2Fg%2F11rg6521j7?hl=en&entry=ttu&g_ep=EgoyMDI2MDkwOS4wIKXMDSoASAFQAw%3D%3D"
P-SZ Tabak Bt,DKE1010000115,1214 Budapest 21. ker. Zrínyi utca 1 ( SPAR ),2013.07.01,2033.06.30,47.4160711,19.0629441,no_place,,"https://www.google.com/maps/search/1214+Budapest+21.+ker.+Zr%C3%ADnyi+utca+1+(+SPAR+)/@47.4214878,19.072631,14z/data=!3m1!4b1?hl=en&entry=ttu&g_ep=EgoyMDI2MDkwOS4wIKXMDSoASAFQAw%3D%3D"
P-SZ Tabak Bt,DKE1010000118,1214 Budapest 21. ker. Vénusz utca 13-15.,2013.07.01,2033.06.30,47.4109819,19.0604676,ok,"Budapest, Vénusz u. 13, 1214 Hungary","https://www.google.com/maps/place/Budapest,+V%C3%A9nusz+u.+13,+1214+Hungary/@47.4109819,19.0604676,17z/data=!3m1!4b1!4m6!3m5!1s0x4741e7c47fad27fd:0xb0919442911d4b10!8m2!3d47.4109819!4d19.0604676!16s%2Fg%2F11c248y19h?hl=en&entry=ttu&g_ep=EgoyMDI2MDkwOS4wIKXMDSoASAFQAw%3D%3D"
P-SZ Tabak Bt,DKE1600000132,"1148 Budapest, Örs vezér tere 3. fsz.",2023.03.06,2033.06.30,47.5047255,19.1349237,ok,"Budapest, Örs vezér tere 3, 1148 Hungary","https://www.google.com/maps/place/Budapest,+%C3%96rs+vez%C3%A9r+tere+3,+1148+Hungary/@47.5047255,19.1349237,17z/data=!3m1!4b1!4m6!3m5!1s0x4741dca9de70a279:0xe2d6f1bec3d49c65!8m2!3d47.5047255!4d19.1349237!16s%2Fg%2F11whsgkkq8?hl=en&entry=ttu&g_ep=EgoyMDI2MDkwOS4wIKXMDSoASAFQAw%3D%3D"
P.L.H. Tobacco Bt,DKE1700000042,1044 Budapest 04. ker. Megyeri út 56/A.,2013.07.01,2033.06.30,47.58338,19.091559,ok,"Budapest, Megyeri út 56A, 1044 Hungary","https://www.google.com/maps/place/Budapest,+Megyeri+%C3%BAt+56A,+1044+Hungary/@47.58338,19.091559,17z/data=!3m1!4b1!4m6!3m5!1s0x4741da1ad65eeab9:0xa15af276c8abb788!8m2!3d47.58338!4d19.091559!16s%2Fg%2F11z7qq_bcs?hl=en&entry=ttu&g_ep=EgoyMDI2MDkwOS4wIKXMDSoASAFQAw%3D%3D"
Pál Ildikó,DKE1600000298,1152 Budapest 15. ker. Illyés Gyula utca 12-16.,2013.07.01,2033.06.30,47.5617722,19.1170813,ok,"Budapest, Illyés Gyula u. 12, 1152 Hungary","https://www.google.com/maps/place/Budapest,+Illy%C3%A9s+Gyula+u.+12,+1152+Hungary/@47.5617722,19.1170813,17z/data=!3m1!4b1!4m6!3m5!1s0x4741da59829b14b1:0x59f29854facfb59d!8m2!3d47.5617722!4d19.1170813!16s%2Fg%2F11rr6cmjm3?hl=en&entry=ttu&g_ep=EgoyMDI2MDkwOS4wIKXMDSoASAFQAw%3D%3D"
Pál Ildikó,DKE1600000300,1157 Budapest 15. ker. Zsókavár utca 2-4.,2013.07.01,2033.06.30,47.5425159,19.1408976,ok,"Budapest, Zsókavár u. 2, 1157 Hungary","https://www.google.com/maps/place/Budapest,+Zs%C3%B3kav%C3%A1r+u.+2,+1157+Hungary/@47.5425159,19.1408976,17z/data=!3m1!4b1!4m6!3m5!1s0x4741db1f8748db27:0x2e75f273b09565ae!8m2!3d47.5425159!4d19.1408976!16s%2Fg%2F11l5dcrjmr?hl=en&entry=ttu&g_ep=EgoyMDI2MDkwOS4wIKXMDSoASAFQAw%3D%3D"
Pál Ildikó,DKE1600000307,1152 Budapest 15. ker. Bogáncs utca 1-3.,2013.07.24,2033.06.30,47.569933,19.1353111,ok,"Budapest, Bogáncs u. 1 - 3, 1151 Hungary","https://www.google.com/maps/place/Budapest,+Bog%C3%A1ncs+u.+1+-+3,+1151+Hungary/@47.569933,19.1353111,17z/data=!3m1!4b1!4m6!3m5!1s0x4741da8bc76bffe3:0x52b4a34b6aa46d6!8m2!3d47.569933!4d19.1353111!16s%2Fg%2F11yrz09bkm?hl=en&entry=ttu&g_ep=EgoyMDI2MDkwOS4wIKXMDSoASAFQAw%3D%3D"
Palota Trafik Bt,DKE1600000073,1154 Budapest 15. ker. Bánkút utca 108.,2013.07.01,2033.06.30,47.5519462,19.1334248,ok,"Budapest, Bánkút u. 108, 1154 Hungary","https://www.google.com/maps/place/Budapest,+B%C3%A1nk%C3%BAt+u.+108,+1154+Hungary/@47.5519462,19.1334248,17z/data=!3m1!4b1!4m6!3m5!1s0x4741dae4b0fb58cb:0x894c153dcbb02cd0!8m2!3d47.5519462!4d19.1334248!16s%2Fg%2F11j6zk_jld?hl=en&entry=ttu&g_ep=EgoyMDI2MDkwOS4wIKXMDSoASAFQAw%3D%3D"
Palus Trafik Bt,DKE1700000032,1039 Budapest 03. ker. Madzsar József utca 9-11.,2013.07.01,2033.06.30,47.6010386,19.0584352,no_place,,"https://www.google.com/maps/search/1039+Budapest+03.+ker.+Madzsar+J%C3%B3zsef+utca+9-11./@47.601306,19.0586075,17z/data=!3m1!4b1?hl=en&entry=ttu&g_ep=EgoyMDI2MDkwOS4wIKXMDSoASAFQAw%3D%3D"
Panatella Trafik Bt,DKE1600000208,1144 Budapest 14. ker. Csertő park 20,2013.07.01,2033.06.30,47.5103522,19.1427467,ok,"Budapest, Csertő park 20, 1144 Hungary","https://www.google.com/maps/place/Budapest,+Csert%C5%91+park+20,+1144+Hungary/@47.5103522,19.1427467,17z/data=!3m1!4b1!4m6!3m5!1s0x4741db53c7558a61:0xa7fa570fdb6e5124!8m2!3d47.5103522!4d19.1427467!16s%2Fg%2F11rdbh5v_y?hl=en&entry=ttu&g_ep=EgoyMDI2MDkwOS4wIKXMDSoASAFQAw%3D%3D"
Panatella Trafik Bt,DKE1700000117,"1042 Budapest, 73312/8/A. hrsz.",2023.04.26,2033.06.30,47.5608175,19.0939684,no_place,,"https://www.google.com/maps/search/1042+Budapest,+73312%2F8%2FA.+hrsz./@47.560392,19.0929255,15z/data=!3m1!4b1?hl=en&entry=ttu&g_ep=EgoyMDI2MDkwOS4wIKXMDSoASAFQAw%3D%3D"
Pancafé Bt,DKE1600000196,"1106 Budapest, Fehér út 3.",2026.07.24,2033.06.30,47.5006866,19.1368171,ok,"Budapest, Fehér út 3, 1106 Hungary","https://www.google.com/maps/place/Budapest,+Feh%C3%A9r+%C3%BAt+3,+1106+Hungary/@47.5006866,19.1368171,17z/data=!3m1!4b1!4m6!3m5!1s0x4741dcab97731d97:0x7a38c9ca2b685b40!8m2!3d47.5006866!4d19.1368171!16s%2Fg%2F11qp43jnzg?hl=en&entry=ttu&g_ep=EgoyMDI2MDkwOS4wIKXMDSoASAFQAw%3D%3D"
Paszternák Krisztina,DKE1600000038,1084 Budapest 08. ker. Nagyfuvaros utca 16.,2013.07.01,2033.06.30,,,no_place,,"https://www.google.com/maps/search/1084+Budapest+08.+ker.+Nagyfuvaros+utca+16./@47.4934046,19.077739,17z/data=!3m1!4b1?hl=en&entry=ttu&g_ep=EgoyMDI2MDkwOS4wIKXMDSoASAFQAw%3D%3D"
Paulovits Henriette,DKE1600000004,1152 Budapest 15. ker. Rákos út 33/a.,2013.07.01,2033.06.30,47.5570189,19.1198802,ok,"Budapest, Rákos út 33a, 1152 Hungary","https://www.google.com/maps/place/Budapest,+R%C3%A1kos+%C3%BAt+33a,+1152+Hungary/@47.5570189,19.1198802,17z/data=!3m1!4b1!4m6!3m5!1s0x4741da57c15cbcbd:0x6f204e970750dfa8!8m2!3d47.5570189!4d19.1198802!16s%2Fg%2F11c2c71y08?hl=en&entry=ttu&g_ep=EgoyMDI2MDkwOS4wIKXMDSoASAFQAw%3D%3D"
Pazsovin Dohány Bt.,DKE1010000238,1202 Budapest 20. ker. Tátra tér 1,2013.07.01,2033.06.30,47.4415083,19.1129265,ok,"Budapest, Tátra tér 1, 1201 Hungary","https://www.google.com/maps/place/Budapest,+T%C3%A1tra+t%C3%A9r+1,+1201+Hungary/@47.4415083,19.1129265,17z/data=!3m1!4b1!4m6!3m5!1s0x4741c2b0c1f6cf87:0xa3689cc537d1b013!8m2!3d47.4415083!4d19.1129265!16s%2Fg%2F11sqf6ktxv?hl=en&entry=ttu&g_ep=EgoyMDI2MDkwOS4wIKXMDSoASAFQAw%3D%3D"
Pazsovin Dohány Bt.,DKE1010000244,1193 Budapest 19. ker. Kossuth tér,2013.07.01,2033.06.30,47.4589737,19.1445131,ok,"Budapest, Kossuth tér, 1191 Hungary","https://www.google.com/maps/place/Budapest,+Kossuth+t%C3%A9r,+1191+Hungary/@47.4589737,19.1445131,17z/data=!3m1!4b1!4m6!3m5!1s0x4741c2e0e8f44b2f:0x1d0199bf10b0028c!8m2!3d47.4589737!4d19.1445131!16s%2Fg%2F1tfb9ybj?hl=en&entry=ttu&g_ep=EgoyMDI2MDkwOS4wIKXMDSoASAFQAw%3D%3D"
Pazsovin Dohány Bt.,DKE1010000282,1201 Budapest 20. ker. Nagysándor J. utca 170,2013.07.01,2033.06.30,47.4437411,19.1231545,ok,"Budapest, Nagysándor József u. 170, 1202 Hungary","https://www.google.com/maps/place/Budapest,+Nagys%C3%A1ndor+J%C3%B3zsef+u.+170,+1202+Hungary/@47.4437411,19.1231545,17z/data=!3m1!4b1!4m6!3m5!1s0x4741c2b8d9e86f27:0x28c903f9d146733b!8m2!3d47.4437411!4d19.1231545!16s%2Fg%2F11csgf9b4j?hl=en&entry=ttu&g_ep=EgoyMDI2MDkwOS4wIKXMDSoASAFQAw%3D%3D"
Pazsovin Dohány Bt.,DKE1010000287,1205 Budapest 20. ker. Vízisport utca 21/c. fsz. 23.,2022.06.20,2033.06.30,47.4324412,19.0933027,ok,Trendy Beauty Salon,"https://www.google.com/maps/place/Trendy+Beauty+Salon/@47.4324412,19.0933027,17z/data=!3m1!4b1!4m6!3m5!1s0x4741dd553c2a8f05:0xc791cb56e45abcbc!8m2!3d47.4324412!4d19.0933027!16s%2Fg%2F11cs2gv9_f?hl=en&entry=ttu&g_ep=EgoyMDI2MDkwOS4wIKXMDSoASAFQAw%3D%3D"
Pék György István,DKE1700000051,1042 Budapest 04. ker. Árpád út 90-92.,2013.07.01,2033.06.30,47.5600228,19.0935745,ok,"Budapest, Árpád út 90-92, 1041 Hungary","https://www.google.com/maps/place/Budapest,+%C3%81rp%C3%A1d+%C3%BAt+90-92,+1041+Hungary/@47.5600228,19.0935745,17z/data=!3m1!4b1!4m6!3m5!1s0x4741da36284989d3:0x610bf0beac1a3b65!8m2!3d47.5600228!4d19.0935745!16s%2Fg%2F11xyfzvb9s?hl=en&entry=ttu&g_ep=EgoyMDI2MDkwOS4wIKXMDSoASAFQAw%3D%3D"
Pelgreen Trade Bt,DKE1600000245,"1149 Budapest, Szugló utca 80. fszt. 3/Ü.",2022.07.06,2033.06.30,47.5172175,19.1157047,ok,Ideal Dessert,"https://www.google.com/maps/place/Ideal+Dessert/@47.5172175,19.1157047,17z/data=!3m1!4b1!4m6!3m5!1s0x4741db43b2a169b5:0x952004eefc0a69e8!8m2!3d47.5172175!4d19.1157047!16s%2Fg%2F11g18yf3p6?hl=en&entry=ttu&g_ep=EgoyMDI2MDkwOS4wIKXMDSoASAFQAw%3D%3D"
Pelgreen Trade Bt,DKE1700000121,1039 Budapest 03. ker. Viziorgona utca 3.,2013.07.01,2033.06.30,47.5982325,19.0497356,ok,"Budapest, Viziorgona utca 3, 1039 Hungary","https://www.google.com/maps/place/Budapest,+Viziorgona+utca+3,+1039+Hungary/@47.5982325,19.0497356,17z/data=!3m1!4b1!4m6!3m5!1s0x4741d9d9087e9ab9:0xf9017a85dd47a165!8m2!3d47.5982325!4d19.0497356!16s%2Fg%2F11c1zsdk97?hl=en&entry=ttu&g_ep=EgoyMDI2MDkwOS4wIKXMDSoASAFQAw%3D%3D"
Pelikán Bt,DKE1700000005,1134 Budapest 13. ker. Lehel utca 33.,2013.07.01,2033.06.30,47.520591,19.0690088,ok,"Budapest, Lehel u 33, 1134 Hungary","https://www.google.com/maps/place/Budapest,+Lehel+u+33,+1134+Hungary/@47.520591,19.0690088,17z/data=!3m1!4b1!4m6!3m5!1s0x4741db8b6e142f27:0x5a17a74ed5c3e86b!8m2!3d47.520591!4d19.0690088!16s%2Fg%2F11rg5_hckn?hl=en&entry=ttu&g_ep=EgoyMDI2MDkwOS4wIKXMDSoASAFQAw%3D%3D"
Pengő Dohány Bt.,DKE1700000175,1137 Budapest 13. ker. Radnóti Miklós 4.,2021.09.29,2033.06.30,47.5137953,19.0569378,ok,"Budapest, Radnóti Miklós u. 4, 1137 Hungary","https://www.google.com/maps/place/Budapest,+Radn%C3%B3ti+Mikl%C3%B3s+u.+4,+1137+Hungary/@47.5137953,19.0569378,17z/data=!3m1!4b1!4m6!3m5!1s0x4741dc0b8f6e3b0b:0x525d2658f400df70!8m2!3d47.5137953!4d19.0569378!16s%2Fg%2F11whtl2ylx?hl=en&entry=ttu&g_ep=EgoyMDI2MDkwOS4wIKXMDSoASAFQAw%3D%3D"
Pengő Dohány Bt.,DKE1700000190,1132 Budapest 13. ker. Visegrádi utca 43-45.,2013.07.01,2033.06.30,47.517325,19.0577407,ok,"Budapest, Visegrádi u. 43-45, 1132 Hungary","https://www.google.com/maps/place/Budapest,+Visegr%C3%A1di+u.+43-45,+1132+Hungary/@47.517325,19.0577407,17z/data=!3m1!4b1!4m6!3m5!1s0x4741dc0a17251d29:0xb06312e0448b204e!8m2!3d47.517325!4d19.0577407!16s%2Fg%2F11vkk5srqx?hl=en&entry=ttu&g_ep=EgoyMDI2MDkwOS4wIKXMDSoASAFQAw%3D%3D"
Pengő Dohány Bt.,DKE1700000191,1134 Budapest 13. ker. Dunyov István utca 9.,2013.07.01,2033.06.30,47.5287664,19.068794,ok,"Budapest, Dunyov István u. 9, 1134 Hungary","https://www.google.com/maps/place/Budapest,+Dunyov+Istv%C3%A1n+u.+9,+1134+Hungary/@47.5287664,19.068794,17z/data=!3m1!4b1!4m6!3m5!1s0x4741dbed041b856b:0x4bfdc9c7cbd15c1f!8m2!3d47.5287664!4d19.068794!16s%2Fg%2F11j6zk0mxh?hl=en&entry=ttu&g_ep=EgoyMDI2MDkwOS4wIKXMDSoASAFQAw%3D%3D"
Pengő Tabak Bt.,DKE1700000214,"1134 Budapest 13. ker. Árpád híd , M. 6. sz. üzlet",2013.07.01,2033.06.30,47.5362906,19.0585186,no_place,,"https://www.google.com/maps/search/1134+Budapest+13.+ker.+%C3%81rp%C3%A1d+h%C3%ADd+,+M.+6.+sz.+%C3%BCzlet/@47.5390307,19.0799774,13z/data=!3m1!4b1?hl=en&entry=ttu&g_ep=EgoyMDI2MDkwOS4wIKXMDSoASAFQAw%3D%3D"
Pengő Tabak Bt.,DKE1700000215,1134 Budapest 13. ker. Árpád híd M. 4 sz. üzlet,2013.07.01,2033.06.30,47.531712,19.0677298,no_place,,"https://www.google.com/maps/search/1134+Budapest+13.+ker.+%C3%81rp%C3%A1d+h%C3%ADd+M.+4+sz.+%C3%BCzlet/@47.5395925,19.0799243,14z/data=!3m1!4b1?hl=en&entry=ttu&g_ep=EgoyMDI2MDkwOS4wIKXMDSoASAFQAw%3D%3D"
Pengő Trafik Bt,DKE1700000182,1137 Budapest 13. ker. Jászai Mari tér 5.,2013.07.01,2033.06.30,47.5141139,19.0482234,ok,"Budapest, Jászai Mari tér 5, 1137 Hungary","https://www.google.com/maps/place/Budapest,+J%C3%A1szai+Mari+t%C3%A9r+5,+1137+Hungary/@47.5141139,19.0482234,17z/data=!3m1!4b1!4m6!3m5!1s0x4741dc0f45b043c9:0x9e75b1f1ba540132!8m2!3d47.5141139!4d19.0482234!16s%2Fg%2F11nnkzwq1r?hl=en&entry=ttu&g_ep=EgoyMDI2MDkwOS4wIKXMDSoASAFQAw%3D%3D"
Pengő Trafik Bt,DKE1700000183,1134 Budapest 13. ker. Árpád híd M.  11. sz. üzlet,2013.07.01,2033.06.30,47.531712,19.0677298,no_place,,"https://www.google.com/maps/search/1134+Budapest+13.+ker.+%C3%81rp%C3%A1d+h%C3%ADd+M.++11.+sz.+%C3%BCzlet/@47.5395925,19.0799243,14z/data=!3m1!4b1?hl=en&entry=ttu&g_ep=EgoyMDI2MDkwOS4wIKXMDSoASAFQAw%3D%3D"
Pengő Trafik Bt,DKE1700000184,1136 Budapest 13. ker. Hollán Ernő utca 3.,2013.07.01,2033.06.30,47.5132906,19.0495441,ok,"Budapest, Hollán Ernő u. 3, 1136 Hungary","https://www.google.com/maps/place/Budapest,+Holl%C3%A1n+Ern%C5%91+u.+3,+1136+Hungary/@47.5132906,19.0495441,17z/data=!3m1!4b1!4m6!3m5!1s0x4741dc0f18c028c5:0x40d3f61633bcf292!8m2!3d47.5132906!4d19.0495441!16s%2Fg%2F11ytygwrpk?hl=en&entry=ttu&g_ep=EgoyMDI2MDkwOS4wIKXMDSoASAFQAw%3D%3D"
Pernye Bt,DKE1600000293,1087 Budapest 08. ker. Baross tér 11/a.,2013.07.01,2033.06.30,47.500814,19.0830467,ok,"Budapest, Baross tér 11/a, 1087 Hungary","https://www.google.com/maps/place/Budapest,+Baross+t%C3%A9r+11%2Fa,+1087+Hungary/@47.500814,19.0830467,17z/data=!3m1!4b1!4m6!3m5!1s0x4741dc89d1ba077b:0x34343d34dcf07c64!8m2!3d47.500814!4d19.0830467!16s%2Fg%2F11rg68fyws?hl=en&entry=ttu&g_ep=EgoyMDI2MDkwOS4wIKXMDSoASAFQAw%3D%3D"
Pernye Bt,DKE1600000297,1088 Budapest 08. ker. József körút 5.,2013.07.01,2033.06.30,47.4957266,19.0704149,ok,Courtyard by Marriott Budapest City Center,"https://www.google.com/maps/place/Courtyard+by+Marriott+Budapest+City+Center/@47.4957266,19.0704149,17z/data=!3m1!4b1!4m9!3m8!1s0x4741dc675df4e0e1:0x342037bdb9049813!5m2!4m1!1i2!8m2!3d47.4957266!4d19.0704149!16s%2Fg%2F1tcz72vq?hl=en&entry=ttu&g_ep=EgoyMDI2MDkwOS4wIKXMDSoASAFQAw%3D%3D"
Pethő Melinda,DKE1600000275,1172 Budapest 17. ker. Ferihegyi út 29.,2013.07.01,2033.06.30,47.4891917,19.2593427,ok,"Budapest, Ferihegyi út 29, 1172 Hungary","https://www.google.com/maps/place/Budapest,+Ferihegyi+%C3%BAt+29,+1172+Hungary/@47.4891917,19.2593427,17z/data=!3m1!4b1!4m6!3m5!1s0x4741c6a94e240f9d:0x8075e32a8907600d!8m2!3d47.4891917!4d19.2593427!16s%2Fg%2F11rgdlj_hc?hl=en&entry=ttu&g_ep=EgoyMDI2MDkwOS4wIKXMDSoASAFQAw%3D%3D"
Pintér Gyula Ferencné,DKE1010000039,1239 Budapest 23. ker. Nagykőrösi út 353.,2013.07.01,2033.06.30,47.4134456,19.1647774,ok,"Budapest, Nagykőrösi út 353 28/D, 1239 Hungary","https://www.google.com/maps/place/Budapest,+Nagyk%C5%91r%C3%B6si+%C3%BAt+353+28%2FD,+1239+Hungary/@47.4134456,19.1647774,17z/data=!3m1!4b1!4m6!3m5!1s0x4741e9de9df3b8c1:0x8bc043a89a5bb219!8m2!3d47.4134456!4d19.1647774!16s%2Fg%2F11zcw4p241?hl=en&entry=ttu&g_ep=EgoyMDI2MDkwOS4wIKXMDSoASAFQAw%3D%3D"
Pócsy László Béláné,DKE1600000098,"1155 Budapest, Szent Korona útja 25/B.",2023.03.24,2033.06.30,47.5417295,19.1231685,ok,"Budapest, Szent Korona útja 25/B, 1155 Hungary","https://www.google.com/maps/place/Budapest,+Szent+Korona+%C3%BAtja+25%2FB,+1155+Hungary/@47.5417295,19.1231685,17z/data=!3m1!4b1!4m6!3m5!1s0x4741db049165522d:0xfdc34340ef36f458!8m2!3d47.5417295!4d19.1231685!16s%2Fg%2F11yjl78ctn?hl=en&entry=ttu&g_ep=EgoyMDI2MDkwOS4wIKXMDSoASAFQAw%3D%3D"
Polovits György,DKE1700000247,1054 Budapest 05. ker. Bank utca 3.,2014.12.02,2034.09.23,47.5033302,19.0531197,ok,Bank3 Restaurant - Giant Pancake,"https://www.google.com/maps/place/Bank3+Restaurant+-+Giant+Pancake/@47.5033302,19.0531197,17z/data=!3m1!4b1!4m6!3m5!1s0x4741dc14a5b02f31:0x8985bca42884b6ff!8m2!3d47.5033302!4d19.0531197!16s%2Fg%2F11b674qwn3?hl=en&entry=ttu&g_ep=EgoyMDI2MDkwOS4wIKXMDSoASAFQAw%3D%3D"
PomPom Dohány Bt.,DKE1700000153,"1131 Budapest, Reitter Ferenc utca 132.",2023.04.19,2033.06.30,47.5407411,19.0900696,ok,"Budapest, Reitter Ferenc u. 132, 1131 Hungary","https://www.google.com/maps/place/Budapest,+Reitter+Ferenc+u.+132,+1131+Hungary/@47.5407411,19.0900696,17z/data=!3m1!4b1!4m6!3m5!1s0x4741dbbbb3544917:0xf43a7a3c9d33cf58!8m2!3d47.5407411!4d19.0900696!16s%2Fg%2F11pzt4sh1r?hl=en&entry=ttu&g_ep=EgoyMDI2MDkwOS4wIKXMDSoASAFQAw%3D%3D"
PomPom Dohány Bt.,DKE1700000154,"1133 Budapest, Hegedűs Gyula utca 91.",2023.04.19,2033.06.30,47.5232114,19.059188,ok,"Budapest, Hegedűs Gyula u. 91, 1133 Hungary","https://www.google.com/maps/place/Budapest,+Heged%C5%B1s+Gyula+u.+91,+1133+Hungary/@47.5232114,19.059188,17z/data=!3m1!4b1!4m6!3m5!1s0x4741dbf14b39c955:0x37ec49466a06538d!8m2!3d47.5232114!4d19.059188!16s%2Fg%2F11s5p8y3mm?hl=en&entry=ttu&g_ep=EgoyMDI2MDkwOS4wIKXMDSoASAFQAw%3D%3D"
PRÁTER PRO Bt.,DKE1600000120,"1083 Budapest, Práter utca 30-32.",2025.12.10,2033.06.30,47.4868603,19.0758779,ok,"Budapest, Práter u. 30-32, 1083 Hungary","https://www.google.com/maps/place/Budapest,+Pr%C3%A1ter+u.+30-32,+1083+Hungary/@47.4868603,19.0758779,17z/data=!3m1!4b1!4m6!3m5!1s0x4741dcf7af823217:0x56da6d3f6479982d!8m2!3d47.4868603!4d19.0758779!16s%2Fg%2F11rp44vq36?hl=en&entry=ttu&g_ep=EgoyMDI2MDkwOS4wIKXMDSoASAFQAw%3D%3D"
Produkta Tabak Bt,DKE1010000042,1122 Budapest 12. ker. Magyar Jakobinusok tere 7,2013.07.01,2033.06.30,47.5012302,19.0236736,ok,"Budapest, Magyar Jakobinusok tere 7, 1122 Hungary","https://www.google.com/maps/place/Budapest,+Magyar+Jakobinusok+tere+7,+1122+Hungary/@47.5012302,19.0236736,17z/data=!3m1!4b1!4m6!3m5!1s0x4741dc2080b473c1:0x7eaf7aeb23dcb3ad!8m2!3d47.5012302!4d19.0236736!16s%2Fg%2F11r_fj1nq6?hl=en&entry=ttu&g_ep=EgoyMDI2MDkwOS4wIKXMDSoASAFQAw%3D%3D"
Produkta Tabak Bt,DKE1010000051,1115 Budapest 11. ker. Tétényi út 16.,2013.07.01,2033.06.30,47.4679214,19.0343675,ok,"Budapest, Tétényi út 16, 1115 Hungary","https://www.google.com/maps/place/Budapest,+T%C3%A9t%C3%A9nyi+%C3%BAt+16,+1115+Hungary/@47.4679214,19.0343675,17z/data=!3m1!4b1!4m6!3m5!1s0x4741ddb919edb0ab:0x1b4933376d191297!8m2!3d47.4679214!4d19.0343675!16s%2Fg%2F11fwhlkjgp?hl=en&entry=ttu&g_ep=EgoyMDI2MDkwOS4wIKXMDSoASAFQAw%3D%3D"
Produkta Tabak Bt,DKE1010000081,1119 Budapest 11. ker. Csurgói út 21/a,2013.07.01,2033.06.30,47.4536469,19.033998,ok,"Budapest, Csurgói út 21A, 1119 Hungary","https://www.google.com/maps/place/Budapest,+Csurg%C3%B3i+%C3%BAt+21A,+1119+Hungary/@47.4536469,19.033998,17z/data=!3m1!4b1!4m6!3m5!1s0x4741dd907d0f6e3d:0x7063cd24294ccaee!8m2!3d47.4536469!4d19.033998!16s%2Fg%2F11z7qqr4wf?hl=en&entry=ttu&g_ep=EgoyMDI2MDkwOS4wIKXMDSoASAFQAw%3D%3D"
Produkta Tabak Bt,DKE1600000083,1063 Budapest 06. ker. Szondi utca 58.,2013.07.01,2033.06.30,47.5128419,19.0682955,ok,"Budapest, Szondi u. 58, 1063 Hungary","https://www.google.com/maps/place/Budapest,+Szondi+u.+58,+1063+Hungary/@47.5128419,19.0682955,17z/data=!3m1!4b1!4m6!3m5!1s0x4741dc7420633ad5:0xee35ec01b7832927!8m2!3d47.5128419!4d19.0682955!16s%2Fg%2F11snrly4v8?hl=en&entry=ttu&g_ep=EgoyMDI2MDkwOS4wIKXMDSoASAFQAw%3D%3D"
Produkta Tabak Bt,DKE1600000086,1078 Budapest 07. ker. István utca 10,2013.07.01,2033.06.30,47.5044744,19.0807146,ok,"Budapest, István u. 10, 1078 Hungary","https://www.google.com/maps/place/Budapest,+Istv%C3%A1n+u.+10,+1078+Hungary/@47.5044744,19.0807146,17z/data=!3m1!4b1!4m6!3m5!1s0x4741dc7cd6a7d599:0x9763d429c907755b!8m2!3d47.5044744!4d19.0807146!16s%2Fg%2F11nnkzwng7?hl=en&entry=ttu&g_ep=EgoyMDI2MDkwOS4wIKXMDSoASAFQAw%3D%3D"
Profi Trafik Bt,DKE6310000141,"8200 Veszprém, Budapest út 16.",2023.04.17,2033.06.30,47.09485,17.917526,ok,"Veszprém, Budapest út 16, 8200 Hungary","https://www.google.com/maps/place/Veszpr%C3%A9m,+Budapest+%C3%BAt+16,+8200+Hungary/@47.09485,17.917526,17z/data=!3m1!4b1!4m6!3m5!1s0x47699a64c1b56a83:0x17a8069b835130e!8m2!3d47.09485!4d17.917526!16s%2Fg%2F11nnscg4lb?hl=en&entry=ttu&g_ep=EgoyMDI2MDkwOS4wIKXMDSoASAFQAw%3D%3D"
Promore Szivar Bt.,DKE1600000225,"1087 Budapest, Kőbányai út 27. 24. ép.",2024.08.01,2033.06.30,47.4877239,19.0993425,ok,"Budapest, Kőbányai út 27-24. ép, 1087 Hungary","https://www.google.com/maps/place/Budapest,+K%C5%91b%C3%A1nyai+%C3%BAt+27-24.+%C3%A9p,+1087+Hungary/@47.4877239,19.0993425,17z/data=!3m1!4b1!4m5!3m4!1s0x4741dcea52f477bf:0x341a5a6b7d8b3ed1!8m2!3d47.4877239!4d19.0993425?hl=en&entry=ttu&g_ep=EgoyMDI2MDkwOS4wIKXMDSoASAFQAw%3D%3D"
Promore Szivar Bt.,DKE1600000226,"1146 Budapest, Erzsébet királyné útja 6/a",2024.08.01,2033.06.30,47.5167282,19.0920761,ok,"Budapest, Erzsébet királyné útja 6a, 1146 Hungary","https://www.google.com/maps/place/Budapest,+Erzs%C3%A9bet+kir%C3%A1lyn%C3%A9+%C3%BAtja+6a,+1146+Hungary/@47.5167282,19.0920761,17z/data=!3m1!4b1!4m6!3m5!1s0x4741db81ee582971:0x8a9e7e0fdc347d54!8m2!3d47.5167282!4d19.0920761!16s%2Fg%2F11whsdqkz5?hl=en&entry=ttu&g_ep=EgoyMDI2MDkwOS4wIKXMDSoASAFQAw%3D%3D"
Protabaco Bt.,DKE1010000086,1225 Budapest 22. ker. Nagytétényi út 238.,2013.07.01,2033.06.30,47.3958928,18.9945889,ok,"Budapest, Nagytétényi út 238, 1225 Hungary","https://www.google.com/maps/place/Budapest,+Nagyt%C3%A9t%C3%A9nyi+%C3%BAt+238,+1225+Hungary/@47.3958928,18.9945889,17z/data=!3m1!4b1!4m6!3m5!1s0x4741e6efe05b8351:0x97be811680833a98!8m2!3d47.3958928!4d18.9945889!16s%2Fg%2F11x2pd2nw5?hl=en&entry=ttu&g_ep=EgoyMDI2MDkwOS4wIKXMDSoASAFQAw%3D%3D"
Protabaco Bt.,DKE1010000119,1223 Budapest 22. ker. Nagytétényi út 136-138.,2013.07.01,2033.06.30,47.410525,19.0211119,ok,"Budapest, Nagytétényi út 136, 1223 Hungary","https://www.google.com/maps/place/Budapest,+Nagyt%C3%A9t%C3%A9nyi+%C3%BAt+136,+1223+Hungary/@47.410525,19.0211119,17z/data=!3m1!4b1!4m6!3m5!1s0x4741e7a834728e2b:0x52eef0f0445c6ca0!8m2!3d47.410525!4d19.0211119!16s%2Fg%2F11c2207grz?hl=en&entry=ttu&g_ep=EgoyMDI2MDkwOS4wIKXMDSoASAFQAw%3D%3D"
PSB Tabak Bt,DKE1700000070,1026 Budapest 02. ker. Kelemen László   14/A.,2013.07.01,2033.06.30,47.5236364,18.9926613,ok,"Budapest, Kelemen László u. 14a, 1026 Hungary","https://www.google.com/maps/place/Budapest,+Kelemen+L%C3%A1szl%C3%B3+u.+14a,+1026+Hungary/@47.5236364,18.9926613,17z/data=!3m1!4b1!4m6!3m5!1s0x4741ded1edab8ceb:0x72ff10d64e78c107!8m2!3d47.5236364!4d18.9926613!16s%2Fg%2F11jn4fk5rk?hl=en&entry=ttu&g_ep=EgoyMDI2MDkwOS4wIKXMDSoASAFQAw%3D%3D"
Rab Judit,DKE1700000011,1136 Budapest 13. ker. Hegedűs Gyula utca 20/A.,2013.07.01,2033.06.30,47.514775,19.0540752,ok,"Budapest, Hegedűs Gyula u. 20a, 1136 Hungary","https://www.google.com/maps/place/Budapest,+Heged%C5%B1s+Gyula+u.+20a,+1136+Hungary/@47.514775,19.0540752,17z/data=!3m1!4b1!4m6!3m5!1s0x4741dc095cfad08d:0x744e5aaa8f13fb6!8m2!3d47.514775!4d19.0540752!16s%2Fg%2F11pw3jrq00?hl=en&entry=ttu&g_ep=EgoyMDI2MDkwOS4wIKXMDSoASAFQAw%3D%3D"
Rácz-Tabak Bt.,DKE1600000169,1165 Budapest 16. ker. Újszász utca 47/b.,2013.07.01,2033.06.30,47.5051983,19.2004373,no_place,,"https://www.google.com/maps/search/1165+Budapest+16.+ker.+%C3%9Ajsz%C3%A1sz+utca+47%2Fb./@47.5052878,19.1996747,17z/data=!3m1!4b1?hl=en&entry=ttu&g_ep=EgoyMDI2MDkwOS4wIKXMDSoASAFQAw%3D%3D"
Rácz-Tabak Bt.,DKE1600000170,1104 Budapest 10. ker. Fehér út 1.,2013.07.01,2033.06.30,47.5018452,19.1359971,ok,"Budapest, Fehér út 1, 1106 Hungary","https://www.google.com/maps/place/Budapest,+Feh%C3%A9r+%C3%BAt+1,+1106+Hungary/@47.5018452,19.1359971,17z/data=!3m1!4b1!4m6!3m5!1s0x4741dcabce4838bd:0x2f30bb2f69687a7d!8m2!3d47.5018452!4d19.1359971!16s%2Fg%2F11lcyq630b?hl=en&entry=ttu&g_ep=EgoyMDI2MDkwOS4wIKXMDSoASAFQAw%3D%3D"
Rácz-Tabak Bt.,DKE1600000171,1072 Budapest 07. ker. Rákóczi út 36.,2013.07.01,2033.06.30,47.49665,19.0680572,no_place,,"https://www.google.com/maps/search/1072+Budapest+07.+ker.+R%C3%A1k%C3%B3czi+%C3%BAt+36./@47.4971224,19.0646528,17z/data=!3m1!4b1?hl=en&entry=ttu&g_ep=EgoyMDI2MDkwOS4wIKXMDSoASAFQAw%3D%3D"
Rebacco Dohánybolt Bt,DKE1600000008,1162 Budapest 16. ker. Állás   52.,2013.07.01,2033.06.30,47.531751,19.2006421,ok,"Budapest, Állás u. 52, 1162 Hungary","https://www.google.com/maps/place/Budapest,+%C3%81ll%C3%A1s+u.+52,+1162+Hungary/@47.531751,19.2006421,17z/data=!3m1!4b1!4m6!3m5!1s0x4741c4e3d5243c9d:0x7a1f7ecb86b2d027!8m2!3d47.531751!4d19.2006421!16s%2Fg%2F11sb8hj9qs?hl=en&entry=ttu&g_ep=EgoyMDI2MDkwOS4wIKXMDSoASAFQAw%3D%3D"
Rebacco Dohánybolt Bt.,DKE1600000015,"1164 Budapest, Alsómalom utca 8-10.",2025.03.24,2033.06.30,47.5267692,19.2058695,ok,"Budapest, Alsómalom u. 8-10, 1164 Hungary","https://www.google.com/maps/place/Budapest,+Als%C3%B3malom+u.+8-10,+1164+Hungary/@47.5267692,19.2058695,17z/data=!3m1!4b1!4m6!3m5!1s0x4741c4fb3c1e4319:0x6159f74c23a15b05!8m2!3d47.5267692!4d19.2058695!16s%2Fg%2F11zh9tl1t4?hl=en&entry=ttu&g_ep=EgoyMDI2MDkwOS4wIKXMDSoASAFQAw%3D%3D"
Rebeka Tabak Bt.,DKE1010000329,"1225 Budapest, Nagytétényi út 315.",2024.04.25,2034.10.28,47.3904199,18.9807668,ok,"Budapest, Nagytétényi út 315, 1225 Hungary","https://www.google.com/maps/place/Budapest,+Nagyt%C3%A9t%C3%A9nyi+%C3%BAt+315,+1225+Hungary/@47.3904199,18.9807668,17z/data=!3m1!4b1!4m6!3m5!1s0x4741e6eb22dd3485:0xf76c528e71c51384!8m2!3d47.3904199!4d18.9807668!16s%2Fg%2F11jn4dtj1c?hl=en&entry=ttu&g_ep=EgoyMDI2MDkwOS4wIKXMDSoASAFQAw%3D%3D"
Récsei Tabak Bt,DKE1600000116,1146 Budapest 14. ker. Szabó József utca 6,2013.07.01,2033.06.30,47.5052827,19.0927211,ok,"Budapest, Récsei Center, Szabó József u. 6, 1146 Hungary","https://www.google.com/maps/place/Budapest,+R%C3%A9csei+Center,+Szab%C3%B3+J%C3%B3zsef+u.+6,+1146+Hungary/@47.5052827,19.0927211,17z/data=!3m1!4b1!4m6!3m5!1s0x4741dc8682b19f31:0xbb1b3b7a3fbfb307!8m2!3d47.5052827!4d19.0927211!16s%2Fg%2F11x7z3wxdm?hl=en&entry=ttu&g_ep=EgoyMDI2MDkwOS4wIKXMDSoASAFQAw%3D%3D"
Récsei Tabak Bt,DKE1600000118,1148 Budapest 14. ker. Fogarasi út 47-51.,2013.07.01,2033.06.30,47.5073353,19.1267142,ok,"Budapest, Fogarasi út 47, 1148 Hungary","https://www.google.com/maps/place/Budapest,+Fogarasi+%C3%BAt+47,+1148+Hungary/@47.5073353,19.1267142,17z/data=!3m1!4b1!4m6!3m5!1s0x4741db5897abdd5f:0xb02c9a041b5e63dc!8m2!3d47.5073353!4d19.1267142!16s%2Fg%2F11rgdlcp5t?hl=en&entry=ttu&g_ep=EgoyMDI2MDkwOS4wIKXMDSoASAFQAw%3D%3D"
Récsei Tabak Bt.,DKE1010000056,"1124 Budapest, Apor Vilmos tér 11.",2013.07.01,2033.06.30,47.4911792,19.0117603,ok,"Budapest, Apor Vilmos tér 11, 1124 Hungary","https://www.google.com/maps/place/Budapest,+Apor+Vilmos+t%C3%A9r+11,+1124+Hungary/@47.4911878,19.0116946,17z/data=!3m1!4b1!4m6!3m5!1s0x4741de83d2cb45f3:0xbff9cabd69fa9f17!8m2!3d47.4911792!4d19.0117603!16s%2Fg%2F11b8v49b88?hl=en&entry=ttu&g_ep=EgoyMDI2MDkwOS4wIKXMDSoASAFQAw%3D%3D"
Récsei Tabak Bt.,DKE1010000063,"1121 Budapest, Eötvös út 6.",2021.12.20,2033.06.30,47.4972192,18.9889578,ok,"Budapest, Eötvös út 6, 1121 Hungary","https://www.google.com/maps/place/Budapest,+E%C3%B6tv%C3%B6s+%C3%BAt+6,+1121+Hungary/@47.4972192,18.9889578,17z/data=!3m1!4b1!4m6!3m5!1s0x4741def2dff010d1:0x940a32947fb85a52!8m2!3d47.4972192!4d18.9889578!16s%2Fg%2F11fk0j88w8?hl=en&entry=ttu&g_ep=EgoyMDI2MDkwOS4wIKXMDSoASAFQAw%3D%3D"
Regina Tabak Bt,DKE1010000108,1181 Budapest 18. ker. Kondor Béla sétány 9-11.,2013.07.01,2033.06.30,47.4386597,19.1664282,ok,"Budapest, Kondor Béla stny. 9-11, 1181 Hungary","https://www.google.com/maps/place/Budapest,+Kondor+B%C3%A9la+stny.+9-11,+1181+Hungary/@47.4386597,19.1664282,17z/data=!3m1!4b1!4m6!3m5!1s0x4741c25df665ff0f:0xd7c1b5d22c9bd8fa!8m2!3d47.4386597!4d19.1664282!16s%2Fg%2F11x7z3w37k?hl=en&entry=ttu&g_ep=EgoyMDI2MDkwOS4wIKXMDSoASAFQAw%3D%3D"
Regina Tabak Bt,DKE1600000067,1085 Budapest 08. ker. József körút 84.,2013.07.01,2033.06.30,47.4863564,19.0705488,ok,"Budapest, József krt. 84, 1091 Hungary","https://www.google.com/maps/place/Budapest,+J%C3%B3zsef+krt.+84,+1091+Hungary/@47.4863564,19.0705488,17z/data=!3m1!4b1!4m6!3m5!1s0x4741dc5817a57f63:0x34f427bc4af8fa7c!8m2!3d47.4863564!4d19.0705488!16s%2Fg%2F11j6zl6f80?hl=en&entry=ttu&g_ep=EgoyMDI2MDkwOS4wIKXMDSoASAFQAw%3D%3D"
Regina Tabak Bt,DKE1600000076,1089 Budapest 08. ker. Bíró Lajos utca 64-68.,2013.07.01,2033.06.30,47.481367,19.101643,ok,"Budapest, Bíró Lajos u. 64, 1089 Hungary","https://www.google.com/maps/place/Budapest,+B%C3%ADr%C3%B3+Lajos+u.+64,+1089+Hungary/@47.481367,19.101643,17z/data=!3m1!4b1!4m6!3m5!1s0x4741dcc2de839d35:0xa3655df93c280c2f!8m2!3d47.481367!4d19.101643!16s%2Fg%2F11q4333ztq?hl=en&entry=ttu&g_ep=EgoyMDI2MDkwOS4wIKXMDSoASAFQAw%3D%3D"
RetroCity Bt.,DKE1700000249,1054 Budapest 05. ker. Bajcsy Zs.   48.,2015.03.30,2034.10.01,47.5048442,19.0546921,ok,"Budapest, Bajcsy-Zsilinszky út 48-05, 1054 Hungary","https://www.google.com/maps/place/Budapest,+Bajcsy-Zsilinszky+%C3%BAt+48-05,+1054+Hungary/@47.5048442,19.0546921,17z/data=!3m1!4b1!4m5!3m4!1s0x4741dc13482b4543:0x5e7df4568b7f740d!8m2!3d47.5048442!4d19.0546921?hl=en&entry=ttu&g_ep=EgoyMDI2MDkwOS4wIKXMDSoASAFQAw%3D%3D"
Rikicsi Tabak Bt.,DKE1700000059,1023 Budapest 02. ker. Árpád Fejedelem útja 8.,2013.07.01,2033.06.30,47.5197591,19.0374454,ok,"Budapest, Árpád fejedelem útja 8, 1023 Hungary","https://www.google.com/maps/place/Budapest,+%C3%81rp%C3%A1d+fejedelem+%C3%BAtja+8,+1023+Hungary/@47.5197591,19.0374454,17z/data=!3m1!4b1!4m6!3m5!1s0x4741dc0030d522f5:0xb35fa0ffbb947ecf!8m2!3d47.5197591!4d19.0374454!16s%2Fg%2F11gm_r_m4y?hl=en&entry=ttu&g_ep=EgoyMDI2MDkwOS4wIKXMDSoASAFQAw%3D%3D"
Ritter Beatrix,DKE1600000007,1164 Budapest 16. ker. Ostoros utca 8.,2013.07.01,2033.06.30,47.5219215,19.2147515,ok,"Budapest, Ostoros út 8, 1164 Hungary","https://www.google.com/maps/place/Budapest,+Ostoros+%C3%BAt+8,+1164+Hungary/@47.5219215,19.2147515,17z/data=!3m1!4b1!4m6!3m5!1s0x4741c4f81cfd7c13:0x11b72ecdf0cc4c04!8m2!3d47.5219215!4d19.2147515!16s%2Fg%2F11j8wbx_fg?hl=en&entry=ttu&g_ep=EgoyMDI2MDkwOS4wIKXMDSoASAFQAw%3D%3D"
Roken Tobacco Bt,DKE1010000275,1116 Budapest 11. ker. Bartók Béla út 129.,2013.07.01,2033.06.30,47.4710967,19.0280972,ok,"Budapest, Bartók Béla út 129, 1115 Hungary","https://www.google.com/maps/place/Budapest,+Bart%C3%B3k+B%C3%A9la+%C3%BAt+129,+1115+Hungary/@47.4710967,19.0280972,17z/data=!3m1!4b1!4m6!3m5!1s0x4741ddc64b2213ff:0xbf9c6bbeba96fc54!8m2!3d47.4710967!4d19.0280972!16s%2Fg%2F11c21r9z04?hl=en&entry=ttu&g_ep=EgoyMDI2MDkwOS4wIKXMDSoASAFQAw%3D%3D"
Roken Tobacco Bt,DKE1600000284,1174 Budapest 17. ker. Szabad Május tér 1.,2013.07.01,2033.06.30,47.4618594,19.2368107,ok,"Budapest, Szabad május tér 1, 1174 Hungary","https://www.google.com/maps/place/Budapest,+Szabad+m%C3%A1jus+t%C3%A9r+1,+1174+Hungary/@47.4618594,19.2368107,17z/data=!3m1!4b1!4m6!3m5!1s0x4741c1622a8a2fb5:0x8d883c555296608!8m2!3d47.4618594!4d19.2368107!16s%2Fg%2F11vc4h2slt?hl=en&entry=ttu&g_ep=EgoyMDI2MDkwOS4wIKXMDSoASAFQAw%3D%3D"
Roken Tobacco Bt,DKE1600000288,1148 Budapest 14. ker. Örs Vezér tere 24.,2013.07.01,2033.06.30,47.5036261,19.1366882,ok,"Budapest, Örs vezér tere 24, 1148 Hungary","https://www.google.com/maps/place/Budapest,+%C3%96rs+vez%C3%A9r+tere+24,+1148+Hungary/@47.5036261,19.1366882,17z/data=!3m1!4b1!4m6!3m5!1s0x4741dcaa05c8cff9:0x993d05b5dcfdc822!8m2!3d47.5036261!4d19.1366882!16s%2Fg%2F11cslrrhgw?hl=en&entry=ttu&g_ep=EgoyMDI2MDkwOS4wIKXMDSoASAFQAw%3D%3D"
Románc Kkt.,DKE1600000058,1081 Budapest 08. ker. Népszinház utca 27,2013.07.01,2033.06.30,47.495041,19.075367,ok,"Budapest, Népszínház u. 27, 1081 Hungary","https://www.google.com/maps/place/Budapest,+N%C3%A9psz%C3%ADnh%C3%A1z+u.+27,+1081+Hungary/@47.495041,19.075367,17z/data=!3m1!4b1!4m6!3m5!1s0x4741dc60783f4841:0x6ad7674c74817848!8m2!3d47.495041!4d19.075367!16s%2Fg%2F11nnsbyzxx?hl=en&entry=ttu&g_ep=EgoyMDI2MDkwOS4wIKXMDSoASAFQAw%3D%3D"
Röné Trafik Store Bt.,DKE1600000265,1156 Budapest 15. ker. Nyírpalota út 52,2013.07.01,2033.06.30,47.5451959,19.1397521,ok,"Budapest, Nyírpalota út 52, 1156 Hungary","https://www.google.com/maps/place/Budapest,+Ny%C3%ADrpalota+%C3%BAt+52,+1156+Hungary/@47.5451959,19.1397521,17z/data=!3m1!4b1!4m6!3m5!1s0x4741dae02b9bcc07:0x3130aadc2ad76151!8m2!3d47.5451959!4d19.1397521!16s%2Fg%2F11c2c5l7ld?hl=en&entry=ttu&g_ep=EgoyMDI2MDkwOS4wIKXMDSoASAFQAw%3D%3D"
Royal Smoke 2013 Bt,DKE1010000035,1096 Budapest 09. ker. Haller utca 15.,2013.07.01,2033.06.30,47.4758781,19.0765437,ok,"Budapest, Haller u. 15, 1096 Hungary","https://www.google.com/maps/place/Budapest,+Haller+u.+15,+1096+Hungary/@47.4758781,19.0765437,17z/data=!3m1!4b1!4m6!3m5!1s0x4741dcfd0c782a35:0xbb35483235d63d90!8m2!3d47.4758781!4d19.0765437!16s%2Fg%2F11j8wdztcz?hl=en&entry=ttu&g_ep=EgoyMDI2MDkwOS4wIKXMDSoASAFQAw%3D%3D"
Royal Smoke 2013 Bt,DKE1600000094,1087 Budapest 08. ker. Kálvária tér 16.,2013.07.01,2033.06.30,47.4895951,19.0873762,ok,"Budapest, Kálvária tér 16-1087, 1086 Hungary","https://www.google.com/maps/place/Budapest,+K%C3%A1lv%C3%A1ria+t%C3%A9r+16-1087,+1086+Hungary/@47.4895951,19.0873762,17z/data=!3m1!4b1!4m5!3m4!1s0x4741dcf242f09777:0x50a75f8237898f!8m2!3d47.4895951!4d19.0873762?hl=en&entry=ttu&g_ep=EgoyMDI2MDkwOS4wIKXMDSoASAFQAw%3D%3D"
Royal Smoke 2013 Bt,DKE1600000119,1075 Budapest 07. ker. Rumbach Sebestyén utca 20-22.,2013.07.01,2033.06.30,47.4981939,19.0573341,no_place,,"https://www.google.com/maps/search/1075+Budapest+07.+ker.+Rumbach+Sebesty%C3%A9n+utca+20-22./@47.4970309,19.0590718,17z/data=!3m1!4b1?hl=en&entry=ttu&g_ep=EgoyMDI2MDkwOS4wIKXMDSoASAFQAw%3D%3D"
Royal Trafik Bt.,DKE1700000026,1035 Budapest 03. ker. Szentendrei út 36/a,2013.07.01,2033.06.30,47.5493099,19.0431673,ok,"Budapest, Szentendrei út 36. A, 1033 Hungary","https://www.google.com/maps/place/Budapest,+Szentendrei+%C3%BAt+36.+A,+1033+Hungary/@47.5493099,19.0431673,17z/data=!3m1!4b1!4m6!3m5!1s0x4741d96572333f43:0x626a1b1212da821c!8m2!3d47.5493099!4d19.0431673!16s%2Fg%2F11z840msbz?hl=en&entry=ttu&g_ep=EgoyMDI2MDkwOS4wIKXMDSoASAFQAw%3D%3D"
Rózsa Dohány Bt.,DKE1600000100,1141 Budapest 14. ker. Stadionok metróállomás Kerepesi út felé,2013.07.01,2033.06.30,47.5001353,19.1048136,ok,Puskás Ferenc Stadion,"https://www.google.com/maps/place/Pusk%C3%A1s+Ferenc+Stadion/@47.5001353,19.1048136,17z/data=!3m1!4b1!4m6!3m5!1s0x4741dc99cdec3349:0x6a04a4d7aa06a308!8m2!3d47.5001353!4d19.1048136!16zL20vMDdycXk4?hl=en&entry=ttu&g_ep=EgoyMDI2MDkwOS4wIKXMDSoASAFQAw%3D%3D"
Rózsa Dohány Bt.,DKE1600000183,1086 Budapest 08. ker. Teleki tér 8-9,2013.07.01,2033.06.30,47.4930695,19.0828251,no_place,,"https://www.google.com/maps/search/1086+Budapest+08.+ker.+Teleki+t%C3%A9r+8-9/@47.4929611,19.0844694,17z/data=!3m1!4b1?hl=en&entry=ttu&g_ep=EgoyMDI2MDkwOS4wIKXMDSoASAFQAw%3D%3D"
Rózsavölgyi-Trafik Bt,DKE1700000076,1027 Budapest 02. ker. Fő utca 92.,2013.07.01,2033.06.30,47.5114882,19.0381623,ok,Trapper Farmer,"https://www.google.com/maps/place/Trapper+Farmer/@47.5114882,19.0381623,17z/data=!3m1!4b1!4m6!3m5!1s0x4741dc04ab27bfc1:0xfbd239181adbea58!8m2!3d47.5114882!4d19.0381623!16s%2Fg%2F11ckyc5l_0?hl=en&entry=ttu&g_ep=EgoyMDI2MDkwOS4wIKXMDSoASAFQAw%3D%3D"
Safe Tabak Bt,DKE1600000013,1081 Budapest 08. ker. Kenyérmező utca 2.,2013.07.01,2033.06.30,47.4986668,19.0773066,ok,"Budapest, Kenyérmező u. 2, 1081 Hungary","https://www.google.com/maps/place/Budapest,+Keny%C3%A9rmez%C5%91+u.+2,+1081+Hungary/@47.4986668,19.0773066,17z/data=!3m1!4b1!4m6!3m5!1s0x4741dc619e8ac6c9:0x3778fc0fa4d1035f!8m2!3d47.4986668!4d19.0773066!16s%2Fg%2F11tmky26pj?hl=en&entry=ttu&g_ep=EgoyMDI2MDkwOS4wIKXMDSoASAFQAw%3D%3D"
Saja Ker. Bt,DKE1600000173,1106 Budapest 10. ker. Rézvirág utca 2.,2013.07.01,2033.06.30,47.4858061,19.2044582,ok,"Budapest, Rézvirág u. 2, 1106 Hungary","https://www.google.com/maps/place/Budapest,+R%C3%A9zvir%C3%A1g+u.+2,+1106+Hungary/@47.4858061,19.2044582,17z/data=!3m1!4b1!4m6!3m5!1s0x4741c3859b212323:0x1c4942b7a8db0868!8m2!3d47.4858061!4d19.2044582!16s%2Fg%2F11x6r65_ln?hl=en&entry=ttu&g_ep=EgoyMDI2MDkwOS4wIKXMDSoASAFQAw%3D%3D"
Sajó Dániel,DKE1010000124,"1096 Budapest, Haller utca 8-18. B. ép. 1-7. lph. fszt. 4. ajtó",2026.01.28,2033.06.30,47.4766571,19.080343,no_place,,"https://www.google.com/maps/search/1096+Budapest,+Haller+utca+8-18.+B.+%C3%A9p.+1-7.+lph.+fszt.+4.+ajt%C3%B3/@47.4756822,19.0738116,18z/data=!3m1!4b1?hl=en&entry=ttu&g_ep=EgoyMDI2MDkwOS4wIKXMDSoASAFQAw%3D%3D"
Salgó Deán Bt.,DKE8310000028,3104 Salgótarján Budapesti út 57.,2013.07.01,2033.06.30,48.0756657,19.7850998,ok,"Salgótarján, Budapesti út 57, 3104 Hungary","https://www.google.com/maps/place/Salg%C3%B3tarj%C3%A1n,+Budapesti+%C3%BAt+57,+3104+Hungary/@48.0756657,19.7850998,17z/data=!3m1!4b1!4m6!3m5!1s0x474013323f5fb45b:0x4c1cec423162d68c!8m2!3d48.0756657!4d19.7850998!16s%2Fg%2F11lmp9lr3y?hl=en&entry=ttu&g_ep=EgoyMDI2MDkwOS4wIKXMDSoASAFQAw%3D%3D"
Sallayné Soós Piroska,DKE1010000001,1114 Budapest 11. ker. Fadrusz utca 14.,2013.07.01,2033.06.30,47.4754579,19.0430812,ok,"Budapest, Fadrusz u. 14, 1114 Hungary","https://www.google.com/maps/place/Budapest,+Fadrusz+u.+14,+1114+Hungary/@47.4754579,19.0430812,17z/data=!3m1!4b1!4m6!3m5!1s0x4741ddb3fb13fa29:0x3d19118f1202b0bd!8m2!3d47.4754579!4d19.0430812!16s%2Fg%2F11fsw860gq?hl=en&entry=ttu&g_ep=EgoyMDI2MDkwOS4wIKXMDSoASAFQAw%3D%3D"
Samsara Life Bt.,DKE1010000180,"1117 Budapest, Nádorliget utca 5/A. földszint 4. ajtó",2024.10.23,2033.06.30,47.466035,19.0471848,no_place,,"https://www.google.com/maps/search/1117+Budapest,+N%C3%A1dorliget+utca+5%2FA.+f%C3%B6ldszint+4.+ajt%C3%B3/@47.4679111,19.0476814,17z/data=!3m1!4b1?hl=en&entry=ttu&g_ep=EgoyMDI2MDkwOS4wIKXMDSoASAFQAw%3D%3D"
Samsara Life Bt.,DKE1600000168,"1152 Budapest, Régi Fóti út 64.",2021.11.29,2033.06.30,47.561739,19.1225487,ok,"Budapest, Régi Fóti út 64, 1152 Hungary","https://www.google.com/maps/place/Budapest,+R%C3%A9gi+F%C3%B3ti+%C3%BAt+64,+1152+Hungary/@47.561739,19.1225487,17z/data=!3m1!4b1!4m6!3m5!1s0x4741da58eb04d819:0x8c2662713bf5cab2!8m2!3d47.561739!4d19.1225487!16s%2Fg%2F11bw4b74x6?hl=en&entry=ttu&g_ep=EgoyMDI2MDkwOS4wIKXMDSoASAFQAw%3D%3D"
Samsara Life Bt.,DKE1600000184,"1148 Budapest, Vezér utca 148-150.",2021.11.29,2033.06.30,47.5191906,19.126989,ok,"Budapest, Vezér u 148, 1148 Hungary","https://www.google.com/maps/place/Budapest,+Vez%C3%A9r+u+148,+1148+Hungary/@47.5191906,19.126989,17z/data=!3m1!4b1!4m6!3m5!1s0x4741db425f477981:0xca1393ec866239cb!8m2!3d47.5191906!4d19.126989!16s%2Fg%2F11qb0nvtlj?hl=en&entry=ttu&g_ep=EgoyMDI2MDkwOS4wIKXMDSoASAFQAw%3D%3D"
Samsara Life Bt.,DKE1600000187,"1071 Budapest, Király utca 51.",2021.11.29,2033.06.30,47.5021094,19.0631802,no_place,,"https://www.google.com/maps/search/1071+Budapest,+Kir%C3%A1ly+utca+51./@47.5019947,19.0629319,17z/data=!3m1!4b1?hl=en&entry=ttu&g_ep=EgoyMDI2MDkwOS4wIKXMDSoASAFQAw%3D%3D"
Samsara Life Bt.,DKE1700000107,"1135 Budapest, Lehel út 26.",2021.11.29,2033.06.30,47.5243324,19.0751132,ok,"Budapest, Lehel u 26, 1135 Hungary","https://www.google.com/maps/place/Budapest,+Lehel+u+26,+1135+Hungary/@47.5243324,19.0751132,17z/data=!3m1!4b1!4m6!3m5!1s0x4741db8de9b912c3:0x824837d67a7624a3!8m2!3d47.5243324!4d19.0751132!16s%2Fg%2F11q2vxvbmw?hl=en&entry=ttu&g_ep=EgoyMDI2MDkwOS4wIKXMDSoASAFQAw%3D%3D"
Sári Line Bt,DKE1010000184,1191 Budapest 19. ker. Templom tér 21.,2013.07.01,2033.06.30,47.453331,19.1425021,ok,"Budapest, Templom tér 21, 1191 Hungary","https://www.google.com/maps/place/Budapest,+Templom+t%C3%A9r+21,+1191+Hungary/@47.453331,19.1425021,17z/data=!3m1!4b1!4m6!3m5!1s0x4741c2e62e79ec0d:0x4478f71d07a4c972!8m2!3d47.453331!4d19.1425021!16s%2Fg%2F11gm_k4wdx?hl=en&entry=ttu&g_ep=EgoyMDI2MDkwOS4wIKXMDSoASAFQAw%3D%3D"
Satarel Trafik Ker. Bt,DKE1700000180,1042 Budapest 04. ker. Lebstück Mária utca 45.,2013.07.01,2033.06.30,47.5606226,19.0930715,ok,"Budapest, Lebstück Mária u. 45, 1042 Hungary","https://www.google.com/maps/place/Budapest,+Lebst%C3%BCck+M%C3%A1ria+u.+45,+1042+Hungary/@47.5606226,19.0930715,17z/data=!3m1!4b1!4m6!3m5!1s0x4741da37cd35f5a9:0x82162d50840ed672!8m2!3d47.5606226!4d19.0930715!16s%2Fg%2F11nnks8c72?hl=en&entry=ttu&g_ep=EgoyMDI2MDkwOS4wIKXMDSoASAFQAw%3D%3D"
Shepherd Trafik Bt.,DKE1600000231,1077 Budapest 07. ker. Wesselényi utca 61,2013.07.01,2033.06.30,47.5026132,19.0726181,no_place,,"https://www.google.com/maps/search/1077+Budapest+07.+ker.+Wessel%C3%A9nyi+utca+61/@47.5026493,19.0726673,17z/data=!3m1!4b1?hl=en&entry=ttu&g_ep=EgoyMDI2MDkwOS4wIKXMDSoASAFQAw%3D%3D"
Shepherd Trafik Bt.,DKE1600000250,1078 Budapest 07. ker. Nefelejcs utca 7,2013.07.01,2033.06.30,47.5020498,19.0829038,no_place,,"https://www.google.com/maps/search/1078+Budapest+07.+ker.+Nefelejcs+utca+7/@47.4811218,19.1218175,13z/data=!3m1!4b1?hl=en&entry=ttu&g_ep=EgoyMDI2MDkwOS4wIKXMDSoASAFQAw%3D%3D"
Siki-Sori Bt.,DKE1010000308,1239 Budapest 23. ker. Haraszti út 26.,2013.07.01,2033.06.30,47.3903961,19.1125171,ok,"Budapest, Haraszti út 26, 1239 Hungary","https://www.google.com/maps/place/Budapest,+Haraszti+%C3%BAt+26,+1239+Hungary/@47.390524,19.1127037,17z/data=!3m1!4b1!4m6!3m5!1s0x4741e8571ec51b0f:0x17ca9a1ed5e2f621!8m2!3d47.3903961!4d19.1125171!16s%2Fg%2F11bvtc5kmm?hl=en&entry=ttu&g_ep=EgoyMDI2MDkwOS4wIKXMDSoASAFQAw%3D%3D"
Silding Tobacco Bt.,DKE1600000277,"1103 Budapest, Gyömröi út 99.",2026.02.27,2033.06.30,47.4662739,19.1569634,ok,"Budapest, Gyömrői út 99, 1103 Hungary","https://www.google.com/maps/place/Budapest,+Gy%C3%B6mr%C5%91i+%C3%BAt+99,+1103+Hungary/@47.4663142,19.1569765,17z/data=!3m1!4b1!4m6!3m5!1s0x4741c31b8dd077b3:0xb107f2551ff5c1a7!8m2!3d47.4662739!4d19.1569634!16s%2Fg%2F11bw42sbns?hl=en&entry=ttu&g_ep=EgoyMDI2MDkwOS4wIKXMDSoASAFQAw%3D%3D"
Simon Sándorné,DKE1700000058,1046 Budapest 04. ker. Nádor   38. fszt.,2013.07.01,2033.06.30,47.5695037,19.0927428,ok,"Budapest, Nádor u. 38, 1046 Hungary","https://www.google.com/maps/place/Budapest,+N%C3%A1dor+u.+38,+1046+Hungary/@47.5695037,19.0927428,17z/data=!3m1!4b1!4m6!3m5!1s0x4741da3c1feaca4f:0xa616205da839f128!8m2!3d47.5695037!4d19.0927428!16s%2Fg%2F11rp44n3z4?hl=en&entry=ttu&g_ep=EgoyMDI2MDkwOS4wIKXMDSoASAFQAw%3D%3D"
Simonj Cigarette Bt,DKE1010000249,1188 Budapest 18. ker. Nagykőrösi út 35.,2013.07.01,2033.06.30,47.4069344,19.1818628,ok,"Budapest, Nagykőrösi út 35, 1188 Hungary","https://www.google.com/maps/place/Budapest,+Nagyk%C5%91r%C3%B6si+%C3%BAt+35,+1188+Hungary/@47.4069344,19.1818628,17z/data=!3m1!4b1!4m6!3m5!1s0x4741e9fab96a1c8b:0x440d0166a0cce2fa!8m2!3d47.4069344!4d19.1818628!16s%2Fg%2F11sr_ygcrd?hl=en&entry=ttu&g_ep=EgoyMDI2MDkwOS4wIKXMDSoASAFQAw%3D%3D"
Simonj Cigarette Bt,DKE1010000254,1185 Budapest 18. ker. Üllői út 610. hrsz.:159374,2013.07.01,2033.06.30,47.4329917,19.2073788,ok,LeCsó Alapítvány,"https://www.google.com/maps/place/LeCs%C3%B3+Alap%C3%ADtv%C3%A1ny/@47.4329917,19.2073788,17z/data=!3m1!4b1!4m6!3m5!1s0x4741c37b075ff7d3:0xec74bc8f87e3fb4e!8m2!3d47.4329917!4d19.2073788!16s%2Fg%2F11jygq0r8c?hl=en&entry=ttu&g_ep=EgoyMDI2MDkwOS4wIKXMDSoASAFQAw%3D%3D"
Simonj Cigarette Bt,DKE1010000274,1181 Budapest 18. ker. Barta Lajos utca 151159/20.,2013.07.01,2033.06.30,47.4390571,19.1667332,no_place,,"https://www.google.com/maps/search/1181+Budapest+18.+ker.+Barta+Lajos+utca+151159%2F20./@47.4384239,19.1685433,17z/data=!3m1!4b1?hl=en&entry=ttu&g_ep=EgoyMDI2MDkwOS4wIKXMDSoASAFQAw%3D%3D"
Simonj Cigarette Bt,DKE1010000277,1186 Budapest 18. ker. Goroszló utca 15. G-61.,2013.07.01,2033.06.30,47.4321879,19.1740871,no_place,,"https://www.google.com/maps/search/1186+Budapest+18.+ker.+Goroszl%C3%B3+utca+15.+G-61./@47.4298036,19.1751132,17z/data=!3m1!4b1?hl=en&entry=ttu&g_ep=EgoyMDI2MDkwOS4wIKXMDSoASAFQAw%3D%3D"
Simonj Cigarette Bt.,DKE1010000252,"1181 Budapest, Üllői út 459.",2026.03.20,2033.06.30,47.4423941,19.1798762,ok,"Budapest, Üllői út 459, 1181 Hungary","https://www.google.com/maps/place/Budapest,+%C3%9Cll%C5%91i+%C3%BAt+459,+1181+Hungary/@47.4423941,19.1798762,17z/data=!3m1!4b1!4m6!3m5!1s0x4741c244688f0779:0xfb45984f3956750f!8m2!3d47.4423941!4d19.1798762!16s%2Fg%2F11nnv8g5f5?hl=en&entry=ttu&g_ep=EgoyMDI2MDkwOS4wIKXMDSoASAFQAw%3D%3D"
Slikk-Slukk Bt.,DKE1600000320,1173 Budapest 17. ker. Pesti út 4.,2014.12.13,2034.10.07,47.484671,19.2290482,ok,"Budapest, Pesti út 4, 1173 Hungary","https://www.google.com/maps/place/Budapest,+Pesti+%C3%BAt+4,+1173+Hungary/@47.484671,19.2290482,17z/data=!3m1!4b1!4m6!3m5!1s0x4741c3f6c0e564af:0x57f27d968d462ded!8m2!3d47.484671!4d19.2290482!16s%2Fg%2F11fwhm10w8?hl=en&entry=ttu&g_ep=EgoyMDI2MDkwOS4wIKXMDSoASAFQAw%3D%3D"
Smoke City Bt,DKE1010000141,1193 Budapest 19. ker. Üllői út 266.,2013.07.01,2033.06.30,47.4527628,19.1569212,ok,"Budapest, Üllői út 266, 1193 Hungary","https://www.google.com/maps/place/Budapest,+%C3%9Cll%C5%91i+%C3%BAt+266,+1193+Hungary/@47.4527628,19.1569212,17z/data=!3m1!4b1!4m6!3m5!1s0x4741c2fa537d2707:0x241833843e5a6faf!8m2!3d47.4527628!4d19.1569212!16s%2Fg%2F11jn4fcf73?hl=en&entry=ttu&g_ep=EgoyMDI2MDkwOS4wIKXMDSoASAFQAw%3D%3D"
Smoke City Bt,DKE1010000146,"1203 Budapest, Kossuth Lajos utca 33. hrsz. 170204/97.",2022.07.29,2033.06.30,47.435287,19.0986446,no_place,,"https://www.google.com/maps/search/1203+Budapest,+Kossuth+Lajos+utca+33.+hrsz.+170204%2F97./@47.4717568,19.0740125,13z/data=!3m1!4b1?hl=en&entry=ttu&g_ep=EgoyMDI2MDkwOS4wIKXMDSoASAFQAw%3D%3D"
Smoke City Bt,DKE1600000082,1146 Budapest 14. ker. Thököly utca 96.,2013.07.01,2033.06.30,47.5103677,19.0969207,ok,"Budapest, Thököly út 96, 1146 Hungary","https://www.google.com/maps/place/Budapest,+Th%C3%B6k%C3%B6ly+%C3%BAt+96,+1146+Hungary/@47.5103677,19.0969207,17z/data=!3m1!4b1!4m6!3m5!1s0x4741dc8218bed9d9:0x3b51399286c83593!8m2!3d47.5103677!4d19.0969207!16s%2Fg%2F11jn4dg8ds?hl=en&entry=ttu&g_ep=EgoyMDI2MDkwOS4wIKXMDSoASAFQAw%3D%3D"
Smoke Shop Bt,DKE1010000082,"1203 Budapest, Kossuth Lajos utca 33.",2023.09.18,2033.06.30,47.4375937,19.1024401,ok,"Budapest, Kossuth Lajos utca 33, 1203 Hungary","https://www.google.com/maps/place/Budapest,+Kossuth+Lajos+utca+33,+1203+Hungary/@47.4375937,19.1024401,17z/data=!3m1!4b1!4m6!3m5!1s0x4741c2adbaeb3607:0x3b1dc2b39ac15b0e!8m2!3d47.4375937!4d19.1024401!16s%2Fg%2F11pyl797dl?hl=en&entry=ttu&g_ep=EgoyMDI2MDkxMy4wIKXMDSoASAFQAw%3D%3D"
Smoke Shop Bt,DKE1010000139,"1184 Budapest, Lakatos út 7.",2023.09.18,2033.06.30,47.4505196,19.1727058,ok,"Budapest, Lakatos út 7, 1184 Hungary","https://www.google.com/maps/place/Budapest,+Lakatos+%C3%BAt+7,+1184+Hungary/@47.4505196,19.1727058,17z/data=!3m1!4b1!4m6!3m5!1s0x4741c256d127fc51:0x707f674f612a5840!8m2!3d47.4505196!4d19.1727058!16s%2Fg%2F11rjqn02x9?hl=en&entry=ttu&g_ep=EgoyMDI2MDkwOS4wIKXMDSoASAFQAw%3D%3D"
Smoke Trainer 93 Bt,DKE1600000042,1158 Budapest 15. ker. Drégelyvár utca 57-63.,2013.07.01,2033.06.30,47.5352868,19.1331322,ok,"Budapest, XV. KER, Drégelyvár u. 57-63, 1158 Hungary","https://www.google.com/maps/place/Budapest,+XV.+KER,+Dr%C3%A9gelyv%C3%A1r+u.+57-63,+1158+Hungary/@47.5352868,19.1331322,17z/data=!3m1!4b1!4m6!3m5!1s0x4741db17855bdcd9:0xfe3ba4d5b0b2d65!8m2!3d47.5352868!4d19.1331322!16s%2Fg%2F11k9hh24x4?hl=en&entry=ttu&g_ep=EgoyMDI2MDkwOS4wIKXMDSoASAFQAw%3D%3D"
Smokefull Bt,DKE1010000073,1214 Budapest 21. ker. Vas Gereben utca 1,2013.07.01,2033.06.30,47.4126798,19.057551,ok,"Budapest, Vas Gereben u. 1, 1214 Hungary","https://www.google.com/maps/place/Budapest,+Vas+Gereben+u.+1,+1214+Hungary/@47.4126798,19.057551,17z/data=!3m1!4b1!4m6!3m5!1s0x4741e7c15c81330f:0x34e9e2a07a16ee28!8m2!3d47.4126798!4d19.057551!16s%2Fg%2F11c2dx524b?hl=en&entry=ttu&g_ep=EgoyMDI2MDkxMy4wIKXMDSoASAFQAw%3D%3D"
Snüssz Trafik Bt.,DKE1600000216,"1083 Budapest, Baross utca 111.",2022.09.01,2033.06.30,47.4884222,19.0828972,ok,"Budapest, Baross u 111, 1083 Hungary","https://www.google.com/maps/place/Budapest,+Baross+u+111,+1083+Hungary/@47.4884222,19.0828972,17z/data=!3m1!4b1!4m6!3m5!1s0x4741dcf15fcf812b:0x7a0a687c92fcea05!8m2!3d47.4884222!4d19.0828972!16s%2Fg%2F11j6zk5t7t?hl=en&entry=ttu&g_ep=EgoyMDI2MDkwOS4wIKXMDSoASAFQAw%3D%3D"
Snüssz Trafik Bt.,DKE1700000151,"1039 Budapest, Hatvany Lajos utca 10.",2022.09.01,2033.06.30,47.5994497,19.0644559,ok,"Budapest, Hatvany Lajos u. 10, 1039 Hungary","https://www.google.com/maps/place/Budapest,+Hatvany+Lajos+u.+10,+1039+Hungary/@47.5994497,19.0644559,17z/data=!3m1!4b1!4m6!3m5!1s0x4741d75f9a7e453d:0x21e395d757d46aba!8m2!3d47.5994497!4d19.0644559!16s%2Fg%2F11fb0f5l3b?hl=en&entry=ttu&g_ep=EgoyMDI2MDkxMy4wIKXMDSoASAFQAw%3D%3D"
Snüssz Trafik Bt.,DKE1700000152,"1035 Budapest, Vihar utca 17.",2022.09.01,2033.06.30,47.5462869,19.0381778,ok,"Budapest, Vihar u. 17, 1035 Hungary","https://www.google.com/maps/place/Budapest,+Vihar+u.+17,+1035+Hungary/@47.5462869,19.0381778,17z/data=!3m1!4b1!4m6!3m5!1s0x4741d968b95e4119:0xbab34844bf683d82!8m2!3d47.5462869!4d19.0381778!16s%2Fg%2F11jn4dzsmm?hl=en&entry=ttu&g_ep=EgoyMDI2MDkwOS4wIKXMDSoASAFQAw%3D%3D"
Soel Trafik Bt,DKE1600000143,1157 Budapest 15. ker. Erdőkerülő út 1-7,2013.07.01,2033.06.30,47.5393449,19.1463406,ok,"Budapest, Erdőkerülő u. 1-7, 1157 Hungary","https://www.google.com/maps/place/Budapest,+Erd%C5%91ker%C3%BCl%C5%91+u.+1-7,+1157+Hungary/@47.5393449,19.1463406,17z/data=!3m1!4b1!4m6!3m5!1s0x4741db26b2985891:0x97bf20f02c6f1eb1!8m2!3d47.5393449!4d19.1463406!16s%2Fg%2F11l5kkvckh?hl=en&entry=ttu&g_ep=EgoyMDI2MDkwOS4wIKXMDSoASAFQAw%3D%3D"
Soká Team Plus Bt.,DKE1010000158,1211 Budapest 21. ker. Kossuth Lajos utca 70.,2013.07.01,2033.06.30,47.4280984,19.0703701,ok,"Budapest, Kossuth Lajos u. 70, 1211 Hungary","https://www.google.com/maps/place/Budapest,+Kossuth+Lajos+u.+70,+1211+Hungary/@47.4280984,19.0703701,17z/data=!3m1!4b1!4m6!3m5!1s0x4741e7f16c73d64d:0x6f5de21686823bce!8m2!3d47.4280984!4d19.0703701!16s%2Fg%2F11k5174l1x?hl=en&entry=ttu&g_ep=EgoyMDI2MDkwOS4wIKXMDSoASAFQAw%3D%3D"
Soká Team Plus Bt.,DKE1010000161,1211 Budapest 21. ker. Karácsony Sándor utca 10/A.,2013.07.01,2033.06.30,47.4269958,19.0688668,ok,"Budapest, Karácsony Sándor u. 10/A, 1211 Hungary","https://www.google.com/maps/place/Budapest,+Kar%C3%A1csony+S%C3%A1ndor+u.+10%2FA,+1211+Hungary/@47.4269958,19.0688668,17z/data=!3m1!4b1!4m6!3m5!1s0x4741e7f184e40551:0xb965e440266c6aa!8m2!3d47.4269958!4d19.0688668!16s%2Fg%2F11fwhmkqz3?hl=en&entry=ttu&g_ep=EgoyMDI2MDkxMy4wIKXMDSoASAFQAw%3D%3D"
Soká Team Plus Bt.,DKE1010000171,1211 Budapest 21. ker. Karácsony Sándor utca 19.,2013.07.01,2033.06.30,47.4266516,19.0687837,ok,"Budapest, Karácsony Sándor u. 19, 1211 Hungary","https://www.google.com/maps/place/Budapest,+Kar%C3%A1csony+S%C3%A1ndor+u.+19,+1211+Hungary/@47.4266516,19.0687837,17z/data=!3m1!4b1!4m6!3m5!1s0x4741e7f191d52c87:0xd7d40184ea6577fe!8m2!3d47.4266516!4d19.0687837!16s%2Fg%2F11jn4f5z85?hl=en&entry=ttu&g_ep=EgoyMDI2MDkxMy4wIKXMDSoASAFQAw%3D%3D"
Spisák Barbara,DKE1600000121,1158 Budapest 15. ker. Drégelyvár - Molnár Viktor utca sarok,2013.07.01,2033.06.30,47.5337938,19.1309476,ok,"Budapest, Molnár Viktor u. & Drégelyvár u., 1158 Hungary","https://www.google.com/maps/place/Budapest,+Moln%C3%A1r+Viktor+u.+%26+Dr%C3%A9gelyv%C3%A1r+u.,+1158+Hungary/@47.5337938,19.1309476,17z/data=!3m1!4b1!4m6!3m5!1s0x4741db170031acf5:0x155b08f1173fa81b!8m2!3d47.5337938!4d19.1309476!16s%2Fg%2F11gdzm7kmh?hl=en&entry=ttu&g_ep=EgoyMDI2MDkxMy4wIKXMDSoASAFQAw%3D%3D"
Suhajda Tabak Bt,DKE1010000296,1237 Budapest 23. ker. Grassalkovich utca 37.,2013.07.15,2033.06.30,47.4097014,19.1121256,ok,"Budapest, Grassalkovich út 37, 1238 Hungary","https://www.google.com/maps/place/Budapest,+Grassalkovich+%C3%BAt+37,+1238+Hungary/@47.4097014,19.1121256,17z/data=!3m1!4b1!4m6!3m5!1s0x4741e83f02301215:0x8829b974823ff135!8m2!3d47.4097014!4d19.1121256!16s%2Fg%2F11pw3jrn4g?hl=en&entry=ttu&g_ep=EgoyMDI2MDkxMy4wIKXMDSoASAFQAw%3D%3D"
Summum Trafik Bt.,DKE1700000016,"1021 Budapest, Hűvösvölgyi út 138.",2022.12.21,2033.06.30,47.5376818,18.9667236,ok,"Budapest, Hűvösvölgyi út 138, 1021 Hungary","https://www.google.com/maps/place/Budapest,+H%C5%B1v%C3%B6sv%C3%B6lgyi+%C3%BAt+138,+1021+Hungary/@47.5376818,18.9667236,17z/data=!3m1!4b1!4m6!3m5!1s0x4741d8cc0a8d998f:0x522fc0baa3d4367d!8m2!3d47.5376818!4d18.9667236!16s%2Fg%2F11c5qd_4js?hl=en&entry=ttu&g_ep=EgoyMDI2MDkwOS4wIKXMDSoASAFQAw%3D%3D"
Sun Leaves Tobacco Bt,DKE1600000274,1165 Budapest 16. ker. Centenárium sétány 16-24.,2013.07.01,2033.06.30,47.5168585,19.1848406,ok,"Budapest, Centenáriumi stny. 16, 1165 Hungary","https://www.google.com/maps/place/Budapest,+Centen%C3%A1riumi+stny.+16,+1165+Hungary/@47.5168585,19.1848406,17z/data=!3m1!4b1!4m6!3m5!1s0x4741c4eacb6d0b4b:0x21c8284af680a647!8m2!3d47.5168585!4d19.1848406!16s%2Fg%2F11j6zjvslq?hl=en&entry=ttu&g_ep=EgoyMDI2MDkxMy4wIKXMDSoASAFQAw%3D%3D"
Sun Leaves Tobacco Bt,DKE1700000194,1051 Budapest 05. ker. József A. utca 16.,2013.07.01,2033.06.30,47.4693192,19.1103322,no_place,,"https://www.google.com/maps/search/1051+Budapest+05.+ker.+J%C3%B3zsef+A.+utca+16./@47.5139314,19.0589154,13z/data=!3m1!4b1?hl=en&entry=ttu&g_ep=EgoyMDI2MDkxMy4wIKXMDSoASAFQAw%3D%3D"
Szabadka Bt.,DKE1010000015,1191 Budapest 19. ker. Simonyi Zsigmond utca 31.,2013.07.01,2033.06.30,47.4602229,19.1515779,ok,"Budapest, Simonyi Zsigmond u 31, 1191 Hungary","https://www.google.com/maps/place/Budapest,+Simonyi+Zsigmond+u+31,+1191+Hungary/@47.4602229,19.1515779,17z/data=!3m1!4b1!4m6!3m5!1s0x4741c2e2190ed55b:0xb4396750e921514a!8m2!3d47.4602229!4d19.1515779!16s%2Fg%2F11pzthdh0c?hl=en&entry=ttu&g_ep=EgoyMDI2MDkxMy4wIKXMDSoASAFQAw%3D%3D"
Szabal Trafik Bt,DKE1600000263,1152 Budapest 15. ker. Szentmihályi út 167-169.,2013.07.01,2033.06.30,47.5490486,19.1482815,ok,"Budapest, Szentmihályi út 167, 1152 Hungary","https://www.google.com/maps/place/Budapest,+Szentmih%C3%A1lyi+%C3%BAt+167,+1152+Hungary/@47.5487289,19.1478832,17z/data=!3m1!4b1!4m6!3m5!1s0x4741dadddf363349:0xecaeeee704622df5!8m2!3d47.5490486!4d19.1482815!16s%2Fg%2F11z9f45dcs?hl=en&entry=ttu&g_ep=EgoyMDI2MDkxMy4wIKXMDSoASAFQAw%3D%3D"
Szabal Trafik Bt,DKE1700000096,1044 Budapest 04. ker. Garam utca 3.,2013.07.01,2033.06.30,47.5698847,19.0789513,ok,"Budapest, Garam u. 3, 1044 Hungary","https://www.google.com/maps/place/Budapest,+Garam+u.+3,+1044+Hungary/@47.570135,19.0788748,17z/data=!3m1!4b1!4m6!3m5!1s0x4741da240083e207:0xf19cccf41dac553b!8m2!3d47.5698847!4d19.0789513!16s%2Fg%2F11bw3xkxjd?hl=en&entry=ttu&g_ep=EgoyMDI2MDkxMy4wIKXMDSoASAFQAw%3D%3D"
Szabó-Sartoriale Tobacco Bt.,DKE1010000043,1182 Budapest 18. ker. Üllői út 661.,2013.07.01,2033.06.30,47.4340181,19.2024152,ok,"Budapest, Üllői út 661, 1185 Hungary","https://www.google.com/maps/place/Budapest,+%C3%9Cll%C5%91i+%C3%BAt+661,+1185+Hungary/@47.4340181,19.2024152,17z/data=!3m1!4b1!4m6!3m5!1s0x4741c222f6f14553:0xb5d74a9ab145c63b!8m2!3d47.4340181!4d19.2024152!16s%2Fg%2F11j8w420r2?hl=en&entry=ttu&g_ep=EgoyMDI2MDkxMy4wIKXMDSoASAFQAw%3D%3D"
Szászik Duó Bt,DKE1010000324,"1186 Budapest, Csontváry Kosztka Tivadar utca 46.",2022.09.02,2034.09.23,47.4357742,19.167679,ok,"Budapest, Csontváry Kosztka Tivadar u. 46, 1181 Hungary","https://www.google.com/maps/place/Budapest,+Csontv%C3%A1ry+Kosztka+Tivadar+u.+46,+1181+Hungary/@47.4357742,19.167679,17z/data=!3m1!4b1!4m6!3m5!1s0x4741c3e01cb9ede5:0x50dc97958bd98afd!8m2!3d47.4357742!4d19.167679!16s%2Fg%2F11wxrjg4r7?hl=en&entry=ttu&g_ep=EgoyMDI2MDkxMy4wIKXMDSoASAFQAw%3D%3D"
SZEGO-TOBACCO Bt.,DKE1600000062,"1151 Budapest, Károlyi Sándor út 126.",2024.02.14,2033.06.30,47.5806037,19.1274393,ok,"Budapest, Károlyi Sándor út 126, 1151 Hungary","https://www.google.com/maps/place/Budapest,+K%C3%A1rolyi+S%C3%A1ndor+%C3%BAt+126,+1151+Hungary/@47.5806037,19.1274393,17z/data=!3m1!4b1!4m6!3m5!1s0x4741da7baf6146a7:0x88082037be49c944!8m2!3d47.5806037!4d19.1274393!16s%2Fg%2F11snqw37jp?hl=en&entry=ttu&g_ep=EgoyMDI2MDkxMy4wIKXMDSoASAFQAw%3D%3D"
SZEGO-TOBACCO Bt.,DKE1600000063,"1149 Budapest, Egressy út 108.",2022.12.15,2033.06.30,47.514011,19.11843,ok,"Budapest, Egressy út 108, 1149 Hungary","https://www.google.com/maps/place/Budapest,+Egressy+%C3%BAt+108,+1149+Hungary/@47.514011,19.11843,17z/data=!3m1!4b1!4m6!3m5!1s0x4741db673c963973:0x2bda3c8b034d3eea!8m2!3d47.514011!4d19.11843!16s%2Fg%2F11dzpmyns0?hl=en&entry=ttu&g_ep=EgoyMDI2MDkxMy4wIKXMDSoASAFQAw%3D%3D"
Székely Izabella Etelka,DKE1010000008,"1203 Budapest, Széchenyi utca 3-5. C. lépcsőház földszint",2026.05.15,2033.06.30,47.4391835,19.1019426,ok,"Budapest, Széchenyi u. 3-5-C. lépcsőház, 1203 Hungary","https://www.google.com/maps/place/Budapest,+Sz%C3%A9chenyi+u.+3-5-C.+l%C3%A9pcs%C5%91h%C3%A1z,+1203+Hungary/@47.4391835,19.1019426,17z/data=!3m1!4b1!4m5!3m4!1s0x4741c2ad62db66bd:0x442dee936b4d65d8!8m2!3d47.4391835!4d19.1019426?hl=en&entry=ttu&g_ep=EgoyMDI2MDkxMy4wIKXMDSoASAFQAw%3D%3D"
Szemerédi Zsanett,DKE1700000008,1037 Budapest 03. ker. Bécsi út 319.,2013.07.01,2033.06.30,47.553687,19.0281633,no_place,,"https://www.google.com/maps/search/1037+Budapest+03.+ker.+B%C3%A9csi+%C3%BAt+319./@47.5574702,19.036328,13z/data=!3m1!4b1?hl=en&entry=ttu&g_ep=EgoyMDI2MDkxMy4wIKXMDSoASAFQAw%3D%3D"
Szendi Szilvia,DKE1010000072,1201 Budapest 20. ker. Vörösmarty utca 72-76,2013.07.01,2033.06.30,47.4306393,19.1086823,ok,"Budapest, Vörösmarty u. 72-76, 1201 Hungary","https://www.google.com/maps/place/Budapest,+V%C3%B6r%C3%B6smarty+u.+72-76,+1201+Hungary/@47.4306393,19.1086823,17z/data=!3m1!4b1!4m6!3m5!1s0x4741c2a62d77f96b:0x5e417057ad8a5f39!8m2!3d47.4306393!4d19.1086823!16s%2Fg%2F11trfc4yg_?hl=en&entry=ttu&g_ep=EgoyMDI2MDkxMy4wIKXMDSoASAFQAw%3D%3D"
Szerencse-Füst Bt.,DKE1600000048,"1163 Budapest, Timur utca 96.",2022.12.15,2033.06.30,47.536802,19.2013972,ok,"Budapest, Timur u. 96, 1162 Hungary","https://www.google.com/maps/place/Budapest,+Timur+u.+96,+1162+Hungary/@47.536802,19.2013972,17z/data=!3m1!4b1!4m6!3m5!1s0x4741c51e587f18ff:0x524009f65b23d48b!8m2!3d47.536802!4d19.2013972!16s%2Fg%2F11rg606dr1?hl=en&entry=ttu&g_ep=EgoyMDI2MDkxMy4wIKXMDSoASAFQAw%3D%3D"
Szij József Máté,DKE1600000064,"1171 Budapest, Zrínyi út - Pesti út sarok 1.",2025.05.14,2033.06.30,,,no_place,,"https://www.google.com/maps/search/1171+Budapest,+Zr%C3%ADnyi+%C3%BAt+-+Pesti+%C3%BAt+sarok+1./@47.4919566,19.1456524,12z/data=!3m1!4b1?hl=en&entry=ttu&g_ep=EgoyMDI2MDkxMy4wIKXMDSoASAFQAw%3D%3D"
Szíj József Máté,DKE1600000065,1171 Budapest 17. ker. Ujlak-Sima utca sarok 0.,2023.03.16,2033.06.30,,,no_place,,"https://www.google.com/maps/search/1171+Budapest+17.+ker.+Ujlak-Sima+utca+sarok+0./@47.482035,19.232254,17z/data=!3m1!4b1?hl=en&entry=ttu&g_ep=EgoyMDI2MDkxMy4wIKXMDSoASAFQAw%3D%3D"
Szijártó Tobacco Bt,DKE1010000100,1095 Budapest 09. ker. Boráros téri aluljáró felső szint 3.,2013.07.01,2033.06.30,,,no_place,,"https://www.google.com/maps/search/1095+Budapest+09.+ker.+Bor%C3%A1ros+t%C3%A9ri+alulj%C3%A1r%C3%B3+fels%C5%91+szint+3./@47.4790769,19.0670966,17z/data=!3m1!4b1?hl=en&entry=ttu&g_ep=EgoyMDI2MDkxMy4wIKXMDSoASAFQAw%3D%3D"
Szijártó Tobacco Bt,DKE1600000109,1086 Budapest 08. ker. Teleki László tér 8-9 fsz 22.,2013.07.01,2033.06.30,47.4929873,19.084696,ok,Teleki Dental,"https://www.google.com/maps/place/Teleki+Dental/@47.4929873,19.084696,17z/data=!3m1!4b1!4m6!3m5!1s0x4741dddeef2887f7:0xe668d6916a2c0100!8m2!3d47.4929873!4d19.084696!16s%2Fg%2F11j0w7xz6z?hl=en&entry=ttu&g_ep=EgoyMDI2MDkxMy4wIKXMDSoASAFQAw%3D%3D"
Szijj Sándor,DKE1010000102,"1223 Budapest, Kelenvölgyi utca 4.",2023.05.19,2033.06.30,47.430586,19.0038031,ok,"Budapest, Kelenvölgyi u. 4, 1223 Hungary","https://www.google.com/maps/place/Budapest,+Kelenv%C3%B6lgyi+u.+4,+1223+Hungary/@47.430586,19.0038031,17z/data=!3m1!4b1!4m6!3m5!1s0x4741e741fdba0a01:0xbd84daeb3febbfa5!8m2!3d47.430586!4d19.0038031!16s%2Fg%2F11zbqjt4zs?hl=en&entry=ttu&g_ep=EgoyMDI2MDkxMy4wIKXMDSoASAFQAw%3D%3D"
Szikra Trafik Bt.,DKE1010000163,1192 Budapest 19. ker. Kós Károly tér 1.,2013.07.01,2033.06.30,47.4562716,19.1273205,ok,"Budapest, Kós Károly tér 1, 1192 Hungary","https://www.google.com/maps/place/Budapest,+K%C3%B3s+K%C3%A1roly+t%C3%A9r+1,+1192+Hungary/@47.4562716,19.1273205,17z/data=!3m1!4b1!4m6!3m5!1s0x4741c2dab88046a5:0xeecc7f7a96dcc220!8m2!3d47.4562716!4d19.1273205!16s%2Fg%2F11nnkwn_gf?hl=en&entry=ttu&g_ep=EgoyMDI2MDkxMy4wIKXMDSoASAFQAw%3D%3D"
Szikra Trafik Bt.,DKE1010000166,1212 Budapest 21. ker. II. Rákóczi Ferenc utca 167.,2013.07.01,2033.06.30,47.4220601,19.06563,ok,"Budapest, II. Rákóczi Ferenc út 167, 1212 Hungary","https://www.google.com/maps/place/Budapest,+II.+R%C3%A1k%C3%B3czi+Ferenc+%C3%BAt+167,+1212+Hungary/@47.4220601,19.06563,17z/data=!3m1!4b1!4m6!3m5!1s0x4741e7ee9087b883:0xa67050e6b048f40e!8m2!3d47.4220601!4d19.06563!16s%2Fg%2F11fwhm5knh?hl=en&entry=ttu&g_ep=EgoyMDI2MDkxMy4wIKXMDSoASAFQAw%3D%3D"
Szirák Dohány Bt,DKE1700000102,1139 Budapest 13. ker. Fáy utca 4.,2013.07.01,2033.06.30,47.5380085,19.0706598,ok,"Budapest, Fáy u. 4, 1139 Hungary","https://www.google.com/maps/place/Budapest,+F%C3%A1y+u.+4,+1139+Hungary/@47.5380085,19.0706598,17z/data=!3m1!4b1!4m6!3m5!1s0x4741dbc224530ca5:0x75602a265506c07a!8m2!3d47.5380085!4d19.0706598!16s%2Fg%2F11pzt55rzt?hl=en&entry=ttu&g_ep=EgoyMDI2MDkxMy4wIKXMDSoASAFQAw%3D%3D"
Szirák Dohány Bt,DKE1700000239,1137 Budapest 13. ker. Szent István körút 20,2013.07.09,2033.06.30,47.5116595,19.0527797,ok,"Budapest, Szent István krt. 20, 1137 Hungary","https://www.google.com/maps/place/Budapest,+Szent+Istv%C3%A1n+krt.+20,+1137+Hungary/@47.5116595,19.0527797,17z/data=!3m1!4b1!4m6!3m5!1s0x4741dc0db01f317d:0xaecfb1e82cca2189!8m2!3d47.5116595!4d19.0527797!16s%2Fg%2F11tcq1hcjv?hl=en&entry=ttu&g_ep=EgoyMDI2MDkxMy4wIKXMDSoASAFQAw%3D%3D"
Szivar Torony CASTLE Bt.,DKE1700000105,"1054 Budapest, Báthory utca 8.",2020.09.02,2033.06.30,47.5061661,19.0504875,ok,"Budapest, Báthory utca 8, 1052 Hungary","https://www.google.com/maps/place/Budapest,+B%C3%A1thory+utca+8,+1052+Hungary/@47.5061661,19.0504875,17z/data=!3m1!4b1!4m6!3m5!1s0x4741dc13c6723b9f:0x5e14028259955b3a!8m2!3d47.5061661!4d19.0504875!16s%2Fg%2F11p106gmh6?hl=en&entry=ttu&g_ep=EgoyMDI2MDkxMy4wIKXMDSoASAFQAw%3D%3D"
Szivar Torony CASTLE Bt.,DKE1700000106,"1051 Budapest, Nádor utca 14. földszint",2024.12.09,2033.06.30,47.5008749,19.04815,ok,"Budapest, Nádor u. 14, 1051 Hungary","https://www.google.com/maps/place/Budapest,+N%C3%A1dor+u.+14,+1051+Hungary/@47.5008749,19.04815,17z/data=!3m1!4b1!4m6!3m5!1s0x4741dc15a2a68581:0x573f43fcc60b6616!8m2!3d47.5008749!4d19.04815!16s%2Fg%2F11x7909z_7?hl=en&entry=ttu&g_ep=EgoyMDI2MDkxMy4wIKXMDSoASAFQAw%3D%3D"
Szivar Torony City Bt,DKE1700000095,1051 Budapest 05. ker. Hercegprímás utca 2.,2013.07.01,2033.06.30,47.5018514,19.0526753,ok,Belváros-Lipótváros Health Service (BLESZ),"https://www.google.com/maps/place/Belv%C3%A1ros-Lip%C3%B3tv%C3%A1ros+Health+Service+(BLESZ)/@47.5018514,19.0526753,17z/data=!3m1!4b1!4m6!3m5!1s0x4741dc14d114cb85:0x5f2b0e8d3c1cf16b!8m2!3d47.5018514!4d19.0526753!16s%2Fg%2F1tfkv2db?hl=en&entry=ttu&g_ep=EgoyMDI2MDkxMy4wIKXMDSoASAFQAw%3D%3D"
Szivar Torony City Bt,DKE1700000135,1052 Budapest 05. ker. Régiposta utca 7-9.,2013.07.01,2033.06.30,,,no_place,,"https://www.google.com/maps/search/1052+Budapest+05.+ker.+R%C3%A9giposta+utca+7-9./@47.4944335,19.0521681,17z/data=!3m1!4b1?hl=en&entry=ttu&g_ep=EgoyMDI2MDkxMy4wIKXMDSoASAFQAw%3D%3D"
Szivar Torony City Bt,DKE1700000136,1051 Budapest 05. ker. Erzsébet tér 7-8,2013.07.01,2033.06.30,47.497422,19.0522362,ok,Kempinski Hotel Corvinus Budapest,"https://www.google.com/maps/place/Kempinski+Hotel+Corvinus+Budapest/@47.497422,19.0522362,17z/data=!4m9!3m8!1s0x4741dc406a72794b:0x40a9da3d7bb17384!5m2!4m1!1i2!8m2!3d47.497422!4d19.0522362!16s%2Fm%2F0gjb1z1?hl=en&entry=ttu&g_ep=EgoyMDI2MDkxMy4wIKXMDSoASAFQAw%3D%3D"
Szivar Torony City Bt,DKE1700000245,1052 Budapest 05. ker. Ferenciek tere 10.,2013.10.03,2033.06.30,47.4933174,19.05524,ok,Cinema Mystica Budapest,"https://www.google.com/maps/place/Cinema+Mystica+Budapest/@47.4933174,19.05524,17z/data=!3m1!4b1!4m6!3m5!1s0x4741dd14b3bbb5d3:0x54d46456a777d4c7!8m2!3d47.4933174!4d19.05524!16s%2Fg%2F11kqf0lfcj?hl=en&entry=ttu&g_ep=EgoyMDI2MDkxMy4wIKXMDSoASAFQAw%3D%3D"
Szivar Torony River Bt.,DKE1700000111,1052 Budapest 05. ker. Deák tér metróállomás felszíni csarnok,2013.07.01,2033.06.30,,,no_place,,"https://www.google.com/maps/search/1052+Budapest+05.+ker.+De%C3%A1k+t%C3%A9r+metr%C3%B3%C3%A1llom%C3%A1s+felsz%C3%ADni+csarnok/@47.4971683,19.0532573,18z/data=!3m1!4b1?hl=en&entry=ttu&g_ep=EgoyMDI2MDkxMy4wIKXMDSoASAFQAw%3D%3D"
Szondi Trafik Bt.,DKE1600000244,1063 Budapest 06. ker. Izabella utca 81.,2013.07.01,2033.06.30,47.510154,19.0642053,ok,"Budapest, Izabella u. 81, 1064 Hungary","https://www.google.com/maps/place/Budapest,+Izabella+u.+81,+1064+Hungary/@47.510154,19.0642053,17z/data=!3m1!4b1!4m6!3m5!1s0x4741dc73b737b695:0x9c2448f314ce9b9e!8m2!3d47.510154!4d19.0642053!16s%2Fg%2F11csm2qg1x?hl=en&entry=ttu&g_ep=EgoyMDI2MDkxMy4wIKXMDSoASAFQAw%3D%3D"
Sztanó és Társa Bt.,DKE1600000128,1088 Budapest 08. ker. Rákóczi út 1-3.,2013.07.01,2033.06.30,47.494195,19.0607639,ok,"Budapest, Rákóczi út 1 3, 1088 Hungary","https://www.google.com/maps/place/Budapest,+R%C3%A1k%C3%B3czi+%C3%BAt+1+3,+1088+Hungary/@47.494195,19.0607639,17z/data=!3m1!4b1!4m6!3m5!1s0x4741dc4317a0366b:0x5263cabdcdca4916!8m2!3d47.494195!4d19.0607639!16s%2Fg%2F11q2nbz2_1?hl=en&entry=ttu&g_ep=EgoyMDI2MDkxMy4wIKXMDSoASAFQAw%3D%3D"
Sztanó és Társa Bt.,DKE1600000159,1067 Budapest 06. ker. Hunyadi tér 2.,2013.07.01,2033.06.30,47.5057228,19.0661461,ok,"Budapest, Hunyadi tér 2, 1067 Hungary","https://www.google.com/maps/place/Budapest,+Hunyadi+t%C3%A9r+2,+1067+Hungary/@47.5057228,19.0661461,17z/data=!3m1!4b1!4m6!3m5!1s0x4741dc6e37092d51:0x98e53366ce9c7de6!8m2!3d47.5057228!4d19.0661461!16s%2Fg%2F11zcgq787r?hl=en&entry=ttu&g_ep=EgoyMDI2MDkxMy4wIKXMDSoASAFQAw%3D%3D"
Szulimán Tobacco Bt,DKE1600000149,1073 Budapest 07. ker. Dob utca 66.,2013.07.01,2033.06.30,47.5023218,19.0676122,ok,"Budapest, Dob u. 66, 1073 Hungary","https://www.google.com/maps/place/Budapest,+Dob+u.+66,+1073+Hungary/@47.5023218,19.0676122,17z/data=!3m1!4b1!4m6!3m5!1s0x4741dc6f5ca6f82d:0xfddc02c5221aa9d8!8m2!3d47.5023218!4d19.0676122!16s%2Fg%2F11fsvkcc7g?hl=en&entry=ttu&g_ep=EgoyMDI2MDkxMy4wIKXMDSoASAFQAw%3D%3D"
Szulimán Tobacco Bt,DKE1600000258,"1146 Budapest, Kacsóh Pongrác út 9-23.",2023.02.17,2033.06.30,47.5186864,19.0869296,ok,"Budapest, Kacsóh Pongrác út 9, 1146 Hungary","https://www.google.com/maps/place/Budapest,+Kacs%C3%B3h+Pongr%C3%A1c+%C3%BAt+9,+1146+Hungary/@47.5186864,19.0869296,17z/data=!3m1!4b1!4m5!3m4!1s0x4741db8402d08ef5:0xeda8f3ebb31e7202!8m2!3d47.5186864!4d19.0869296?hl=en&entry=ttu&g_ep=EgoyMDI2MDkxMy4wIKXMDSoASAFQAw%3D%3D"
Szulimán Tobacco Bt,DKE1700000128,1136 Budapest 13. ker. Hollán Ernő utca 4.,2013.07.01,2033.06.30,47.513452,19.0493705,ok,"Budapest, Hollán Ernő u. 4, 1136 Hungary","https://www.google.com/maps/place/Budapest,+Holl%C3%A1n+Ern%C5%91+u.+4,+1136+Hungary/@47.513452,19.0493705,17z/data=!3m1!4b1!4m6!3m5!1s0x4741dc0f22abfbfd:0xf8e9aa773c00c2e7!8m2!3d47.513452!4d19.0493705!16s%2Fg%2F11p5tqn3n4?hl=en&entry=ttu&g_ep=EgoyMDI2MDkxMy4wIKXMDSoASAFQAw%3D%3D"
Tabac 4 You Bt.,DKE1700000160,"1034 Budapest, Szentlélek tér 3.",2021.11.22,2033.06.30,47.5400233,19.0468057,ok,"Budapest, Szentlélek tér 3, 1033 Hungary","https://www.google.com/maps/place/Budapest,+Szentl%C3%A9lek+t%C3%A9r+3,+1033+Hungary/@47.5400233,19.0468057,17z/data=!3m1!4b1!4m6!3m5!1s0x4741d95fd22337c3:0x454bf8b2e4d7e040!8m2!3d47.5400233!4d19.0468057!16s%2Fg%2F11j6zkzgtt?hl=en&entry=ttu&g_ep=EgoyMDI2MDkxMy4wIKXMDSoASAFQAw%3D%3D"
Tabac 4 You Bt.,DKE1700000115,"1033 Budapest, Szentendrei út 95.",2022.08.17,2033.06.30,47.5557879,19.0477072,ok,"Budapest, Szentendrei út 95, 1033 Hungary","https://www.google.com/maps/place/Budapest,+Szentendrei+%C3%BAt+95,+1033+Hungary/@47.5557879,19.0477072,17z/data=!3m1!4b1!4m6!3m5!1s0x4741d979f5c02305:0x1de4979e6af61e4e!8m2!3d47.5557879!4d19.0477072!16s%2Fg%2F11j6zk7xgf?hl=en&entry=ttu&g_ep=EgoyMDI2MDkxMy4wIKXMDSoASAFQAw%3D%3D"
Tabac and More Bt.,DKE1600000229,1075 Budapest 07. ker. Károly körút 21.,2013.07.01,2033.06.30,47.4974948,19.0559831,ok,Broadway Jegyiroda,"https://www.google.com/maps/place/Broadway+Jegyiroda/@47.4974948,19.0559831,17z/data=!3m1!4b1!4m6!3m5!1s0x4741dc41e91803f5:0xe86cd2638942757a!8m2!3d47.4974948!4d19.0559831!16s%2Fg%2F11bxdsdl6n?hl=en&entry=ttu&g_ep=EgoyMDI2MDkxMy4wIKXMDSoASAFQAw%3D%3D"
Tabak 17 Hungary Bt,DKE1600000111,1173 Budapest 17. ker. Kaszáló utca 47.,2013.07.01,2033.06.30,47.4820345,19.2553827,ok,"Budapest, Kaszáló u. 47, 1173 Hungary","https://www.google.com/maps/place/Budapest,+Kasz%C3%A1l%C3%B3+u.+47,+1173+Hungary/@47.4820345,19.2553827,17z/data=!3m1!4b1!4m6!3m5!1s0x4741c1537b8197d7:0x1c298f6908aad810!8m2!3d47.4820345!4d19.2553827!16s%2Fg%2F11tp86dp1b?hl=en&entry=ttu&g_ep=EgoyMDI2MDkxMy4wIKXMDSoASAFQAw%3D%3D"
Tabak 17 Hungary Bt.,DKE1600000113,"1173 Budapest, Pesti út 169.",2026.07.10,2033.06.30,47.4794569,19.255137,ok,"Budapest, Pesti út 169, 1173 Hungary","https://www.google.com/maps/place/Budapest,+Pesti+%C3%BAt+169,+1173+Hungary/@47.4794569,19.255137,17z/data=!3m1!4b1!4m6!3m5!1s0x4741c153ddcec043:0x42463ff773189ec7!8m2!3d47.4794569!4d19.255137!16s%2Fg%2F11csnfjq70?hl=en&entry=ttu&g_ep=EgoyMDI2MDkxMy4wIKXMDSoASAFQAw%3D%3D"
Tabák Bt,DKE1700000063,1131 Budapest 13. ker. Váci út 141-143.,2013.07.01,2033.06.30,47.536238,19.070995,ok,"Budapest, Váci út 141-143, 1139 Hungary","https://www.google.com/maps/place/Budapest,+V%C3%A1ci+%C3%BAt+141-143,+1139+Hungary/@47.536238,19.070995,17z/data=!3m1!4b1!4m6!3m5!1s0x4741dbea09098541:0xc1ad55cefc92134d!8m2!3d47.536238!4d19.070995!16s%2Fg%2F11zwpcpdbj?hl=en&entry=ttu&g_ep=EgoyMDI2MDkxMy4wIKXMDSoASAFQAw%3D%3D"
Tabák Bt,DKE1700000072,1138 Budapest 13. ker. Váci út 178.,2013.07.01,2033.06.30,47.5502616,19.0727555,ok,"Budapest, Váci út 178, 1138 Hungary","https://www.google.com/maps/place/Budapest,+V%C3%A1ci+%C3%BAt+178,+1138+Hungary/@47.5502616,19.0727555,17z/data=!3m1!4b1!4m6!3m5!1s0x4741dbce37489b99:0xc1b0b66ca91c2e9b!8m2!3d47.5502616!4d19.0727555!16s%2Fg%2F11c2d3_v4x?hl=en&entry=ttu&g_ep=EgoyMDI2MDkxMy4wIKXMDSoASAFQAw%3D%3D"
Tabak Via Hungary Bt,DKE1010000323,1181 Budapest 18. ker. Baross utca 50.,2014.10.09,2034.09.23,47.4383028,19.1718314,ok,"Budapest, Baross u. 50, 1181 Hungary","https://www.google.com/maps/place/Budapest,+Baross+u.+50,+1181+Hungary/@47.4383028,19.1718314,17z/data=!3m1!4b1!4m6!3m5!1s0x4741c25d4e12d4bf:0xd1f713ee05723366!8m2!3d47.4383028!4d19.1718314!16s%2Fg%2F11pw2tygf2?hl=en&entry=ttu&g_ep=EgoyMDI2MDkxMy4wIKXMDSoASAFQAw%3D%3D"
Tájpex Tabak Bt,DKE1010000245,1195 Budapest 19. ker. Üllői út 248,2013.07.01,2033.06.30,47.4550066,19.1526255,ok,"Budapest, Üllői út 248, 1193 Hungary","https://www.google.com/maps/place/Budapest,+%C3%9Cll%C5%91i+%C3%BAt+248,+1193+Hungary/@47.4550066,19.1526255,17z/data=!3m1!4b1!4m6!3m5!1s0x4741c2e4bfa3f3f5:0x1b8a40cb97a275c8!8m2!3d47.4550066!4d19.1526255!16s%2Fg%2F11zg96zhj6?hl=en&entry=ttu&g_ep=EgoyMDI2MDkxMy4wIKXMDSoASAFQAw%3D%3D"
Tájpex Tabak Bt,DKE1600000203,"1171 Budapest, Kispajtás utca 1.",2022.05.03,2033.06.30,47.471636,19.2840411,ok,"Budapest, Kispajtás u. 1, 1171 Hungary","https://www.google.com/maps/place/Budapest,+Kispajt%C3%A1s+u.+1,+1171+Hungary/@47.471636,19.2840411,17z/data=!3m1!4b1!4m6!3m5!1s0x4741c131d2f15cad:0xbade71a9e34438e!8m2!3d47.471636!4d19.2840411!16s%2Fg%2F11yx0mq2c9?hl=en&entry=ttu&g_ep=EgoyMDI2MDkxMy4wIKXMDSoASAFQAw%3D%3D"
Tajti Trafik Bt.,DKE1600000006,"1103 Budapest, Gergely utca 38.",2022.12.15,2033.06.30,47.4771951,19.1391087,ok,"Budapest, Gergely u. 38, 1103 Hungary","https://www.google.com/maps/place/Budapest,+Gergely+u.+38,+1103+Hungary/@47.4771951,19.1391087,17z/data=!3m1!4b1!4m6!3m5!1s0x4741c33090c8f14b:0xb576a6df4c866fec!8m2!3d47.4771951!4d19.1391087!16s%2Fg%2F11cshcwcwb?hl=en&entry=ttu&g_ep=EgoyMDI2MDkxMy4wIKXMDSoASAFQAw%3D%3D"
Tajti Zoltán,DKE1600000053,"1103 Budapest, Gyömrői út 48.",2025.10.01,2033.06.30,47.4702055,19.1441589,ok,"Budapest, Gyömrői út 48, 1103 Hungary","https://www.google.com/maps/place/Budapest,+Gy%C3%B6mr%C5%91i+%C3%BAt+48,+1103+Hungary/@47.4702055,19.1441589,17z/data=!3m1!4b1!4m6!3m5!1s0x4741c3239e5fdbe9:0x5b74337e0a654652!8m2!3d47.4702055!4d19.1441589!16s%2Fg%2F11fwhmc6gk?hl=en&entry=ttu&g_ep=EgoyMDI2MDkxMy4wIKXMDSoASAFQAw%3D%3D"
Tálas Trafik Bt,DKE1010000022,1181 Budapest 18. ker. Margó Tivadar utca 9.,2013.07.01,2033.06.30,47.4465963,19.1679009,ok,"Budapest, Margó Tivadar u. 9, 1181 Hungary","https://www.google.com/maps/place/Budapest,+Marg%C3%B3+Tivadar+u.+9,+1181+Hungary/@47.4465963,19.1679009,17z/data=!3m1!4b1!4m6!3m5!1s0x4741c259baa8ad13:0x3edf0eb9e7828640!8m2!3d47.4465963!4d19.1679009!16s%2Fg%2F11fsw9xv9f?hl=en&entry=ttu&g_ep=EgoyMDI2MDkxMy4wIKXMDSoASAFQAw%3D%3D"
Tálas Trafik Bt,DKE1600000036,1083 Budapest 08. ker. Illés utca 22.,2013.07.01,2033.06.30,47.4860499,19.0856765,ok,"Budapest, Illés u. 22, 1083 Hungary","https://www.google.com/maps/place/Budapest,+Ill%C3%A9s+u.+22,+1083+Hungary/@47.4860499,19.0856765,17z/data=!3m1!4b1!4m6!3m5!1s0x4741dcf1cf1ca511:0x241c78eeda48cb4f!8m2!3d47.4860499!4d19.0856765!16s%2Fg%2F11pzt4wbl3?hl=en&entry=ttu&g_ep=EgoyMDI2MDkxMy4wIKXMDSoASAFQAw%3D%3D"
Tálas Trafik Bt.,DKE1010000078,"1194 Budapest, Hofherr Albert utca 42.",2024.11.20,2033.06.30,47.4371991,19.1456002,ok,"Budapest, Hofherr Albert u. 42, 1194 Hungary","https://www.google.com/maps/place/Budapest,+Hofherr+Albert+u.+42,+1194+Hungary/@47.4371991,19.1456002,17z/data=!3m1!4b1!4m6!3m5!1s0x4741c28e83eed34b:0x3bbfe1ea4fab20ec!8m2!3d47.4371991!4d19.1456002!16s%2Fg%2F11jn4d43bm?hl=en&entry=ttu&g_ep=EgoyMDI2MDkxMy4wIKXMDSoASAFQAw%3D%3D"
Talent Service Betéti Társaság,DKE1600000323,"1173 Budapest, Pesti út 2.",2023.01.16,2034.08.31,47.4853998,19.2233823,ok,"Budapest, Pesti út 2, 1173 Hungary","https://www.google.com/maps/place/Budapest,+Pesti+%C3%BAt+2,+1173+Hungary/@47.4853998,19.2233823,17z/data=!3m1!4b1!4m6!3m5!1s0x4741c3f488d0dcf5:0x3a8440a85de44e4f!8m2!3d47.4853998!4d19.2233823!16s%2Fg%2F11j8wbfn0d?hl=en&entry=ttu&g_ep=EgoyMDI2MDkxMy4wIKXMDSoASAFQAw%3D%3D"
Táltos Hungary 2000 Bt,DKE1600000238,1154 Budapest 15. ker. Széchenyi utca 2.,2013.07.01,2033.06.30,47.4603871,19.1367029,no_place,,"https://www.google.com/maps/search/1154+Budapest+15.+ker.+Sz%C3%A9chenyi+utca+2./@47.5239247,19.0796143,14z/data=!3m1!4b1?hl=en&entry=ttu&g_ep=EgoyMDI2MDkxMy4wIKXMDSoASAFQAw%3D%3D"
Tanács Istvánné,DKE1700000053,1046 Budapest 04. ker. Szent Imre utca 1.,2013.07.01,2033.06.30,47.5669697,19.0972522,ok,"Budapest, OBI, Szent Imre u. 1, 1046 Hungary","https://www.google.com/maps/place/Budapest,+OBI,+Szent+Imre+u.+1,+1046+Hungary/@47.5669697,19.0972522,17z/data=!3m1!4b1!4m6!3m5!1s0x4741da38b1996547:0x8c6291f905c1dfed!8m2!3d47.5669697!4d19.0972522!16s%2Fg%2F11rgdl6yc3?hl=en&entry=ttu&g_ep=EgoyMDI2MDkxMy4wIKXMDSoASAFQAw%3D%3D"
Tason Cigarette Bt,DKE1600000215,1072 Budapest 07. ker. Rákóczi út 6.,2013.07.01,2033.06.30,47.4947912,19.0612327,ok,"Budapest, Rákóczi út 6, 1072 Hungary","https://www.google.com/maps/place/Budapest,+R%C3%A1k%C3%B3czi+%C3%BAt+6,+1072+Hungary/@47.4947912,19.0612327,17z/data=!3m1!4b1!4m6!3m5!1s0x4741dc431fc53bb7:0x40d03a7949bd0a45!8m2!3d47.4947912!4d19.0612327!16s%2Fg%2F11y0tf82_p?hl=en&entry=ttu&g_ep=EgoyMDI2MDkxMy4wIKXMDSoASAFQAw%3D%3D"
Tason Cigarette Bt,DKE1600000240,1071 Budapest 07. ker. Wesselényi utca 2.,2013.07.01,2033.06.30,47.4960093,19.0596951,ok,"Budapest, Wesselényi utca 2-1071, 1077 Hungary","https://www.google.com/maps/place/Budapest,+Wessel%C3%A9nyi+utca+2-1071,+1077+Hungary/@47.4960093,19.0596951,17z/data=!3m1!4b1!4m5!3m4!1s0x4741dc425c67629b:0xefddaafce9eb6cfb!8m2!3d47.4960093!4d19.0596951?hl=en&entry=ttu&g_ep=EgoyMDI2MDkxMy4wIKXMDSoASAFQAw%3D%3D"
Tason Cigarette Bt,DKE1600000271,1082 Budapest 08. ker. Baross utca 96. fsz. 4.,2013.07.01,2033.06.30,47.4893234,19.0800366,ok,Gold Orient Ékszer És Zálog,"https://www.google.com/maps/place/Gold+Orient+%C3%89kszer+%C3%89s+Z%C3%A1log/@47.4893234,19.0800366,17z/data=!3m1!4b1!4m6!3m5!1s0x4741dcf41f242e6f:0x88f8a74fe68f867c!8m2!3d47.4893234!4d19.0800366!16s%2Fg%2F11fhvkhstb?hl=en&entry=ttu&g_ep=EgoyMDI2MDkxMy4wIKXMDSoASAFQAw%3D%3D"
Természetes Hang Bt,DKE1010000129,1188 Budapest 18. ker. Nagykőrösi út 5/B.,2013.07.01,2033.06.30,47.4123999,19.1748003,no_place,,"https://www.google.com/maps/search/1188+Budapest+18.+ker.+Nagyk%C5%91r%C3%B6si+%C3%BAt+5%2FB./@47.4127633,19.1740644,17z/data=!3m1!4b1?hl=en&entry=ttu&g_ep=EgoyMDI2MDkxMy4wIKXMDSoASAFQAw%3D%3D"
Természetes Hang Bt,DKE1010000131,1183 Budapest 18. ker. Nefelejcs utca 89/A,2013.07.01,2033.06.30,47.4471871,19.1906888,ok,"Budapest, Nefelejcs u. 89A, 1183 Hungary","https://www.google.com/maps/place/Budapest,+Nefelejcs+u.+89A,+1183+Hungary/@47.4471871,19.1906888,17z/data=!3m1!4b1!4m6!3m5!1s0x4741c249b2f8a225:0x4eacca04a07c7d2b!8m2!3d47.4471871!4d19.1906888!16s%2Fg%2F11njzl2zp5?hl=en&entry=ttu&g_ep=EgoyMDI2MDkxMy4wIKXMDSoASAFQAw%3D%3D"
Természetes Hang Bt,DKE1010000133,1184 Budapest 18. ker. Üllői út 440-442.,2013.07.01,2033.06.30,47.4403922,19.1855597,ok,"Budapest, Üllői út 440, 1183 Hungary","https://www.google.com/maps/place/Budapest,+%C3%9Cll%C5%91i+%C3%BAt+440,+1183+Hungary/@47.4403922,19.1855597,17z/data=!3m1!4b1!4m6!3m5!1s0x4741c2472ce08d99:0x3c235caa927b926c!8m2!3d47.4403922!4d19.1855597!16s%2Fg%2F11vklh1jg6?hl=en&entry=ttu&g_ep=EgoyMDI2MDkxMy4wIKXMDSoASAFQAw%3D%3D"
Természetes Hang Bt,DKE1010000135,1186 Budapest 18. ker. Goroszló utca 4.,2013.07.01,2033.06.30,47.4305406,19.1746217,ok,"Budapest, Goroszló u. 4, 1183 Hungary","https://www.google.com/maps/place/Budapest,+Goroszl%C3%B3+u.+4,+1183+Hungary/@47.4305406,19.1746217,17z/data=!3m1!4b1!4m6!3m5!1s0x4741c26c211f27d9:0xbd990b05c35604f3!8m2!3d47.4305406!4d19.1746217!16s%2Fg%2F11pw3hfyyh?hl=en&entry=ttu&g_ep=EgoyMDI2MDkxMy4wIKXMDSoASAFQAw%3D%3D"
Természetes Hang Bt,DKE1010000136,1186 Budapest 18. ker. Méta   156140/16,2013.07.01,2033.06.30,47.4264919,19.161476,no_place,,"https://www.google.com/maps/search/1186+Budapest+18.+ker.+M%C3%A9ta+++156140%2F16/@47.4273144,19.162686,17z/data=!3m1!4b1?hl=en&entry=ttu&g_ep=EgoyMDI2MDkxMy4wIKXMDSoASAFQAw%3D%3D"
Ternes Ágnes,DKE1600000106,1106 Budapest 10. ker. Maglódi út 17.,2013.07.01,2033.06.30,47.4869391,19.1525425,ok,"Budapest, Maglódi út 17, 1106 Hungary","https://www.google.com/maps/place/Budapest,+Magl%C3%B3di+%C3%BAt+17,+1106+Hungary/@47.4869391,19.1525425,17z/data=!3m1!4b1!4m6!3m5!1s0x4741c3441f403c91:0xf409208b9dece1e!8m2!3d47.4869391!4d19.1525425!16s%2Fg%2F11jn4dxjvj?hl=en&entry=ttu&g_ep=EgoyMDI2MDkxMy4wIKXMDSoASAFQAw%3D%3D"
The Tobacconist Bt,DKE1700000030,1024 Budapest 02. ker. Lövőház utca 17.,2013.07.01,2033.06.30,47.5097402,19.0252484,ok,"Budapest, Lövőház u. 17, 1024 Hungary","https://www.google.com/maps/place/Budapest,+L%C3%B6v%C5%91h%C3%A1z+u.+17,+1024+Hungary/@47.5097402,19.0252484,17z/data=!3m1!4b1!4m6!3m5!1s0x4741dea6df0f4741:0x81b1cc318eb28a6f!8m2!3d47.5097402!4d19.0252484!16s%2Fg%2F11rgdlhg52?hl=en&entry=ttu&g_ep=EgoyMDI2MDkxMy4wIKXMDSoASAFQAw%3D%3D"
The Tobacconist Bt,DKE1700000125,1027 Budapest 02. ker. Csalogány utca 53,2013.07.01,2033.06.30,47.5083203,19.0285727,no_place,,"https://www.google.com/maps/search/1027+Budapest+02.+ker.+Csalog%C3%A1ny+utca+53/@47.5080339,19.0327623,17z/data=!3m1!4b1?hl=en&entry=ttu&g_ep=EgoyMDI2MDkxMy4wIKXMDSoASAFQAw%3D%3D"
Tibaco Gold Bt,DKE1010000065,1191 Budapest 19. ker. József Attila utca 57-63.,2013.07.01,2033.06.30,47.4556022,19.1422286,ok,"Budapest, József Attila u. 57-63, 1191 Hungary","https://www.google.com/maps/place/Budapest,+J%C3%B3zsef+Attila+u.+57-63,+1191+Hungary/@47.4556022,19.1422286,17z/data=!3m1!4b1!4m6!3m5!1s0x4741c2e70977bcb1:0xcbfe6d256ed15e4e!8m2!3d47.4556022!4d19.1422286!16s%2Fg%2F11zgysyfy9?hl=en&entry=ttu&g_ep=EgoyMDI2MDkxMy4wIKXMDSoASAFQAw%3D%3D"
Tinadri Bt,DKE1600000201,"1148 Budapest, Fogarasi utca 18.",2023.03.07,2033.06.30,47.5028287,19.1171732,ok,"Budapest, Fogarasi út 18, 1148 Hungary","https://www.google.com/maps/place/Budapest,+Fogarasi+%C3%BAt+18,+1148+Hungary/@47.5028287,19.1171732,17z/data=!3m1!4b1!4m6!3m5!1s0x4741dca3d55a2089:0x54035953c3800b2d!8m2!3d47.5028287!4d19.1171732!16s%2Fg%2F11fwhlnfrj?hl=en&entry=ttu&g_ep=EgoyMDI2MDkxMy4wIKXMDSoASAFQAw%3D%3D"
Tinadri Bt,DKE1700000116,"1048 Budapest, Óceánárok utca 5.",2023.03.07,2033.06.30,47.5790396,19.1146935,ok,"Budapest, Óceánárok u. 5, 1048 Hungary","https://www.google.com/maps/place/Budapest,+%C3%93ce%C3%A1n%C3%A1rok+u.+5,+1048+Hungary/@47.5790396,19.1146935,17z/data=!3m1!4b1!4m6!3m5!1s0x4741da6e08e64583:0x3577cbcfeeab566e!8m2!3d47.5790396!4d19.1146935!16s%2Fg%2F11yf64t3fl?hl=en&entry=ttu&g_ep=EgoyMDI2MDkxMy4wIKXMDSoASAFQAw%3D%3D"
Tisza Trafik Bt,DKE5110000041,6723 Szeged Budapesti körút 1.,2013.07.01,2033.06.30,46.2671711,20.1677277,ok,"Szeged, Budapesti krt. 1, 6723 Hungary","https://www.google.com/maps/place/Szeged,+Budapesti+krt.+1,+6723+Hungary/@46.2671711,20.1677277,17z/data=!3m1!4b1!4m6!3m5!1s0x4744881be7aa651d:0x3ed8a0ecd8c98ee7!8m2!3d46.2671711!4d20.1677277!16s%2Fg%2F11pztf9g0c?hl=en&entry=ttu&g_ep=EgoyMDI2MDkxMy4wIKXMDSoASAFQAw%3D%3D"
Tobacco Heaven Bt,DKE1600000255,"1062 Budapest, Andrássy út 84.",2022.07.15,2033.06.30,47.5089689,19.068456,ok,"Budapest, Andrássy út 84, 1062 Hungary","https://www.google.com/maps/place/Budapest,+Andr%C3%A1ssy+%C3%BAt+84,+1062+Hungary/@47.5089689,19.068456,17z/data=!3m1!4b1!4m6!3m5!1s0x4741dc7107d80533:0x63a0e465be8b2699!8m2!3d47.5089689!4d19.068456!16s%2Fg%2F11rp451nx3?hl=en&entry=ttu&g_ep=EgoyMDI2MDkxMy4wIKXMDSoASAFQAw%3D%3D"
Tobacco Leaves Bt,DKE1600000283,1061 Budapest 06. ker. Anker köz 1-3.,2013.07.01,2033.06.30,47.4980392,19.0556237,ok,"Budapest, Anker köz 1-3, 1061 Hungary","https://www.google.com/maps/place/Budapest,+Anker+k%C3%B6z+1-3,+1061+Hungary/@47.4980392,19.0556237,17z/data=!3m1!4b1!4m6!3m5!1s0x4741dc41d9ee1df5:0x71aba980473d6e2f!8m2!3d47.4980392!4d19.0556237!16s%2Fg%2F11nnky753t?hl=en&entry=ttu&g_ep=EgoyMDI2MDkxMy4wIKXMDSoASAFQAw%3D%3D"
Tobacco Leaves Bt,DKE1600000287,1165 Budapest 16. ker. Jókai Mór utca 2.,2013.07.01,2033.06.30,47.5105929,19.1909268,ok,"Budapest, Jókai Mór u. 2, 1165 Hungary","https://www.google.com/maps/place/Budapest,+J%C3%B3kai+M%C3%B3r+u.+2,+1165+Hungary/@47.5105929,19.1909268,17z/data=!3m1!4b1!4m6!3m5!1s0x4741c4922082a6cb:0xe0cc4eb632411326!8m2!3d47.5105929!4d19.1909268!16s%2Fg%2F11rtzm7kx2?hl=en&entry=ttu&g_ep=EgoyMDI2MDkxMy4wIKXMDSoASAFQAw%3D%3D"
Tobacco Leaves Bt,DKE1600000291,1157 Budapest 15. ker. Legénybíró utca 2.,2013.07.01,2033.06.30,47.5405131,19.1410586,ok,"Budapest, Legénybíró u. 2, 1157 Hungary","https://www.google.com/maps/place/Budapest,+Leg%C3%A9nyb%C3%ADr%C3%B3+u.+2,+1157+Hungary/@47.5405131,19.1410586,17z/data=!3m1!4b1!4m6!3m5!1s0x4741db21ef2a8831:0x9fbd0dca1ce71d6a!8m2!3d47.5405131!4d19.1410586!16s%2Fg%2F11vjj_6zzb?hl=en&entry=ttu&g_ep=EgoyMDI2MDkxMy4wIKXMDSoASAFQAw%3D%3D"
Tobacco Shop Bt,DKE1600000061,1061 Budapest 06. ker. Király   28.,2013.07.01,2033.06.30,47.499745,19.059188,ok,"Budapest, Király u. 28, 1061 Hungary","https://www.google.com/maps/place/Budapest,+Kir%C3%A1ly+u.+28,+1061+Hungary/@47.499745,19.059188,17z/data=!3m1!4b1!4m6!3m5!1s0x4741dc6a283bcdf5:0x34a4441768afddf4!8m2!3d47.499745!4d19.059188!16s%2Fg%2F11nnkp_47j?hl=en&entry=ttu&g_ep=EgoyMDI2MDkxMy4wIKXMDSoASAFQAw%3D%3D"
Tobacco World Bt,DKE1700000158,"1138 Budapest, Váci út 134/C.",2023.10.27,2033.06.30,47.5352474,19.0674579,ok,"Budapest, Váci út 134c, 1138 Hungary","https://www.google.com/maps/place/Budapest,+V%C3%A1ci+%C3%BAt+134c,+1138+Hungary/@47.5352474,19.0674579,17z/data=!3m1!4b1!4m6!3m5!1s0x4741dbe9976b91e5:0xec231e313cc42335!8m2!3d47.5352474!4d19.0674579!16s%2Fg%2F11q2nfh9kz?hl=en&entry=ttu&g_ep=EgoyMDI2MDkxMy4wIKXMDSoASAFQAw%3D%3D"
Tobacco World Bt.,DKE1700000157,"1137 Budapest, Szent István körút 12.",2024.01.05,2033.06.30,47.5126753,19.0507244,ok,"Budapest, Szent István krt. 12, 1137 Hungary","https://www.google.com/maps/place/Budapest,+Szent+Istv%C3%A1n+krt.+12,+1137+Hungary/@47.5126753,19.0507244,17z/data=!3m1!4b1!4m6!3m5!1s0x4741dc0eef98d86d:0x626feb406e2b455!8m2!3d47.5126753!4d19.0507244!16s%2Fg%2F11s4b2t311?hl=en&entry=ttu&g_ep=EgoyMDI2MDkxMy4wIKXMDSoASAFQAw%3D%3D"
Tobacconist Trade Bt,DKE1010000279,1118 Budapest 11. ker. Budaörsi út 115.,2013.07.01,2033.06.30,47.4673814,19.0165604,ok,"Budapest, Budaörsi út 115, 1118 Hungary","https://www.google.com/maps/place/Budapest,+Buda%C3%B6rsi+%C3%BAt+115,+1118+Hungary/@47.4673814,19.0165604,17z/data=!3m1!4b1!4m6!3m5!1s0x4741ddc31889581d:0xf4c9b27a62200936!8m2!3d47.4673814!4d19.0165604!16s%2Fg%2F11gdypch60?hl=en&entry=ttu&g_ep=EgoyMDI2MDkxMy4wIKXMDSoASAFQAw%3D%3D"
Tobacconist Trade Bt,DKE1600000292,1071 Budapest 07. ker. Damjanich utca 32.,2013.07.01,2033.06.30,47.5079472,19.0783538,ok,"Budapest, Damjanich u. 32, 1071 Hungary","https://www.google.com/maps/place/Budapest,+Damjanich+u.+32,+1071+Hungary/@47.5079472,19.0783538,17z/data=!3m1!4b1!4m6!3m5!1s0x4741dc7b90cf7a63:0x31493b3e6c06651c!8m2!3d47.5079472!4d19.0783538!16s%2Fg%2F11q2vxnkbf?hl=en&entry=ttu&g_ep=EgoyMDI2MDkxMy4wIKXMDSoASAFQAw%3D%3D"
Tobacconist Trade Bt,DKE1600000294,1146 Budapest 14. ker. Thököly utca 151/c.,2013.07.01,2033.06.30,47.5162276,19.1075377,ok,"Budapest, Thököly út 151/c, 1146 Hungary","https://www.google.com/maps/place/Budapest,+Th%C3%B6k%C3%B6ly+%C3%BAt+151%2Fc,+1146+Hungary/@47.5162276,19.1075377,17z/data=!3m1!4b1!4m6!3m5!1s0x4741db7b35a556fd:0x78cff176331b9f41!8m2!3d47.5162276!4d19.1075377!16s%2Fg%2F11w_y5069s?hl=en&entry=ttu&g_ep=EgoyMDI2MDkxMy4wIKXMDSoASAFQAw%3D%3D"
Tobakko Magyar Dohány Bt,DKE1600000074,1162 Budapest 16. ker. Budapesti út 119/D,2013.07.01,2033.06.30,47.5197379,19.179681,ok,"Budapest, Budapesti út 119d, 1162 Hungary","https://www.google.com/maps/place/Budapest,+Budapesti+%C3%BAt+119d,+1162+Hungary/@47.5197379,19.179681,17z/data=!3m1!4b1!4m6!3m5!1s0x4741c4c0e4574597:0xc3d7df8c9ad36631!8m2!3d47.5197379!4d19.179681!16s%2Fg%2F11c5jqfx2v?hl=en&entry=ttu&g_ep=EgoyMDI2MDkxMy4wIKXMDSoASAFQAw%3D%3D"
Tobakko Magyar Dohány Bt,DKE1600000104,1162 Budapest 16. ker. Szlovák út 82.,2013.07.01,2033.06.30,47.5357232,19.180487,ok,"Budapest, Szlovák út 82, 1162 Hungary","https://www.google.com/maps/place/Budapest,+Szlov%C3%A1k+%C3%BAt+82,+1162+Hungary/@47.5357232,19.180487,17z/data=!3m1!4b1!4m6!3m5!1s0x4741c4d786c7779f:0x81507851fc6e6055!8m2!3d47.5357232!4d19.180487!16s%2Fg%2F11j8w48m3f?hl=en&entry=ttu&g_ep=EgoyMDI2MDkxMy4wIKXMDSoASAFQAw%3D%3D"
Tomore Trafik bt,DKE1010000214,1111 Budapest 11. ker. Móricz Zsigmond körtér 2,2013.07.01,2033.06.30,47.4781589,19.0477641,ok,"Budapest, Móricz Zsigmond körtér 2, 1114 Hungary","https://www.google.com/maps/place/Budapest,+M%C3%B3ricz+Zsigmond+k%C3%B6rt%C3%A9r+2,+1114+Hungary/@47.4781589,19.0477641,17z/data=!3m1!4b1!4m6!3m5!1s0x4741ddb321ca7d19:0x81513de880d2c9fa!8m2!3d47.4781589!4d19.0477641!16s%2Fg%2F11n9p_5ctx?hl=en&entry=ttu&g_ep=EgoyMDI2MDkxMy4wIKXMDSoASAFQAw%3D%3D"
Tomore Trafik bt,DKE1010000264,1111 Budapest 11. ker. Karinthy Frigyes út 4/6,2013.07.01,2033.06.30,47.4777605,19.0488838,no_place,,"https://www.google.com/maps/search/1111+Budapest+11.+ker.+Karinthy+Frigyes+%C3%BAt+4%2F6/@47.4775356,19.0488517,17z/data=!3m1!4b1?hl=en&entry=ttu&g_ep=EgoyMDI2MDkxMy4wIKXMDSoASAFQAw%3D%3D"
Tomore Trafik bt,DKE1010000291,1115 Budapest 11. ker. Etele tér 5.,2013.07.01,2033.06.30,47.4656795,19.0228572,ok,"Budapest, Etele tér 5, 1115 Hungary","https://www.google.com/maps/place/Budapest,+Etele+t%C3%A9r+5,+1115+Hungary/@47.4656795,19.0228572,17z/data=!3m1!4b1!4m6!3m5!1s0x4741ddc1a1b35c0f:0xaffe06d4ec9e22a8!8m2!3d47.4656795!4d19.0228572!16s%2Fg%2F11rwlzw895?hl=en&entry=ttu&g_ep=EgoyMDI2MDkxMy4wIKXMDSoASAFQAw%3D%3D"
Törőpex Dohány Bt,DKE1010000292,1191 Budapest 19. ker. M3 metróvonal Kőbánya-Kispest állomás,2013.07.01,2033.06.30,,,no_place,,"https://www.google.com/maps/search/1191+Budapest+19.+ker.+M3+metr%C3%B3vonal+K%C5%91b%C3%A1nya-Kispest+%C3%A1llom%C3%A1s/@47.4629971,19.1483332,17z/data=!3m1!4b1?hl=en&entry=ttu&g_ep=EgoyMDI2MDkxMy4wIKXMDSoASAFQAw%3D%3D"
Törőpex Dohány Bt,DKE1700000188,1042 Budapest 04. ker. Rózsa utca Munkásotthon utca sarok,2013.07.01,2033.06.30,47.5595453,19.0991722,ok,"Budapest, Munkásotthon u. & Rózsa u., 1042 Hungary","https://www.google.com/maps/place/Budapest,+Munk%C3%A1sotthon+u.+%26+R%C3%B3zsa+u.,+1042+Hungary/@47.5595453,19.0991722,17z/data=!3m1!4b1!4m6!3m5!1s0x4741da49207fd2ab:0x4b30e86a879bbe31!8m2!3d47.5595453!4d19.0991722!16s%2Fg%2F11f354svj8?hl=en&entry=ttu&g_ep=EgoyMDI2MDkxMy4wIKXMDSoASAFQAw%3D%3D"
Tótász Pipa Bt,DKE1600000259,"1077 Budapest, Bethlen Gábor utca 8.",2022.11.30,2033.06.30,47.5016848,19.0809862,ok,"Budapest, Bethlen Gábor u. 8, 1077 Hungary","https://www.google.com/maps/place/Budapest,+Bethlen+G%C3%A1bor+u.+8,+1077+Hungary/@47.5016848,19.0809862,17z/data=!3m1!4b1!4m6!3m5!1s0x4741dc62f549fe93:0x935d9ad9c7102f76!8m2!3d47.5016848!4d19.0809862!16s%2Fg%2F11nnsc649s?hl=en&entry=ttu&g_ep=EgoyMDI2MDkxMy4wIKXMDSoASAFQAw%3D%3D"
Tóth Ágnes,DKE1600000068,1084 Budapest 08. ker. József körút 48.,2013.07.01,2033.06.30,47.4899938,19.0710268,ok,"Budapest, József krt. 48, 1085 Hungary","https://www.google.com/maps/place/Budapest,+J%C3%B3zsef+krt.+48,+1085+Hungary/@47.4899938,19.0710268,17z/data=!3m1!4b1!4m6!3m5!1s0x4741dc592803c799:0xae8a30cff679986e!8m2!3d47.4899938!4d19.0710268!16s%2Fg%2F11y3n80j0k?hl=en&entry=ttu&g_ep=EgoyMDI2MDkxMy4wIKXMDSoASAFQAw%3D%3D"
Touluol Bt,DKE1700000100,1131 Budapest 13. ker. Szent László utca 152.,2013.07.01,2033.06.30,47.5402778,19.0931196,ok,"Budapest, Szent László út 152, 1131 Hungary","https://www.google.com/maps/place/Budapest,+Szent+L%C3%A1szl%C3%B3+%C3%BAt+152,+1131+Hungary/@47.5402778,19.0931196,17z/data=!3m1!4b1!4m6!3m5!1s0x4741dbbadfde3607:0x6ae792003b2e3618!8m2!3d47.5402778!4d19.0931196!16s%2Fg%2F11jn4dyz5y?hl=en&entry=ttu&g_ep=EgoyMDI2MDkxMy4wIKXMDSoASAFQAw%3D%3D"
Traficum Bt,DKE5110000191,"6723 Szeged, Budapesti körút 38.",2022.07.13,2033.06.30,46.2731219,20.1603742,ok,"Szeged, Budapesti krt. 38, 6723 Hungary","https://www.google.com/maps/place/Szeged,+Budapesti+krt.+38,+6723+Hungary/@46.2731219,20.1603742,17z/data=!3m1!4b1!4m6!3m5!1s0x474488024142a957:0xdac904fe1444d451!8m2!3d46.2731219!4d20.1603742!16s%2Fg%2F11wmh2st2r?hl=en&entry=ttu&g_ep=EgoyMDI2MDkxMy4wIKXMDSoASAFQAw%3D%3D"
Trafik 4 You Bt.,DKE1700000021,1043 Budapest 04. ker. Berda József utca 50-54.,2013.07.01,2033.06.30,47.5559732,19.0884834,ok,"Budapest, Berda József u. 50, 1043 Hungary","https://www.google.com/maps/place/Budapest,+Berda+J%C3%B3zsef+u.+50,+1043+Hungary/@47.5559732,19.0884834,17z/data=!3m1!4b1!4m6!3m5!1s0x4741da350eb4bb93:0x7dd827267686db7c!8m2!3d47.5559732!4d19.0884834!16s%2Fg%2F11nnscdr1j?hl=en&entry=ttu&g_ep=EgoyMDI2MDkxMy4wIKXMDSoASAFQAw%3D%3D"
Trafik 4 You Bt.,DKE1700000022,1047 Budapest 04. ker. Attila utca 12-18. A épület fszt. 4.,2013.07.01,2033.06.30,47.5632057,19.081626,ok,Újpesti 0-24 Gyógyszertár,"https://www.google.com/maps/place/%C3%9Ajpesti+0-24+Gy%C3%B3gyszert%C3%A1r/@47.5632057,19.081626,17z/data=!3m1!4b1!4m6!3m5!1s0x4741db39cf7c4a29:0xee59438ff2a16e76!8m2!3d47.5632057!4d19.081626!16s%2Fg%2F11fvvjvtzh?hl=en&entry=ttu&g_ep=EgoyMDI2MDkxMy4wIKXMDSoASAFQAw%3D%3D"
Trafik Akumal Bt.,DKE1600000302,"1142 Budapest, Erzsébet királyné útja 60. B. ép.",2024.02.02,2033.06.30,47.5266007,19.1050884,ok,"Budapest, Erzsébet királyné útja 60-B. ép, 1142 Hungary","https://www.google.com/maps/place/Budapest,+Erzs%C3%A9bet+kir%C3%A1lyn%C3%A9+%C3%BAtja+60-B.+%C3%A9p,+1142+Hungary/@47.5266007,19.1050884,17z/data=!3m1!4b1!4m5!3m4!1s0x4741db7438949e93:0x1d679987b76f6f4b!8m2!3d47.5266007!4d19.1050884?hl=en&entry=ttu&g_ep=EgoyMDI2MDkxMy4wIKXMDSoASAFQAw%3D%3D"
Trafik Akumal Bt.,DKE1600000325,"1143 Budapest, Ilka utca 25.",2024.02.02,2033.06.30,47.5080199,19.0984939,ok,"Budapest, Ilka u. 25, 1143 Hungary","https://www.google.com/maps/place/Budapest,+Ilka+u.+25,+1143+Hungary/@47.5080199,19.0984939,17z/data=!3m1!4b1!4m6!3m5!1s0x4741dc8308724791:0xb0dc1e5e57ed52f8!8m2!3d47.5080199!4d19.0984939!16s%2Fg%2F11knktkvjk?hl=en&entry=ttu&g_ep=EgoyMDI2MDkxMy4wIKXMDSoASAFQAw%3D%3D"
Trafik Akumal Bt.,DKE1600000326,1142 Budapest 14. ker. Nagy Lajos Király 82/B,2016.04.22,2033.06.30,47.5118599,19.125057,ok,"Budapest, Nagy Lajos király útja 82b, 1148 Hungary","https://www.google.com/maps/place/Budapest,+Nagy+Lajos+kir%C3%A1ly+%C3%BAtja+82b,+1148+Hungary/@47.5118599,19.125057,17z/data=!3m1!4b1!4m6!3m5!1s0x4741db5c206e6785:0x11f6b4f55bc7fc89!8m2!3d47.5118599!4d19.125057!16s%2Fg%2F11fj5s867l?hl=en&entry=ttu&g_ep=EgoyMDI2MDkxMy4wIKXMDSoASAFQAw%3D%3D"
Trafik Holding Bt.,DKE1010000188,"1191 Budapest, Határ út M3 metrómegálló 150. üzlet",2026.07.22,2033.06.30,,,no_place,,"https://www.google.com/maps/search/1191+Budapest,+Hat%C3%A1r+%C3%BAt+M3+metr%C3%B3meg%C3%A1ll%C3%B3+150.+%C3%BCzlet/@47.4648325,19.1271861,17z/data=!3m1!4b1?hl=en&entry=ttu&g_ep=EgoyMDI2MDkxMy4wIKXMDSoASAFQAw%3D%3D"
Trafik Holding Bt.,DKE1700000092,"1039 Budapest, Rákóczi utca 36.",2022.01.14,2033.06.30,47.5807034,19.0496215,ok,"Budapest, Rákóczi u. 36, 1039 Hungary","https://www.google.com/maps/place/Budapest,+R%C3%A1k%C3%B3czi+u.+36,+1039+Hungary/@47.5807034,19.0496215,17z/data=!3m1!4b1!4m6!3m5!1s0x4741d9954d6df8e3:0x4c2cf7d2c9adf113!8m2!3d47.5807034!4d19.0496215!16s%2Fg%2F11hjhh5js7?hl=en&entry=ttu&g_ep=EgoyMDI2MDkxMy4wIKXMDSoASAFQAw%3D%3D"
Trafik Trend Bt,DKE1010000036,1096 Budapest 09. ker. Viola utca 35. 8/B.,2013.07.01,2033.06.30,47.4791177,19.074408,ok,Actor Hotel Budapest,"https://www.google.com/maps/place/Actor+Hotel+Budapest/@47.4791177,19.074408,17z/data=!3m1!4b1!4m9!3m8!1s0x4741c4d1714ae389:0x8b3846c36da4234f!5m2!4m1!1i2!8m2!3d47.4791177!4d19.074408!16s%2Fg%2F1tz7050r?hl=en&entry=ttu&g_ep=EgoyMDI2MDkxMy4wIKXMDSoASAFQAw%3D%3D"
Trafik Trend Bt.,DKE1010000040,"1195 Budapest, Városház tér 6.",2026.01.12,2033.06.30,47.4527147,19.1507361,ok,"Budapest, Városház tér 6, 1195 Hungary","https://www.google.com/maps/place/Budapest,+V%C3%A1rosh%C3%A1z+t%C3%A9r+6,+1195+Hungary/@47.4527147,19.1507361,17z/data=!3m1!4b1!4m6!3m5!1s0x4741c2e5155b321b:0xb30d30d9b146d7f6!8m2!3d47.4527147!4d19.1507361!16s%2Fg%2F11hdlnvb4p?hl=en&entry=ttu&g_ep=EgoyMDI2MDkxMy4wIKXMDSoASAFQAw%3D%3D"
Trafik Város Bt,DKE1010000295,"1097 Budapest, 38236/202. hrsz.",2025.03.27,2033.06.30,47.4978789,19.0402383,no_place,,"https://www.google.com/maps/search/1097+Budapest,+38236%2F202.+hrsz./@47.4890751,19.0495136,13z/data=!3m1!4b1?hl=en&entry=ttu&g_ep=EgoyMDI2MDkxMy4wIKXMDSoASAFQAw%3D%3D"
Trafik Város Bt,DKE1010000305,1098 Budapest 09. ker. Napfény utca 2.,2013.07.01,2033.06.30,47.4632626,19.1153043,ok,"Budapest, Napfény u. 2, 1098 Hungary","https://www.google.com/maps/place/Budapest,+Napf%C3%A9ny+u.+2,+1098+Hungary/@47.4632626,19.1153043,17z/data=!3m1!4b1!4m6!3m5!1s0x4741dd150cecdd65:0xbac6526659457254!8m2!3d47.4632626!4d19.1153043!16s%2Fg%2F11vjcp7hsc?hl=en&entry=ttu&g_ep=EgoyMDI2MDkxMy4wIKXMDSoASAFQAw%3D%3D"
Trafik Város Bt,DKE1010000306,1097 Budapest 09. ker. Mester utca 22.,2013.07.01,2033.06.30,47.4793255,19.0727945,ok,Impasto Pizza,"https://www.google.com/maps/place/Impasto+Pizza/@47.4793255,19.0727945,17z/data=!3m1!4b1!4m6!3m5!1s0x4741dd90b377cfb7:0xee1b7a8340c60ec5!8m2!3d47.4793255!4d19.0727945!16s%2Fg%2F11fl6_0lfj?hl=en&entry=ttu&g_ep=EgoyMDI2MDkxMy4wIKXMDSoASAFQAw%3D%3D"
TRAFIK VÁROS Bt.,DKE1010000315,"1097 Budapest, Illatos út 1.",2022.02.02,2033.06.30,47.454496,19.0882992,ok,"Budapest, Illatos út 1, 1097 Hungary","https://www.google.com/maps/place/Budapest,+Illatos+%C3%BAt+1,+1097+Hungary/@47.454496,19.0882992,17z/data=!3m1!4b1!4m6!3m5!1s0x4741dd38d85e0b3d:0x97987f0ebc419104!8m2!3d47.454496!4d19.0882992!16s%2Fg%2F11vwhhd0l4?hl=en&entry=ttu&g_ep=EgoyMDI2MDkxMy4wIKXMDSoASAFQAw%3D%3D"
Trafik-System Dél Bt.,DKE1600000301,"1064 Budapest, Vörösmarty utca 63.",2023.02.17,2033.06.30,47.5097629,19.063131,ok,"Budapest, Vörösmarty u. 63, 1064 Hungary","https://www.google.com/maps/place/Budapest,+V%C3%B6r%C3%B6smarty+u.+63,+1064+Hungary/@47.5097629,19.063131,17z/data=!3m1!4b1!4m6!3m5!1s0x4741dc72532c30bf:0xf22e6aa45ad2680a!8m2!3d47.5097629!4d19.063131!16s%2Fg%2F11j8vzld0d?hl=en&entry=ttu&g_ep=EgoyMDI2MDkxMy4wIKXMDSoASAFQAw%3D%3D"
Trafikál Trade Bt,DKE1010000224,1113 Budapest 11. ker. Karolina út 37/a,2013.07.01,2033.06.30,47.4778269,19.0317283,ok,"Budapest, Karolina út 37/A, 1113 Hungary","https://www.google.com/maps/place/Budapest,+Karolina+%C3%BAt+37%2FA,+1113+Hungary/@47.4778269,19.0317283,17z/data=!3m1!4b1!4m6!3m5!1s0x4741ddcbc458eff7:0xaa52f74a07e2324f!8m2!3d47.4778269!4d19.0317283!16s%2Fg%2F11x_r55nhv?hl=en&entry=ttu&g_ep=EgoyMDI2MDkxMy4wIKXMDSoASAFQAw%3D%3D"
Trafikál Trade Bt,DKE1600000218,1106 Budapest 10. ker. Kerepesi   73.,2013.07.01,2033.06.30,47.5045992,19.1518478,ok,"Budapest, Kerepesi út 73, 1106 Hungary","https://www.google.com/maps/place/Budapest,+Kerepesi+%C3%BAt+73,+1106+Hungary/@47.5045992,19.1518478,17z/data=!3m1!4b1!4m6!3m5!1s0x4741c4a980232e07:0x194f9408a6d929a3!8m2!3d47.5045992!4d19.1518478!16s%2Fg%2F11bw3x5d8y?hl=en&entry=ttu&g_ep=EgoyMDI2MDkxMy4wIKXMDSoASAFQAw%3D%3D"
Trafikárium Bt.,DKE1010000241,"1117 Budapest, Hengermalom út 16.",2025.10.01,2033.06.30,47.4620423,19.0472009,ok,"Budapest, Hengermalom út 16, 1117 Hungary","https://www.google.com/maps/place/Budapest,+Hengermalom+%C3%BAt+16,+1117+Hungary/@47.4620423,19.0472009,17z/data=!3m1!4b1!4m6!3m5!1s0x4741dda3d19a4715:0xd93186dd409a7399!8m2!3d47.4620423!4d19.0472009!16s%2Fg%2F11gr7y3k1r?hl=en&entry=ttu&g_ep=EgoyMDI2MDkxMy4wIKXMDSoASAFQAw%3D%3D"
Trafikárium Bt.,DKE1010000256,"1116 Budapest, XI.ker 43903/2/A/28. címképzés alatt",2023.01.23,2033.06.30,47.5093347,19.0378502,no_place,,"https://www.google.com/maps/search/1116+Budapest,+XI.ker+43903%2F2%2FA%2F28.+c%C3%ADmk%C3%A9pz%C3%A9s+alatt/@47.446298,19.0315344,14z/data=!3m1!4b1?hl=en&entry=ttu&g_ep=EgoyMDI2MDkxMy4wIKXMDSoASAFQAw%3D%3D"
Trafikárium Bt.,DKE1010000278,"1119 Budapest, Etele út 32.",2023.01.23,2033.06.30,47.463281,19.034171,ok,"Budapest, Etele út 32, 1119 Hungary","https://www.google.com/maps/place/Budapest,+Etele+%C3%BAt+32,+1119+Hungary/@47.463281,19.034171,17z/data=!3m1!4b1!4m6!3m5!1s0x4741ddbdd788ab9b:0x18aeb634c8b75947!8m2!3d47.463281!4d19.034171!16s%2Fg%2F11rg68w_wt?hl=en&entry=ttu&g_ep=EgoyMDI2MDkxMy4wIKXMDSoASAFQAw%3D%3D"
Trafikárium Bt.,DKE1700000159,"1032 Budapest, Kiscelli utca 2.",2023.01.23,2033.06.30,47.5388081,19.0397361,ok,"Budapest, Kiscelli u. 2, 1032 Hungary","https://www.google.com/maps/place/Budapest,+Kiscelli+u.+2,+1032+Hungary/@47.5388081,19.0397361,17z/data=!3m1!4b1!4m6!3m5!1s0x4741d95c4908fb9d:0xaa2fe1c25fe52476!8m2!3d47.5388081!4d19.0397361!16s%2Fg%2F11nnkqqlk6?hl=en&entry=ttu&g_ep=EgoyMDI2MDkxMy4wIKXMDSoASAFQAw%3D%3D"
Trafikárium Tabak Bt.,DKE1010000226,1212 Budapest 21. ker. Szebeni utca 2.,2013.07.01,2033.06.30,47.4202861,19.0735715,ok,"Budapest, Szebeni u. 2, 1212 Hungary","https://www.google.com/maps/place/Budapest,+Szebeni+u.+2,+1212+Hungary/@47.4202861,19.0735715,17z/data=!3m1!4b1!4m6!3m5!1s0x4741e7e5b8089e73:0x12032f8dc4a9025a!8m2!3d47.4202861!4d19.0735715!16s%2Fg%2F11fswgfmcz?hl=en&entry=ttu&g_ep=EgoyMDI2MDkxMy4wIKXMDSoASAFQAw%3D%3D"
Trafikárium Tabak Bt.,DKE1010000281,"1185 Budapest, BUD
 Nemzetközi Repülőtér T 2 A
 1.106 üzlet (érkezési szint)",2024.07.13,2033.06.30,,,no_place,,"https://www.google.com/maps/search/1185+Budapest,+BUD%0A+Nemzetk%C3%B6zi+Rep%C3%BCl%C5%91t%C3%A9r+T+2+A%0A+1.106+%C3%BCzlet+(%C3%A9rkez%C3%A9si+szint)/@47.4341624,19.2434329,15z/data=!3m1!4b1?hl=en&entry=ttu&g_ep=EgoyMDI2MDkxMy4wIKXMDSoASAFQAw%3D%3D"
Trafikárium Tabak Bt.,DKE1700000101,1048 Budapest 04. ker. Megyeri út 205. C ép.,2013.07.01,2033.06.30,47.5927699,19.11839,ok,"Budapest, Megyeri út 205-C ép, 1048 Hungary","https://www.google.com/maps/place/Budapest,+Megyeri+%C3%BAt+205-C+%C3%A9p,+1048+Hungary/@47.5927699,19.11839,17z/data=!3m1!4b1!4m5!3m4!1s0x4741d09f13370ccb:0x78eb0d0d63b34bd2!8m2!3d47.5927699!4d19.11839?hl=en&entry=ttu&g_ep=EgoyMDI2MDkxMy4wIKXMDSoASAFQAw%3D%3D"
Trafikmax Bt.,DKE1700000113,"1039 Budapest, Csobánka tér 3.",2021.11.29,2033.06.30,47.5989315,19.052086,ok,"Budapest, Csobánka tér 3, 1039 Hungary","https://www.google.com/maps/place/Budapest,+Csob%C3%A1nka+t%C3%A9r+3,+1039+Hungary/@47.5989315,19.052086,17z/data=!3m1!4b1!4m6!3m5!1s0x4741d9d8dcde633b:0xb12202ed2e5ef1c6!8m2!3d47.5989315!4d19.052086!16s%2Fg%2F11csl2xrrn?hl=en&entry=ttu&g_ep=EgoyMDI2MDkxMy4wIKXMDSoASAFQAw%3D%3D"
Trafikmax Bt.,DKE1700000114,"1033 Budapest, Zab utca 10.",2026.08.17,2033.06.30,47.553786,19.041552,ok,"Budapest, Zab u. 10, 1033 Hungary","https://www.google.com/maps/place/Budapest,+Zab+u.+10,+1033+Hungary/@47.553786,19.041552,17z/data=!3m1!4b1!4m6!3m5!1s0x4741d9705161dc15:0xf3f1f6d911fc3d74!8m2!3d47.553786!4d19.041552!16s%2Fg%2F11nr8773q9?hl=en&entry=ttu&g_ep=EgoyMDI2MDkxMy4wIKXMDSoASAFQAw%3D%3D"
Trafikon Tobacco Bt.,DKE1010000137,1092 Budapest 09. ker. Bakáts tér 2.,2013.07.01,2033.06.30,47.4828304,19.0661502,ok,"Budapest, Bakáts tér 2, 1092 Hungary","https://www.google.com/maps/place/Budapest,+Bak%C3%A1ts+t%C3%A9r+2,+1092+Hungary/@47.4828304,19.0661502,17z/data=!3m1!4b1!4m6!3m5!1s0x4741dc565f4f0f8b:0x83112f88ed4fe84e!8m2!3d47.4828304!4d19.0661502!16s%2Fg%2F11nnkly92k?hl=en&entry=ttu&g_ep=EgoyMDI2MDkxMy4wIKXMDSoASAFQAw%3D%3D"
Trafikoord Sales Bt.,DKE1600000188,"1082 Budapest, Baross utca 70-72.",2022.06.10,2033.06.30,47.489656,19.0766787,ok,"Budapest, Baross u 70-72, 1082 Hungary","https://www.google.com/maps/place/Budapest,+Baross+u+70-72,+1082+Hungary/@47.489656,19.0766787,17z/data=!3m1!4b1!4m6!3m5!1s0x4741dcf5dff83749:0x355f15d62d70bcd9!8m2!3d47.489656!4d19.0766787!16s%2Fg%2F11q2vxs1h6?hl=en&entry=ttu&g_ep=EgoyMDI2MDkxMy4wIKXMDSoASAFQAw%3D%3D"
Trafikoord Sales Bt.,DKE1600000190,"1076 Budapest, Garay tér 3-4.",2022.06.10,2033.06.30,47.503758,19.0847488,ok,"Budapest, Garay tér 3-4, 1076 Hungary","https://www.google.com/maps/place/Budapest,+Garay+t%C3%A9r+3-4,+1076+Hungary/@47.503758,19.0847488,17z/data=!3m1!4b1!4m6!3m5!1s0x4741dc87fc0f5767:0x9d51491884d231b7!8m2!3d47.503758!4d19.0847488!16s%2Fg%2F11xt3xz2bk?hl=en&entry=ttu&g_ep=EgoyMDI2MDkxMy4wIKXMDSoASAFQAw%3D%3D"
Trio M3 Kereskedelmi Bt,DKE1600000317,1171 Budapest 17. ker. Péceli út 147.,2014.10.15,2034.08.26,47.4850003,19.281502,ok,"Budapest, Péceli út 147, 1171 Hungary","https://www.google.com/maps/place/Budapest,+P%C3%A9celi+%C3%BAt+147,+1171+Hungary/@47.4850003,19.281502,17z/data=!3m1!4b1!4m6!3m5!1s0x4741c6c98c768477:0xb462698812d895dc!8m2!3d47.4850003!4d19.281502!16s%2Fg%2F11hf81l2cq?hl=en&entry=ttu&g_ep=EgoyMDI2MDkxMy4wIKXMDSoASAFQAw%3D%3D"
Triola-Trafik Bt,DKE1600000046,1154 Budapest 15. ker. Bezerédi Pál utca 136.,2013.07.01,2033.06.30,47.5503562,19.1175339,ok,"Budapest, Bezerédj Pál u. 136, 1152 Hungary","https://www.google.com/maps/place/Budapest,+Bezer%C3%A9dj+P%C3%A1l+u.+136,+1152+Hungary/@47.5503562,19.1175339,17z/data=!3m1!4b1!4m6!3m5!1s0x4741daff8e7337ab:0xc6cf0bd75ec31e8e!8m2!3d47.5503562!4d19.1175339!16s%2Fg%2F11fwhk_kxr?hl=en&entry=ttu&g_ep=EgoyMDI2MDkxMy4wIKXMDSoASAFQAw%3D%3D"
Tsmith Dohány Bt,DKE1700000241,"1138 Budapest, Váci út 165.",2023.04.12,2033.06.30,47.5511874,19.0745997,ok,"Budapest, Váci út 165, 1138 Hungary","https://www.google.com/maps/place/Budapest,+V%C3%A1ci+%C3%BAt+165,+1138+Hungary/@47.5511874,19.0745997,17z/data=!3m1!4b1!4m6!3m5!1s0x4741dbcddfe5c8ed:0xc192274928672dea!8m2!3d47.5511874!4d19.0745997!16s%2Fg%2F11c5n3nlsb?hl=en&entry=ttu&g_ep=EgoyMDI2MDkxMy4wIKXMDSoASAFQAw%3D%3D"
Tubak Trafik Bt,DKE1600000059,1163 Budapest 16. ker. Veres Péter utca 15/c.,2013.07.01,2033.06.30,47.5135015,19.1994922,no_place,,"https://www.google.com/maps/search/1163+Budapest+16.+ker.+Veres+P%C3%A9ter+utca+15%2Fc./@47.5074306,19.1718649,17z/data=!3m1!4b1?hl=en&entry=ttu&g_ep=EgoyMDI2MDkxMy4wIKXMDSoASAFQAw%3D%3D"
Tündi Trafik Bt.,DKE1010000219,"1117 Budapest, Völgycsillag utca 2.",2026.01.30,2033.06.30,47.468257,19.056258,ok,"Budapest, Völgycsillag u 2, 1117 Hungary","https://www.google.com/maps/place/Budapest,+V%C3%B6lgycsillag+u+2,+1117+Hungary/@47.468257,19.056258,17z/data=!3m1!4b1!4m6!3m5!1s0x4741dda87cef5a69:0xbc439df44c34e196!8m2!3d47.468257!4d19.056258!16s%2Fg%2F11z7qnpvxf?hl=en&entry=ttu&g_ep=EgoyMDI2MDkxMy4wIKXMDSoASAFQAw%3D%3D"
Tündi Trafik Bt.,DKE1700000189,"1039 Budapest, Szentendrei út 251-253",2023.01.30,2033.06.30,47.5810984,19.0474134,ok,"Budapest, Szentendrei út 251-253, 1039 Hungary","https://www.google.com/maps/place/Budapest,+Szentendrei+%C3%BAt+251-253,+1039+Hungary/@47.5810984,19.0474134,17z/data=!3m1!4b1!4m6!3m5!1s0x4741d9bff67fd07b:0x657925d98f4bcf14!8m2!3d47.5810984!4d19.0474134!16s%2Fg%2F11c2dbbhq_?hl=en&entry=ttu&g_ep=EgoyMDI2MDkxMy4wIKXMDSoASAFQAw%3D%3D"
Tűzsugár Bt.,DKE8310000027,3104 Salgótarján Budapesti út 6363 hrsz.,2013.07.01,2033.06.30,48.0644506,19.7825358,no_place,,"https://www.google.com/maps/search/3104+Salg%C3%B3tarj%C3%A1n+Budapesti+%C3%BAt+6363+hrsz./@48.0650817,19.7832383,15z/data=!3m1!4b1?hl=en&entry=ttu&g_ep=EgoyMDI2MDkxMy4wIKXMDSoASAFQAw%3D%3D"
Ugra Szivar Bt.,DKE1600000278,"1144 Budapest, Szentmihályi út 23.",2022.09.22,2033.06.30,47.5093215,19.148954,ok,"Budapest, Szentmihályi út 23, 1144 Hungary","https://www.google.com/maps/place/Budapest,+Szentmih%C3%A1lyi+%C3%BAt+23,+1144+Hungary/@47.5093215,19.148954,17z/data=!3m1!4b1!4m6!3m5!1s0x4741c4acc40c24ab:0x555c7aec64e0b6a3!8m2!3d47.5093215!4d19.148954!16s%2Fg%2F11jn4cm8qz?hl=en&entry=ttu&g_ep=EgoyMDI2MDkxMy4wIKXMDSoASAFQAw%3D%3D"
Unger-Dohány Bt.,DKE1600000180,"1072 Budapest, Akácfa utca 16.",2021.11.22,2033.06.30,47.4983743,19.0677234,ok,"Budapest, Akácfa u. 16, 1072 Hungary","https://www.google.com/maps/place/Budapest,+Ak%C3%A1cfa+u.+16,+1072+Hungary/@47.4983743,19.0677234,17z/data=!3m1!4b1!4m6!3m5!1s0x4741dc67b646517f:0x159b2990c502a264!8m2!3d47.4983743!4d19.0677234!16s%2Fg%2F11p110t_sl?hl=en&entry=ttu&g_ep=EgoyMDI2MDkxMy4wIKXMDSoASAFQAw%3D%3D"
UPA Dohánybolt Bt,DKE1600000141,1174 Budapest 17. ker. Baross utca 2.,2013.07.01,2033.06.30,47.4678122,19.2440733,ok,"Budapest, Baross u. 2, 1117 Hungary","https://www.google.com/maps/place/Budapest,+Baross+u.+2,+1117+Hungary/@47.4678122,19.2440733,17z/data=!3m1!4b1!4m6!3m5!1s0x4741c15e7b275791:0x1da8d16096c94a45!8m2!3d47.4678122!4d19.2440733!16s%2Fg%2F11v66z2b4b?hl=en&entry=ttu&g_ep=EgoyMDI2MDkxMy4wIKXMDSoASAFQAw%3D%3D"
Urmily Dohány Bt,DKE1600000289,1077 Budapest 07. ker. Király utca 91.,2013.07.01,2033.06.30,47.5056264,19.0697573,ok,"Budapest, Király u. 91, 1077 Hungary","https://www.google.com/maps/place/Budapest,+Kir%C3%A1ly+u.+91,+1077+Hungary/@47.5056264,19.0697573,17z/data=!3m1!4b1!4m6!3m5!1s0x4741dc6fe4d95671:0x381cc22521daa1e8!8m2!3d47.5056264!4d19.0697573!16s%2Fg%2F11nnkqft85?hl=en&entry=ttu&g_ep=EgoyMDI2MDkxMy4wIKXMDSoASAFQAw%3D%3D"
USAYER Trafik Bt.,DKE1010000208,1117 Budapest 11. ker. Budafoki út 113.,2013.07.01,2033.06.30,47.4622514,19.0523715,ok,"Budapest, Budafoki út 113, 1117 Hungary","https://www.google.com/maps/place/Budapest,+Budafoki+%C3%BAt+113,+1117+Hungary/@47.4622514,19.0523715,17z/data=!3m1!4b1!4m6!3m5!1s0x4741dda0dc3c53cd:0x5e0d4b33f6827dc2!8m2!3d47.4622514!4d19.0523715!16s%2Fg%2F11fwhm42mj?hl=en&entry=ttu&g_ep=EgoyMDI2MDkxMy4wIKXMDSoASAFQAw%3D%3D"
USAYER Trafik Bt.,DKE1010000209,1116 Budapest 11. ker. Fehérvári út 118/A,2013.07.01,2033.06.30,47.458284,19.04103,ok,"Budapest, Fehérvári út 118A, 1116 Hungary","https://www.google.com/maps/place/Budapest,+Feh%C3%A9rv%C3%A1ri+%C3%BAt+118A,+1116+Hungary/@47.458284,19.04103,17z/data=!3m1!4b1!4m6!3m5!1s0x4741dd985a76edb5:0x21991c18d2d45408!8m2!3d47.458284!4d19.04103!16s%2Fg%2F11zbqklm1x?hl=en&entry=ttu&g_ep=EgoyMDI2MDkxMy4wIKXMDSoASAFQAw%3D%3D"
Utry Zsanett Mónika,DKE1600000044,1103 Budapest 10. ker. Sibrik Miklós utca 23.,2013.07.01,2033.06.30,47.4690678,19.1569186,ok,"Budapest, Sibrik Miklós út 23, 1103 Hungary","https://www.google.com/maps/place/Budapest,+Sibrik+Mikl%C3%B3s+%C3%BAt+23,+1103+Hungary/@47.4690678,19.1569186,17z/data=!3m1!4b1!4m6!3m5!1s0x4741c31a26d0eab5:0x86f4f4b377de8aa!8m2!3d47.4690678!4d19.1569186!16s%2Fg%2F11gm_l_p_y?hl=en&entry=ttu&g_ep=EgoyMDI2MDkxMy4wIKXMDSoASAFQAw%3D%3D"
Uzoni Roland Tamás,DKE1600000142,"1104 Budapest, Sörgyár utca 75.",2023.03.23,2033.06.30,47.4788983,19.1588599,ok,"Budapest, Sörgyár u. 75, 1104 Hungary","https://www.google.com/maps/place/Budapest,+S%C3%B6rgy%C3%A1r+u.+75,+1104+Hungary/@47.4788983,19.1588599,17z/data=!3m1!4b1!4m6!3m5!1s0x4741c31510a7e109:0x35f586bd35881fb7!8m2!3d47.4788983!4d19.1588599!16s%2Fg%2F11rp4531yd?hl=en&entry=ttu&g_ep=EgoyMDI2MDkxMy4wIKXMDSoASAFQAw%3D%3D"
Uzoni Tamás,DKE1010000091,1118 Budapest 11. ker. Nagyszeben tér 2. Fsz.,2013.07.01,2033.06.30,47.4661676,19.0037969,ok,"Budapest, Nagyszeben tér 2, 1118 Hungary","https://www.google.com/maps/place/Budapest,+Nagyszeben+t%C3%A9r+2,+1118+Hungary/@47.4661676,19.0037969,17z/data=!3m1!4b1!4m6!3m5!1s0x4741dde09b0cefab:0xe9f61fc1e77baadc!8m2!3d47.4661676!4d19.0037969!16s%2Fg%2F11j6zkkr8c?hl=en&entry=ttu&g_ep=EgoyMDI2MDkxMy4wIKXMDSoASAFQAw%3D%3D"
Váradi András,DKE1600000210,1165 Budapest 16. ker. Újszász utca 45/B   G épület,2013.07.01,2033.06.30,47.5052033,19.1975464,no_place,,"https://www.google.com/maps/search/1165+Budapest+16.+ker.+%C3%9Ajsz%C3%A1sz+utca+45%2FB+++G+%C3%A9p%C3%BClet/@47.5118654,19.1988125,15z/data=!3m1!4b1?hl=en&entry=ttu&g_ep=EgoyMDI2MDkxMy4wIKXMDSoASAFQAw%3D%3D"
Varázs Trafik Bt.,DKE1600000214,"1158 Budapest, Késmárk utca 7/B.",2025.09.28,2033.06.30,47.5340093,19.140744,ok,"Budapest, Késmárk u 7/B, 1158 Hungary","https://www.google.com/maps/place/Budapest,+K%C3%A9sm%C3%A1rk+u+7%2FB,+1158+Hungary/@47.5340093,19.140744,17z/data=!3m1!4b1!4m6!3m5!1s0x4741db3cb7c0f1ef:0x14513b2c6467edf3!8m2!3d47.5340093!4d19.140744!16s%2Fg%2F11ntfd4c7v?hl=en&entry=ttu&g_ep=EgoyMDI2MDkxMy4wIKXMDSoASAFQAw%3D%3D"
Varnyú Csaba,DKE1600000084,"1086 Budapest, Karácsony Sándor utca 19. A. lph. fsz.",2023.11.10,2033.06.30,47.4909038,19.0848894,no_place,,"https://www.google.com/maps/search/1086+Budapest,+Kar%C3%A1csony+S%C3%A1ndor+utca+19.+A.+lph.+fsz./@47.4910991,19.0845812,17z/data=!3m1!4b1?hl=en&entry=ttu&g_ep=EgoyMDI2MDkxMy4wIKXMDSoASAFQAw%3D%3D"
Vida János Lászlóné,DKE1700000036,1043 Budapest 04. ker. Nap   16.,2013.07.01,2033.06.30,47.5548501,19.095262,ok,"Budapest, Nap u. 16, 1045 Hungary","https://www.google.com/maps/place/Budapest,+Nap+u.+16,+1045+Hungary/@47.5548501,19.095262,17z/data=!3m1!4b1!4m6!3m5!1s0x4741da4b0bf13c09:0x66fd1be695d050a6!8m2!3d47.5548501!4d19.095262!16s%2Fg%2F11c5p5w_92?hl=en&entry=ttu&g_ep=EgoyMDI2MDkxMy4wIKXMDSoASAFQAw%3D%3D"
Vida János Lászlóné,DKE1700000039,1039 Budapest 03. ker. Heltai Jenő tér 2.,2013.07.01,2033.06.30,47.5984207,19.0575648,ok,"Budapest, Heltai Jenő tér 2, 1039 Hungary","https://www.google.com/maps/place/Budapest,+Heltai+Jen%C5%91+t%C3%A9r+2,+1039+Hungary/@47.5984207,19.0575648,17z/data=!3m1!4b1!4m6!3m5!1s0x4741d9df08d20f61:0x24606e0ad66299e4!8m2!3d47.5984207!4d19.0575648!16s%2Fg%2F11j8w5wf2v?hl=en&entry=ttu&g_ep=EgoyMDI2MDkxMy4wIKXMDSoASAFQAw%3D%3D"
Vident Tabak Bt.,DKE1010000216,1124 Budapest 12. ker. Kiss János altábornagy utca 50/a,2013.07.01,2033.06.30,47.4919756,19.0161959,ok,"Budapest, Kiss János altábornagy u. 50a, 1124 Hungary","https://www.google.com/maps/place/Budapest,+Kiss+J%C3%A1nos+alt%C3%A1bornagy+u.+50a,+1124+Hungary/@47.4919756,19.0161959,17z/data=!3m1!4b1!4m6!3m5!1s0x4741de827b98a9f9:0x6eb99002fd5eac25!8m2!3d47.4919756!4d19.0161959!16s%2Fg%2F11rcxc8zb3?hl=en&entry=ttu&g_ep=EgoyMDI2MDkxMy4wIKXMDSoASAFQAw%3D%3D"
Vident Tabak Bt.,DKE1010000246,1123 Budapest 12. ker. Alkotás utca 13.,2013.07.01,2033.06.30,47.4987735,19.0236083,ok,"Budapest, Alkotás u. 13, 1123 Hungary","https://www.google.com/maps/place/Budapest,+Alkot%C3%A1s+u.+13,+1123+Hungary/@47.4987735,19.0236083,17z/data=!3m1!4b1!4m6!3m5!1s0x4741dc20cb1ab383:0xf2309fef659fd6f1!8m2!3d47.4987735!4d19.0236083!16s%2Fg%2F11yb03pj79?hl=en&entry=ttu&g_ep=EgoyMDI2MDkxMy4wIKXMDSoASAFQAw%3D%3D"
Vident Tabak Bt.,DKE1010000271,1184 Budapest 18. ker. Havanna utca 44,2013.07.01,2033.06.30,47.4393542,19.1652147,ok,"Budapest, Havanna u. 44, 1181 Hungary","https://www.google.com/maps/place/Budapest,+Havanna+u.+44,+1181+Hungary/@47.4393542,19.1652147,17z/data=!3m1!4b1!4m6!3m5!1s0x4741c25dfb2295cd:0x3032f82bb233a268!8m2!3d47.4393542!4d19.1652147!16s%2Fg%2F11xt3zc4n7?hl=en&entry=ttu&g_ep=EgoyMDI2MDkxMy4wIKXMDSoASAFQAw%3D%3D"
Vident Tabak Bt.,DKE1010000285,1123 Budapest 12. ker. Alkotás utca 53.,2013.07.01,2033.06.30,47.4909118,19.023036,ok,"Budapest, Alkotás u. 53, 1123 Hungary","https://www.google.com/maps/place/Budapest,+Alkot%C3%A1s+u.+53,+1123+Hungary/@47.4907016,19.0220926,18z/data=!3m1!4b1!4m6!3m5!1s0x4741dc2ed6d1ca31:0x65fd3c83e750ec68!8m2!3d47.4909118!4d19.023036!16s%2Fg%2F11xp85ybml?hl=en&entry=ttu&g_ep=EgoyMDI2MDkxMy4wIKXMDSoASAFQAw%3D%3D"
Vident Tabak Bt.,DKE1010000286,1181 Budapest 18. ker. Csontváry utca 23.,2013.07.01,2033.06.30,47.4387088,19.1686631,ok,"Budapest, Csontváry Kosztka Tivadar u. 23, 1181 Hungary","https://www.google.com/maps/place/Budapest,+Csontv%C3%A1ry+Kosztka+Tivadar+u.+23,+1181+Hungary/@47.4387088,19.1686631,17z/data=!3m1!4b1!4m6!3m5!1s0x4741c25d82e6a3e7:0x7c71d2a879d6ca26!8m2!3d47.4387088!4d19.1686631!16s%2Fg%2F11q2n9t5x9?hl=en&entry=ttu&g_ep=EgoyMDI2MDkxMy4wIKXMDSoASAFQAw%3D%3D"
Viktor Tobacco Bt.,DKE1010000097,"1213 Budapest, Szent István út 190/A.",2022.01.07,2033.06.30,47.4058062,19.0907717,ok,"Budapest, Szent István út 190, 1213 Hungary","https://www.google.com/maps/place/Budapest,+Szent+Istv%C3%A1n+%C3%BAt+190,+1213+Hungary/@47.4058062,19.0907717,17z/data=!3m1!4b1!4m6!3m5!1s0x4741e86e00c7748f:0x9ff96b768ca0ded6!8m2!3d47.4058062!4d19.0907717!16s%2Fg%2F11fsx724pn?hl=en&entry=ttu&g_ep=EgoyMDI2MDkxMy4wIKXMDSoASAFQAw%3D%3D"
Viktor Tobacco Bt.,DKE1010000117,1223 Budapest 22. ker. Közgazdász utca 4.,2013.07.01,2033.06.30,47.4088571,19.0160129,ok,"Budapest, Közgazdász u. 4, 1223 Hungary","https://www.google.com/maps/place/Budapest,+K%C3%B6zgazd%C3%A1sz+u.+4,+1223+Hungary/@47.4088571,19.0160129,17z/data=!3m1!4b1!4m6!3m5!1s0x4741e70733cc4367:0x1e630ac6751ee947!8m2!3d47.4088571!4d19.0160129!16s%2Fg%2F11mcy54k3h?hl=en&entry=ttu&g_ep=EgoyMDI2MDkxMy4wIKXMDSoASAFQAw%3D%3D"
Vinos Trafik Bt.,DKE1010000157,1214 Budapest 21. ker. Nyírfa utca 27,2013.07.01,2033.06.30,47.4150996,19.0688556,ok,"Budapest, Nyírfa u. 27, 1214 Hungary","https://www.google.com/maps/place/Budapest,+Ny%C3%ADrfa+u.+27,+1214+Hungary/@47.4150996,19.0688556,17z/data=!3m1!4b1!4m5!3m4!1s0x4741e7e793189a41:0xecbabf258a09f090!8m2!3d47.4150996!4d19.0688556?hl=en&entry=ttu&g_ep=EgoyMDI2MDkxMy4wIKXMDSoASAFQAw%3D%3D"
Vinos Trafik Bt.,DKE1010000167,"1213 Budapest, Erdősor utca 133.",2013.08.15,2033.06.30,47.4084903,19.0730584,ok,"Budapest, Erdősor utca 133, 1214 Hungary","https://www.google.com/maps/place/Budapest,+Erd%C5%91sor+utca+133,+1214+Hungary/@47.4084903,19.0730584,17z/data=!3m1!4b1!4m6!3m5!1s0x4741e7d92e572d47:0x17b303e3a2ab28c5!8m2!3d47.4084903!4d19.0730584!16s%2Fg%2F11jn4cpb9d?hl=en&entry=ttu&g_ep=EgoyMDI2MDkxMy4wIKXMDSoASAFQAw%3D%3D"
Virginia Dohány Bt,DKE1010000089,1221 Budapest 22. ker. Leányka utca 13.,2013.07.01,2033.06.30,47.4328092,19.0367685,ok,"Budapest, Leányka u. 13, 1221 Hungary","https://www.google.com/maps/place/Budapest,+Le%C3%A1nyka+u.+13,+1221+Hungary/@47.4328092,19.0367685,17z/data=!3m1!4b1!4m6!3m5!1s0x4741e7828af959b5:0x278bd1162026ff19!8m2!3d47.4328092!4d19.0367685!16s%2Fg%2F11jn4dvxbn?hl=en&entry=ttu&g_ep=EgoyMDI2MDkxMy4wIKXMDSoASAFQAw%3D%3D"
Virginia Dohány Bt,DKE1010000116,1221 Budapest 22. ker. Arany János utca 55.,2013.07.01,2033.06.30,47.4296328,19.0205636,ok,"Budapest, Arany János u. 55, 1221 Hungary","https://www.google.com/maps/place/Budapest,+Arany+J%C3%A1nos+u.+55,+1221+Hungary/@47.4296328,19.0205636,17z/data=!3m1!4b1!4m6!3m5!1s0x4741e771bc41b62b:0x9a50d8efa429a16a!8m2!3d47.4296328!4d19.0205636!16s%2Fg%2F11jn4dwgjg?hl=en&entry=ttu&g_ep=EgoyMDI2MDkxMy4wIKXMDSoASAFQAw%3D%3D"
Virginia Tabak Bt.,DKE1010000320,1183 Budapest 18. ker. Balassa Bálint utca 2-10.,2013.07.04,2033.06.30,47.4416797,19.184337,ok,"Budapest, Balassa Bálint u. 2-10, 1183 Hungary","https://www.google.com/maps/place/Budapest,+Balassa+B%C3%A1lint+u.+2-10,+1183+Hungary/@47.4429394,19.1850921,17z/data=!3m1!4b1!4m6!3m5!1s0x4741c2465f7d2f75:0xb353c5ae4ab0afe6!8m2!3d47.4416797!4d19.184337!16s%2Fg%2F11j07vrlbk?hl=en&entry=ttu&g_ep=EgoyMDI2MDkxMy4wIKXMDSoASAFQAw%3D%3D"
Vogt Trafik Bt,DKE1010000229,1201 Budapest 20. ker. Török Flóris utca 240.,2013.07.01,2033.06.30,47.4234141,19.1237749,ok,"Budapest, Török Flóris u. 240, 1201 Hungary","https://www.google.com/maps/place/Budapest,+T%C3%B6r%C3%B6k+Fl%C3%B3ris+u.+240,+1201+Hungary/@47.4234141,19.1237749,17z/data=!3m1!4b1!4m6!3m5!1s0x4741e820da3c9bbd:0x5abe8734c54a323!8m2!3d47.4234141!4d19.1237749!16s%2Fg%2F11zgf9r_wd?hl=en&entry=ttu&g_ep=EgoyMDI2MDkxMy4wIKXMDSoASAFQAw%3D%3D"
Vogt Trafik Bt,DKE1010000230,1204 Budapest 20. ker. Orsolya utca 17.,2013.07.01,2033.06.30,47.428909,19.1272202,ok,"Budapest, Orsolya u. 17, 1204 Hungary","https://www.google.com/maps/place/Budapest,+Orsolya+u.+17,+1204+Hungary/@47.428909,19.1272202,17z/data=!3m1!4b1!4m6!3m5!1s0x4741c29ebde1feb1:0x9f6d425b531bfed6!8m2!3d47.428909!4d19.1272202!16s%2Fg%2F11pzt22khn?hl=en&entry=ttu&g_ep=EgoyMDI2MDkxMy4wIKXMDSoASAFQAw%3D%3D"
Vogt Trafik Bt,DKE1010000231,1204 Budapest 20. ker. Tátra tér 1.,2013.07.01,2033.06.30,47.4425544,19.1119977,ok,"Budapest, Tátra tér 1, 1204 Hungary","https://www.google.com/maps/place/Budapest,+T%C3%A1tra+t%C3%A9r+1,+1204+Hungary/@47.4425544,19.1119977,17z/data=!3m1!4b1!4m6!3m5!1s0x4741c2b1297e3025:0x87288568b69701af!8m2!3d47.4425544!4d19.1119977!16s%2Fg%2F11fwhl6m_r?hl=en&entry=ttu&g_ep=EgoyMDI2MDkxMy4wIKXMDSoASAFQAw%3D%3D"
Vogt Trafik Bt,DKE1010000233,1204 Budapest 20. ker. Nagysándor József utca 59.,2013.07.01,2033.06.30,47.4358001,19.1095106,ok,"Budapest, Nagysándor József u. 59, 1204 Hungary","https://www.google.com/maps/place/Budapest,+Nagys%C3%A1ndor+J%C3%B3zsef+u.+59,+1204+Hungary/@47.4358001,19.1095106,17z/data=!3m1!4b1!4m6!3m5!1s0x4741c2af9f99ef37:0x2a4a44f6b933fc8a!8m2!3d47.4358001!4d19.1095106!16s%2Fg%2F11lkhykkyc?hl=en&entry=ttu&g_ep=EgoyMDI2MDkxMy4wIKXMDSoASAFQAw%3D%3D"
Völgy Tabak Shop Ker. Bt,DKE1010000084,1118 Budapest 11. ker. Gazdagréti tér 8.,2013.07.01,2033.06.30,47.472977,18.9932145,ok,"Budapest, Gazdagréti tér 8, 1118 Hungary","https://www.google.com/maps/place/Budapest,+Gazdagr%C3%A9ti+t%C3%A9r+8,+1118+Hungary/@47.472977,18.9932145,17z/data=!3m1!4b1!4m6!3m5!1s0x4741de73d1a8a639:0x6700e14c8ac4886a!8m2!3d47.472977!4d18.9932145!16s%2Fg%2F11c5nzpfq7?hl=en&entry=ttu&g_ep=EgoyMDI2MDkxMy4wIKXMDSoASAFQAw%3D%3D"
VÖLGY TABAK-SHOP Bt.,DKE1010000113,"1122 Budapest, Krisztina körút 7.",2023.12.13,2033.06.30,47.5059678,19.0230902,ok,"Budapest, Krisztina krt. 7, 1122 Hungary","https://www.google.com/maps/place/Budapest,+Krisztina+krt.+7,+1122+Hungary/@47.5059678,19.0230902,17z/data=!3m1!4b1!4m6!3m5!1s0x4741dea052d7105d:0x8ffa9510ee15c4a1!8m2!3d47.5059678!4d19.0230902!16s%2Fg%2F11v9shqgsy?hl=en&entry=ttu&g_ep=EgoyMDI2MDkxMy4wIKXMDSoASAFQAw%3D%3D"
Vsmith Tobacco Bt.,DKE1600000251,"1088 Budapest, Rákóczi út 25.",2019.03.27,2033.06.30,47.4954276,19.0655993,ok,"Budapest, Rákóczi út 25, 1088 Hungary","https://www.google.com/maps/place/Budapest,+R%C3%A1k%C3%B3czi+%C3%BAt+25,+1088+Hungary/@47.4954276,19.0655993,17z/data=!3m1!4b1!4m6!3m5!1s0x4741dc5d6a95ad8b:0xfde29ee8b9b8d72!8m2!3d47.4954276!4d19.0655993!16s%2Fg%2F11nnsc7t50?hl=en&entry=ttu&g_ep=EgoyMDI2MDkxMy4wIKXMDSoASAFQAw%3D%3D"
Vsmith Tobacco Bt.,DKE1700000163,1024 Budapest 02. ker. Margit körút 105.,2013.07.01,2033.06.30,47.5079239,19.0243945,ok,"Budapest, Margit körút 105, 1024 Hungary","https://www.google.com/maps/place/Budapest,+Margit+k%C3%B6r%C3%BAt+105,+1024+Hungary/@47.5079239,19.0243945,17z/data=!3m1!4b1!4m6!3m5!1s0x4741dea0df2aa86d:0x7365ec401f7714bf!8m2!3d47.5079239!4d19.0243945!16s%2Fg%2F11q2vxwnmk?hl=en&entry=ttu&g_ep=EgoyMDI2MDkxMy4wIKXMDSoASAFQAw%3D%3D"
Vsmith Tobacco Bt.,DKE1700000228,1024 Budapest 02. ker. Margit körút 50-52.,2013.07.01,2033.06.30,47.5107442,19.0320751,ok,"Budapest, Margit körút 50-52, 1027 Hungary","https://www.google.com/maps/place/Budapest,+Margit+k%C3%B6r%C3%BAt+50-52,+1027+Hungary/@47.5107442,19.0320751,17z/data=!3m1!4b1!4m6!3m5!1s0x4741dc1d121a1447:0x7b199c09a8e8ac5c!8m2!3d47.5107442!4d19.0320751!16s%2Fg%2F11q2vxvmd8?hl=en&entry=ttu&g_ep=EgoyMDI2MDkxMy4wIKXMDSoASAFQAw%3D%3D"
Vsmith Tobacco Bt.,DKE1700000233,1023 Budapest 02. ker. Frankel Leó   21-23.,2013.07.01,2033.06.30,47.5167913,19.0367728,ok,"Budapest, Frankel Leó út 21-23, 1023 Hungary","https://www.google.com/maps/place/Budapest,+Frankel+Le%C3%B3+%C3%BAt+21-23,+1023+Hungary/@47.5167913,19.0367728,17z/data=!3m1!4b1!4m6!3m5!1s0x4741dc022808706f:0xd89d3337dded0756!8m2!3d47.5167913!4d19.0367728!16s%2Fg%2F11rgdlq7h5?hl=en&entry=ttu&g_ep=EgoyMDI2MDkxMy4wIKXMDSoASAFQAw%3D%3D"
Vudent Cigarette Bt.,DKE1010000250,1184 Budapest 18. ker. Üllői út 346.,2013.07.04,2033.06.30,47.4479392,19.1680225,ok,"Budapest, Üllői út 346, 1184 Hungary","https://www.google.com/maps/place/Budapest,+%C3%9Cll%C5%91i+%C3%BAt+346,+1184+Hungary/@47.4479392,19.1680225,17z/data=!3m1!4b1!4m6!3m5!1s0x4741c259d2e5895f:0xfbd4fa647cc5dc9d!8m2!3d47.4479392!4d19.1680225!16s%2Fg%2F11j8x3d4td?hl=en&entry=ttu&g_ep=EgoyMDI2MDkxMy4wIKXMDSoASAFQAw%3D%3D"
Vudent Cigarette Bt.,DKE1010000253,1188 Budapest 18. ker. Alacskai út 3.,2013.07.05,2033.06.30,47.4161659,19.2073139,ok,"Budapest, Alacskai út 3, 1188 Hungary","https://www.google.com/maps/place/Budapest,+Alacskai+%C3%BAt+3,+1188+Hungary/@47.4161659,19.2073139,17z/data=!3m1!4b1!4m6!3m5!1s0x4741c1feb4bb4ea3:0x8f66b2c34ba3319b!8m2!3d47.4161659!4d19.2073139!16s%2Fg%2F11gm_q0pqd?hl=en&entry=ttu&g_ep=EgoyMDI2MDkxMy4wIKXMDSoASAFQAw%3D%3D"
Vudent Cigarette Bt.,DKE1010000270,"1181 Budapest, Gyömrői út 154444/2. Hrsz.",2023.10.26,2033.06.30,47.4579273,19.1760905,no_place,,"https://www.google.com/maps/search/1181+Budapest,+Gy%C3%B6mr%C5%91i+%C3%BAt+154444%2F2.+Hrsz./@47.4614011,19.1659617,16z/data=!3m1!4b1?hl=en&entry=ttu&g_ep=EgoyMDI2MDkxMy4wIKXMDSoASAFQAw%3D%3D"
Vudent Cigarette Bt.,DKE1010000280,1188 Budapest 18. ker. Nagykőrösi út 73.,2013.07.04,2033.06.30,47.3988569,19.1916316,ok,"Budapest, Nagykőrösi út 73, 1188 Hungary","https://www.google.com/maps/place/Budapest,+Nagyk%C5%91r%C3%B6si+%C3%BAt+73,+1188+Hungary/@47.3988569,19.1916316,17z/data=!3m1!4b1!4m6!3m5!1s0x4741ea1dd94b6d09:0x63055e74393416eb!8m2!3d47.3988569!4d19.1916316!16s%2Fg%2F11nfrb05yj?hl=en&entry=ttu&g_ep=EgoyMDI2MDkxMy4wIKXMDSoASAFQAw%3D%3D"
Vudent Cigarette Bt.,DKE1010000283,1124 Budapest 12. ker. Pagony utca 29.,2013.07.05,2033.06.30,47.49522,19.0035977,ok,"Budapest, Pagony u. 29, 1124 Hungary","https://www.google.com/maps/place/Budapest,+Pagony+u.+29,+1124+Hungary/@47.49522,19.0035977,17z/data=!3m1!4b1!4m6!3m5!1s0x4741de8f8f7c70c3:0xb852a5a4ecfc76b3!8m2!3d47.49522!4d19.0035977!16s%2Fg%2F11jn4dz3m3?hl=en&entry=ttu&g_ep=EgoyMDI2MDkxMy4wIKXMDSoASAFQAw%3D%3D"
We-Tassy Ker.Bt.,DKE1010000037,1192 Budapest 19. ker. Nádasdy utca 31.,2022.04.14,2033.06.30,47.4497243,19.1299853,ok,"Budapest, Nádasdy u. 31, 1196 Hungary","https://www.google.com/maps/place/Budapest,+N%C3%A1dasdy+u.+31,+1196+Hungary/@47.4497243,19.1299853,17z/data=!3m1!4b1!4m6!3m5!1s0x4741c2c15e57e4f3:0xd4e3e2d8c076a001!8m2!3d47.4497243!4d19.1299853!16s%2Fg%2F11pw2v7y4y?hl=en&entry=ttu&g_ep=EgoyMDI2MDkxMy4wIKXMDSoASAFQAw%3D%3D"
Zácha Dohány Bt,DKE1010000200,1112 Budapest 11. ker. Budaörsi út 35.,2013.07.01,2033.06.30,47.4799944,19.0262779,ok,"Budapest, Budaörsi út 35, 1118 Hungary","https://www.google.com/maps/place/Budapest,+Buda%C3%B6rsi+%C3%BAt+35,+1118+Hungary/@47.4799944,19.0262779,17z/data=!3m1!4b1!4m6!3m5!1s0x4741ddcdaf81ef85:0x98af3a0ca009fae3!8m2!3d47.4799944!4d19.0262779!16s%2Fg%2F11rg67h7gq?hl=en&entry=ttu&g_ep=EgoyMDI2MDkxMy4wIKXMDSoASAFQAw%3D%3D"
Zácha Dohány Bt,DKE1010000268,1115 Budapest 11. ker. Kosztolányi Dezső tér 5.,2013.07.01,2033.06.30,47.4752138,19.0393929,ok,"Budapest, Kosztolányi Dezső tér 5, 1114 Hungary","https://www.google.com/maps/place/Budapest,+Kosztol%C3%A1nyi+Dezs%C5%91+t%C3%A9r+5,+1114+Hungary/@47.4752138,19.0393929,17z/data=!3m1!4b1!4m6!3m5!1s0x4741ddb685215d4f:0x2fcea676f8231db2!8m2!3d47.4752138!4d19.0393929!16s%2Fg%2F11xvr2hsw9?hl=en&entry=ttu&g_ep=EgoyMDI2MDkxMy4wIKXMDSoASAFQAw%3D%3D"
Zácha Dohány Bt,DKE1010000299,1117 Budapest 11. ker. Október huszonharmadika utca 21. fsz.,2013.07.01,2033.06.30,47.4733993,19.0499341,ok,"Budapest, Október huszonharmadika u. 21, 1117 Hungary","https://www.google.com/maps/place/Budapest,+Okt%C3%B3ber+huszonharmadika+u.+21,+1117+Hungary/@47.4733993,19.0499341,17z/data=!3m1!4b1!4m6!3m5!1s0x4741ddae0db5d65d:0x9791fb611f8828a7!8m2!3d47.4733993!4d19.0499341!16s%2Fg%2F11vyrhr3b4?hl=en&entry=ttu&g_ep=EgoyMDI2MDkxMy4wIKXMDSoASAFQAw%3D%3D"
Zácha Dohány Bt,DKE1600000223,1174 Budapest 17. ker. Kvasz András utca 27/C. 3.a,2013.07.01,2033.06.30,47.4707686,19.2282012,no_place,,"https://www.google.com/maps/search/1174+Budapest+17.+ker.+Kvasz+Andr%C3%A1s+utca+27%2FC.+3.a/@47.4695308,19.2267165,17z/data=!3m1!4b1?hl=en&entry=ttu&g_ep=EgoyMDI2MDkxMy4wIKXMDSoASAFQAw%3D%3D"
Zácha Dohány Bt,DKE1600000257,1173 Budapest 17. ker. Pesti út 16-18,2013.07.01,2033.06.30,47.4840615,19.2361478,ok,"Budapest, Pesti út 16-18, 1173 Hungary","https://www.google.com/maps/place/Budapest,+Pesti+%C3%BAt+16-18,+1173+Hungary/@47.4840615,19.2361478,17z/data=!3m1!4b1!4m6!3m5!1s0x4741c3f9b918c1a5:0x36c59f85fad608a3!8m2!3d47.4840615!4d19.2361478!16s%2Fg%2F11jn4fcwt2?hl=en&entry=ttu&g_ep=EgoyMDI2MDkxMy4wIKXMDSoASAFQAw%3D%3D"
Zália Dohány Bt,DKE1600000091,1073 Budapest 07. ker. Erzsébet körút 56.,2013.07.01,2033.06.30,47.5027635,19.0657598,ok,"Budapest, Erzsébet krt. 56, 1073 Hungary","https://www.google.com/maps/place/Budapest,+Erzs%C3%A9bet+krt.+56,+1073+Hungary/@47.5027635,19.0657598,17z/data=!3m1!4b1!4m6!3m5!1s0x4741dc6f2308116f:0x32486aa1db9f30e9!8m2!3d47.5027635!4d19.0657598!16s%2Fg%2F11j34gfvrk?hl=en&entry=ttu&g_ep=EgoyMDI2MDkxMy4wIKXMDSoASAFQAw%3D%3D"
Zália Dohány Bt,DKE1600000093,1064 Budapest 06. ker. Szondi utca 44/A,2013.07.01,2033.06.30,47.511401,19.0656604,ok,"Budapest, Szondi u. 44a, 1063 Hungary","https://www.google.com/maps/place/Budapest,+Szondi+u.+44a,+1063+Hungary/@47.511401,19.0656604,17z/data=!3m1!4b1!4m6!3m5!1s0x4741dc73f31d8639:0x37e648ec18f1200!8m2!3d47.511401!4d19.0656604!16s%2Fg%2F11khmpx7w1?hl=en&entry=ttu&g_ep=EgoyMDI2MDkxMy4wIKXMDSoASAFQAw%3D%3D"
Zália Dohány Bt,DKE1600000096,1074 Budapest 07. ker. Király utca 67.,2013.07.01,2033.06.30,47.5036784,19.0665339,ok,"Budapest, Király u. 67, 1077 Hungary","https://www.google.com/maps/place/Budapest,+Kir%C3%A1ly+u.+67,+1077+Hungary/@47.5036784,19.0665339,17z/data=!3m1!4b1!4m6!3m5!1s0x4741dc6f0595d51f:0xf1f6ce051bdf72c9!8m2!3d47.5036784!4d19.0665339!16s%2Fg%2F11q2njq333?hl=en&entry=ttu&g_ep=EgoyMDI2MDkxMy4wIKXMDSoASAFQAw%3D%3D"
Zália Dohány Bt,DKE1600000097,1062 Budapest 06. ker. Oktogon tér 4.,2013.07.01,2033.06.30,47.5057012,19.0635622,ok,"Budapest, Oktogon 4, 1067 Hungary","https://www.google.com/maps/place/Budapest,+Oktogon+4,+1067+Hungary/@47.5057012,19.0635622,17z/data=!3m1!4b1!4m6!3m5!1s0x4741dc6ddf73e025:0xcd125bb948a4f575!8m2!3d47.5057012!4d19.0635622!16s%2Fg%2F11p64sxgds?hl=en&entry=ttu&g_ep=EgoyMDI2MDkxMy4wIKXMDSoASAFQAw%3D%3D"
